player_id,league,appearances,matches_started,minutes_played,goals,assists,expected_goals,expected_assists,rating,total_shots,shots_on_target,yellow_cards,red_cards,tackles,interceptions,saves
804508,Premier League,31,24,2011,12,0,10.3733,1.7730045,6.5645161290323,47,18,5,0,6,1,0
934235,Premier League,27,22,2001,6,3,6.9941,5.76195133,7.2148148148148,63,26,1,0,36,14,0
794839,Premier League,12,2,320,2,0,1.8434,0.2477887,6.5416666666667,15,10,2,0,4,2,0
922573,Premier League,27,10,951,1,3,3.7215,1.01272459,6.5925925925926,26,11,2,0,11,1,0
836705,Premier League,8,5,408,1,1,2.5193,0.10897278,6.6375,12,3,0,0,5,0,0
135666,Premier League,28,18,1737,5,5,4.8222,2.7756985,6.8642857142857,44,11,1,0,26,9,0
547410,Premier League,21,14,1168,1,5,1.0108,3.27544593,6.9666666666667,20,7,0,0,17,7,0
856714,Premier League,32,31,2765,4,5,2.9698,6.4660936,7.465625,40,13,2,0,63,32,0
864921,Premier League,28,18,1614,6,2,3.8304,2.50638319,6.9571428571429,50,16,1,0,18,10,0
966547,Premier League,22,14,1007,2,1,1.0238,2.11982881,6.8428571428571,20,7,0,0,21,4,0
592010,Premier League,21,10,1007,4,3,2.9983,1.45131127,6.8619047619048,21,8,1,0,26,10,0
1917626,Premier League,4,0,88,1,0,1.1064,0.15122363,6.875,5,1,0,0,2,0,0
966837,Premier League,33,32,2764,5,1,2.7812,2.19763616,7.0666666666667,26,9,4,0,61,37,0
135256,Premier League,6,0,63,0,0,0.0511,0.00172916,6.6,1,1,0,0,0,0,0
869792,Premier League,27,26,2346,3,4,1.9818,1.74914726,7.3333333333333,21,5,4,0,34,19,0
941168,Premier League,27,26,2255,1,0,0.8575,0.92414381,6.9692307692308,5,1,1,0,32,16,0
1002837,Premier League,22,18,1594,1,2,0.3286,1.35421283,6.8954545454545,2,1,2,0,42,20,0
957602,Premier League,22,18,1455,1,2,2.8955,0.48692635,6.852380952381,28,6,5,0,31,14,0
958959,Premier League,30,28,2457,3,5,4.7029,1.60875528,6.9133333333333,25,7,5,0,66,24,0
1423711,Premier League,15,2,426,0,0,0.1044,0.08800199,6.5692307692308,2,0,3,0,6,3,0
1144630,Premier League,16,7,766,0,0,0.096,0.50875622,6.9,1,0,3,0,26,8,0
846036,Premier League,9,6,512,0,1,0.4567,0.49944491,6.8111111111111,5,1,0,0,15,6,0
581310,Premier League,33,33,2970,0,0,,0.10552733,6.8878787878788,0,0,1,0,1,1,53
839956,Premier League,31,30,2598,23,7,22.3575,2.12613421,7.3193548387097,111,51,2,0,15,5,0
873554,Premier League,17,7,600,1,3,2.1852,0.70657912,6.66,24,7,2,0,12,2,0
859765,Premier League,28,21,1855,7,3,5.7232,4.02498123,6.9928571428571,51,17,4,0,30,8,0
934354,Premier League,31,31,2767,15,4,10.1916,2.4113195,7.0290322580645,74,38,7,0,41,10,0
979128,Premier League,27,16,1477,4,10,2.8112,7.39646391,7.2740740740741,38,10,1,0,24,7,0
827606,Premier League,20,16,1423,1,0,0.8052,2.45729392,7.4210526315789,12,2,2,0,39,13,0
934386,Premier League,24,15,1394,2,4,2.1645,4.8916504,7.3,26,10,0,0,18,10,0
331209,Premier League,32,28,2429,2,4,1.8483,3.47607813,6.834375,20,6,9,0,39,17,0
1046795,Premier League,19,5,606,0,1,1.5342,1.24836662,6.6789473684211,14,9,2,0,6,5,0
893549,Premier League,26,17,1503,5,2,3.7959,2.25920791,6.85,41,15,2,0,10,10,0
136710,Premier League,2,0,21,0,0,,0.02804397,6.75,0,0,0,0,0,0,0
954056,Premier League,22,15,1385,1,0,0.571,0.99972224,6.9772727272727,12,2,6,0,36,21,0
1194333,Premier League,17,11,1069,0,0,0.6055,0.28316172,6.9117647058824,4,1,2,0,22,26,0
964994,Premier League,16,15,1304,2,2,2.3419,0.65621188,7.01875,16,5,2,0,18,13,0
931278,Premier League,14,10,808,0,2,0.4196,1.71404273,6.9166666666667,7,1,2,0,30,13,0
318941,Premier League,25,23,2059,2,0,0.5644,0.62277125,7.2,10,4,3,0,13,22,0
1142703,Premier League,30,25,2288,5,3,4.4637,2.41057651,6.9233333333333,32,11,4,0,66,19,0
877994,Premier League,30,30,2700,3,2,3.9414,2.09577474,7.3166666666667,29,9,6,0,41,44,0
152077,Premier League,7,4,363,0,0,,0.06005487,6.5666666666667,0,0,0,0,0,2,0
149663,Premier League,15,4,504,0,0,0.2759,0.44223924,6.8090909090909,3,0,1,0,8,4,0
945122,Premier League,29,27,2447,1,5,0.3479,2.08642712,6.9586206896552,7,2,4,0,50,27,0
1136731,Premier League,10,3,333,0,1,0.1119,1.31145706,6.7333333333333,2,0,1,0,5,7,0
1168513,Premier League,2,2,135,0,0,0.259,0.0644063,7.1,2,1,0,0,3,4,0
824509,Premier League,29,29,2610,0,0,,0.01807025,7.0137931034483,0,0,6,0,0,1,68
980643,Premier League,3,3,270,0,0,,0.00099632,7.4,0,0,0,0,2,0,11
927083,Premier League,28,27,2303,9,3,8.2602,4.53666454,6.8571428571429,61,30,4,0,23,7,0
971037,Premier League,27,23,1999,2,2,4.7447,3.55701391,6.9296296296296,45,18,2,0,35,15,0
986397,Premier League,28,15,1502,9,1,7.5122,0.24984883,6.7142857142857,57,31,2,0,5,3,0
886363,Premier League,30,26,2246,8,2,6.3194,2.66089789,7.0533333333333,78,32,3,0,35,18,0
917007,Premier League,19,4,558,2,1,2.3854,0.32850089,6.5421052631579,21,7,1,0,8,1,0
288205,Premier League,30,30,2617,8,18,10.4214,9.6441125,7.5466666666667,75,21,4,0,49,15,0
122951,Premier League,31,30,2332,8,2,4.8846,2.99592264,7.1548387096774,45,16,8,1,74,26,0
1142175,Premier League,23,11,1220,0,2,0.2363,0.86389745,6.7772727272727,8,2,1,0,29,10,0
836694,Premier League,19,10,829,3,0,1.4878,1.4076798,6.8352941176471,18,5,1,0,15,3,0
1397168,Premier League,22,14,1349,3,3,1.8222,1.4381283,6.9238095238095,21,8,5,0,47,14,0
843200,Premier League,31,26,2346,1,3,1.6412,2.38647314,6.8677419354839,22,6,5,0,45,25,0
846425,Premier League,22,8,900,0,0,0.7116,0.20449789,6.6909090909091,13,1,1,0,46,20,0
1402726,Premier League,3,0,107,0,0,0.0348,0.03119804,6.5666666666667,1,0,0,0,5,1,0
1465865,Premier League,2,0,23,0,0,0.07,0.00033481,6.6,3,1,0,0,1,0,0
1545190,Premier League,1,0,15,0,0,,0.00757657,6.5,0,0,0,0,0,0,0
1402850,Premier League,1,0,1,0,0,,0.00537702,0,0,0,0,0,0,0,0
847030,Premier League,17,9,813,0,0,0.1883,0.30568352,6.8470588235294,5,0,3,0,22,11,0
859999,Premier League,15,10,967,0,0,0.065,0.56539324,7.0666666666667,4,0,0,1,13,11,0
803031,Premier League,13,13,1170,1,0,1.4559,0.76599626,6.9538461538462,11,3,0,0,19,15,0
149380,Premier League,18,14,1217,1,1,0.8019,0.21427547,6.8,10,2,3,1,12,9,0
1153315,Premier League,29,18,1714,0,0,1.3853,0.63126557,6.6607142857143,9,3,1,0,31,30,0
190839,Premier League,33,33,2806,0,1,0.529,1.53926441,6.6545454545455,6,2,6,0,63,35,0
1445799,Premier League,15,9,758,0,1,0.3454,0.17123911,6.8923076923077,3,0,2,0,18,1,0
825839,Premier League,2,0,24,0,0,,0.0011053,6.5,0,0,0,0,1,0,0
1142182,Premier League,1,0,10,0,0,,,6.6,0,0,0,0,0,0,0
964753,Premier League,27,27,2430,0,0,,0.03656274,6.9518518518519,0,0,0,0,1,0,63
815890,Premier League,6,6,540,0,0,,0.04160964,6.6,0,0,0,0,0,0,13
555386,Premier League,32,29,2472,11,2,11.8268,1.22722578,6.775,67,29,3,0,21,6,0
610766,Premier League,10,1,224,2,0,1.7569,0.36209894,6.63,8,3,0,0,4,0,0
851100,Premier League,20,8,781,0,2,0.5778,1.88669528,6.68,10,3,0,0,6,2,0
955245,Premier League,5,1,117,0,0,0.291,0.09142751,6.52,5,0,0,0,0,0,0
948261,Premier League,33,33,2925,9,5,6.4157,3.99040179,6.8848484848485,76,31,6,0,34,13,0
867887,Premier League,17,11,836,1,0,0.4908,1.39283125,6.8529411764706,10,4,2,0,21,12,0
331737,Premier League,20,17,1502,0,4,1.0135,2.9169333,7.175,18,4,0,0,46,14,0
808590,Premier League,9,2,336,0,1,0.3028,1.20996422,6.6,6,1,1,0,7,1,0
783126,Premier League,31,18,1507,5,2,3.1576,1.99607716,6.8193548387097,43,10,6,0,38,9,0
923973,Premier League,24,21,1759,2,0,1.7146,0.70305997,7.05,19,7,3,0,47,25,0
250223,Premier League,26,25,1905,4,3,2.6781,3.22034916,6.8961538461538,22,9,4,0,27,12,0
826204,Premier League,18,17,1418,1,3,0.4904,0.86047139,7.1222222222222,7,4,5,0,37,18,0
98435,Premier League,16,4,553,2,0,0.74,1.19871303,6.98125,13,6,0,0,10,2,0
1631879,Premier League,3,0,56,0,0,0.0455,0.04564256,6.6,1,0,0,0,0,1,0
1089388,Premier League,24,8,857,0,0,,0.19126478,6.5913043478261,0,0,5,0,20,3,0
833956,Premier League,30,30,2625,3,2,1.1709,2.72844396,6.8966666666667,29,10,8,0,53,20,0
143334,Premier League,13,7,703,0,1,0.2792,0.07813022,6.6923076923077,3,0,0,0,5,4,0
976263,Premier League,26,14,1347,0,1,1.2366,2.25623088,6.636,18,5,2,0,36,14,0
96538,Premier League,28,19,1670,0,5,0.6571,3.07647693,6.7642857142857,12,5,3,0,33,13,0
864169,Premier League,18,16,1479,0,0,0.5686,0.35382028,6.85,7,0,0,0,20,11,0
827679,Premier League,31,31,2766,0,0,1.2515,0.55613231,6.9903225806452,11,2,0,1,21,23,0
303638,Premier League,14,12,1053,0,0,1.1579,0.3993782,6.7,8,1,0,0,4,9,0
1457536,Premier League,5,0,60,0,0,,0.01416046,6.45,0,0,0,0,1,0,0
158263,Premier League,28,28,2475,0,0,,0.09371495,6.9392857142857,0,0,2,0,0,0,80
100390,Premier League,6,5,495,0,0,,0.00277412,6.5,0,0,2,0,0,0,17
823941,Premier League,12,7,612,2,1,2.2189,0.09192462,6.525,16,5,0,0,6,0,0
1048422,Premier League,28,21,1810,11,4,9.87,2.67287125,6.9214285714286,65,19,0,0,11,3,0
845386,Premier League,23,1,354,2,1,1.4086,0.60506798,6.6,16,4,3,0,8,4,0
1881902,Premier League,15,2,337,2,0,1.0244,1.76584775,7.0266666666667,10,6,0,0,2,1,0
159665,Premier League,24,21,1999,7,6,7.8155,4.7645823,6.8916666666667,63,17,1,0,16,4,0
1019322,Premier League,29,25,2167,4,3,6.1603,4.89570707,6.8827586206897,44,16,1,0,31,10,0
869856,Premier League,31,31,2783,5,4,3.9879,5.4296582,7.1935483870968,61,19,7,1,48,27,0
895324,Premier League,32,26,2225,2,2,3.3746,1.35190832,6.721875,45,11,5,0,43,19,0
862967,Premier League,31,27,2333,6,5,7.1843,4.59659478,6.9548387096774,78,19,2,0,27,10,0
904897,Premier League,31,30,2656,4,3,1.6613,2.08579707,7.0903225806452,32,9,5,0,53,42,0
143040,Premier League,8,1,206,0,1,0.0386,0.05474669,6.7,1,0,1,0,7,0,0
927353,Premier League,29,13,1503,0,1,2.048,2.59281672,6.8275862068966,20,6,1,0,31,12,0
1445945,Premier League,5,0,29,0,0,0.3697,0.01412509,6.4,1,0,0,0,0,0,0
151545,Premier League,33,33,2970,4,0,3.0165,1.12625718,7.2787878787879,24,11,4,0,22,21,0
970361,Premier League,17,10,856,0,1,0.4308,1.43260806,6.7882352941176,8,1,1,0,9,6,0
826215,Premier League,31,31,2667,1,0,1.0717,0.92112502,7.0935483870968,10,3,6,0,50,27,0
1097425,Premier League,29,25,2061,2,1,1.5586,0.65932665,6.6172413793103,8,2,4,0,40,13,0
262911,Premier League,21,8,959,0,0,0.7008,1.04588211,6.665,8,2,0,0,12,7,0
1008402,Premier League,15,12,932,0,1,0.241,0.93808918,6.6333333333333,6,0,5,0,19,13,0
318927,Premier League,17,6,542,0,2,0.2268,0.63120563,6.5333333333333,3,1,2,0,8,9,0
243609,Premier League,25,25,2250,0,0,,0.03653137,6.808,0,0,1,0,0,0,56
930997,Premier League,8,8,688,0,0,,0.01036234,6.625,0,0,0,0,0,0,27
284417,Premier League,1,0,32,0,0,,1.676e-05,6.7,0,0,0,0,0,1,1
1135873,Premier League,22,14,1229,1,4,3.2722,3.65776867,6.8181818181818,31,7,2,0,14,4,0
975079,Premier League,32,28,2404,14,5,13.7226,1.9204388,7.09375,66,27,4,0,25,5,0
1414933,Premier League,9,1,258,0,1,1.4653,0.29707022,6.2888888888889,12,2,1,0,0,0,0
997087,Premier League,24,10,914,1,0,4.2146,0.2049245,6.5125,33,11,2,0,4,1,0
982780,Premier League,22,20,1606,9,1,9.2085,2.13757393,7.0681818181818,53,20,4,0,21,13,0
1597265,Premier League,22,12,852,2,2,2.9248,2.1989491,6.7571428571429,28,8,4,0,11,4,0
974505,Premier League,31,30,2671,8,3,10.7896,6.1916952,7.1387096774194,63,28,8,0,49,20,0
987650,Premier League,28,27,2357,3,1,1.3705,2.06267659,7.1785714285714,25,7,9,1,79,53,0
879349,Premier League,31,27,2399,5,4,4.5259,6.6670437,6.9766666666667,44,12,2,1,16,6,0
1105779,Premier League,24,11,1095,0,0,1.754,0.83031243,6.7958333333333,9,1,4,0,29,19,0
1140599,Premier League,16,5,495,0,2,0.8183,0.9303351,6.6466666666667,10,2,0,0,8,2,0
1069488,Premier League,10,2,246,0,0,0.137,0.44058217,6.7222222222222,1,0,0,0,5,5,0
1110006,Premier League,1,0,8,0,0,,0.00132353,7.1,0,0,1,0,3,0,0
885908,Premier League,27,20,1896,2,4,1.0148,3.13504645,7.2,21,6,4,0,47,32,0
794939,Premier League,29,26,2260,1,3,2.2644,3.04826857,6.7137931034483,18,5,6,1,47,29,0
1154657,Premier League,2,1,98,0,0,0.4359,0.00197374,6.15,1,0,0,0,1,1,0
996958,Premier League,30,22,1913,2,3,1.4572,2.07549989,6.6833333333333,11,5,2,1,49,24,0
1153079,Premier League,18,8,837,0,0,0.3071,0.5345151,6.5222222222222,4,0,5,0,26,11,0
923894,Premier League,21,16,1448,0,1,0.7214,0.60325864,6.947619047619,8,1,4,1,19,29,0
826134,Premier League,30,29,2561,3,0,1.2914,1.03219388,6.9833333333333,14,5,3,1,35,34,0
1403050,Premier League,14,7,607,1,0,0.6039,0.13770223,6.5857142857143,3,2,1,0,10,10,0
904827,Premier League,8,6,471,0,0,,0.06794814,6.6625,0,0,2,0,7,10,0
352668,Premier League,15,7,751,0,0,0.1073,0.3998622,6.9571428571429,2,0,2,0,15,9,0
920546,Premier League,31,31,2705,0,1,,0.06415776,6.9451612903226,0,0,3,1,2,1,86
962053,Premier League,3,2,264,0,0,,0.00168234,6.9333333333333,0,0,0,0,0,1,6
1016907,Premier League,33,32,2834,21,1,19.1002,1.77335729,7.0060606060606,76,39,6,0,32,11,0
991604,Premier League,6,1,128,1,0,0.6992,0.03116271,6.66,2,1,0,0,3,0,0
1586020,Premier League,4,0,38,0,0,0.0958,0.01732758,6.6,3,1,0,0,0,0,0
1106451,Premier League,27,21,1898,5,3,5.684,3.73862508,6.837037037037,41,16,4,0,18,23,0
42694,Premier League,29,21,1831,1,3,0.3319,2.39206751,6.8206896551724,6,1,4,0,26,17,0
826139,Premier League,8,0,123,0,0,0.7111,0.09427809,6.5875,5,1,0,0,3,0,0
907072,Premier League,28,20,1723,3,4,2.0361,4.17214238,6.9571428571429,23,9,0,0,50,19,0
1006387,Premier League,30,28,2397,7,3,11.0558,2.05964632,6.8266666666667,51,22,6,1,36,18,0
1031258,Premier League,33,26,2327,1,2,1.176,1.27361293,6.6878787878788,15,4,7,0,58,25,0
1126692,Premier League,1,1,45,0,0,,0.0116086,6.7,0,0,0,0,3,0,0
814873,Premier League,22,13,1267,1,4,0.9081,1.87983045,6.9863636363636,12,3,7,0,24,29,0
799251,Premier League,31,21,1861,2,1,2.1246,4.72355433,6.9516129032258,24,7,3,0,33,14,0
1137431,Premier League,32,32,2814,1,1,0.7197,2.65038293,6.90625,8,2,6,0,60,34,0
924378,Premier League,28,27,2483,0,1,2.6323,0.9292036,6.8107142857143,20,6,1,0,16,26,0
958916,Premier League,30,27,2522,1,2,2.1754,1.22025246,6.78,19,6,5,0,25,30,0
855864,Premier League,4,4,321,0,0,0.0106,0.06031063,6.725,1,1,1,0,5,5,0
576384,Premier League,24,18,1638,0,1,0.7805,0.71224566,6.6375,10,3,3,0,35,15,0
972421,Premier League,31,17,1542,3,2,2.6134,2.08607384,6.6967741935484,24,7,1,0,19,8,0
966869,Premier League,18,7,617,0,0,0.4147,0.13420014,6.5588235294118,5,1,1,0,12,7,0
599128,Premier League,25,14,1334,0,1,0.1792,0.54618954,6.4333333333333,5,0,2,0,15,8,0
827362,Premier League,32,32,2880,0,0,,0.24706754,6.9875,0,0,1,0,1,1,86
1005959,Premier League,1,1,90,0,0,,0.00111148,6.2,0,0,0,0,0,0,1
991478,Premier League,27,10,1050,3,1,2.5398,1.58659656,6.7846153846154,19,9,2,0,34,6,0
1426228,Premier League,28,16,1319,10,0,6.707,1.02595103,6.7592592592593,38,17,4,0,8,8,0
998490,Premier League,31,27,2384,6,1,9.3241,1.20674555,6.6129032258065,61,22,1,0,10,4,0
336655,Premier League,19,0,213,1,0,1.8547,0.06175353,6.4466666666667,12,2,1,0,1,0,0
1464966,Premier League,10,9,774,2,2,1.3282,1.5387004,6.98,16,4,1,0,8,4,0
851596,Premier League,18,10,920,2,0,2.2492,1.52075206,6.5777777777778,16,4,4,0,10,4,0
1154861,Premier League,6,0,79,0,1,0.0863,0.08971644,6.4833333333333,1,0,0,0,5,1,0
1476524,Premier League,6,1,119,0,0,0.0565,0.24892578,6.4833333333333,1,0,1,0,1,2,0
1104986,Premier League,33,30,2500,3,1,3.7042,2.39176875,7.05625,41,11,4,0,53,32,0
800419,Premier League,20,18,1465,2,1,0.5822,0.37893605,6.8263157894737,9,6,7,0,42,28,0
895576,Premier League,29,26,2305,6,4,8.374,3.74592292,6.7344827586207,62,20,5,0,35,15,0
855731,Premier League,27,12,1109,1,2,4.9385,3.07470363,6.6740740740741,43,12,7,0,17,3,0
322391,Premier League,23,7,851,2,0,1.6509,0.72598338,6.7565217391304,22,6,3,0,24,11,0
548188,Premier League,16,8,892,0,1,0.077,0.53525895,6.88,3,0,1,1,25,24,0
830659,Premier League,32,32,2840,0,4,1.3903,4.22077769,7.1875,16,5,8,0,56,49,0
1201520,Premier League,3,0,34,0,0,,0.00502714,6.3,0,0,0,0,1,0,0
1184308,Premier League,29,24,2150,1,0,1.1061,1.44211025,6.8,20,4,9,0,63,25,0
1406130,Premier League,7,4,375,0,0,0.1513,0.19614632,6.8,1,0,0,0,5,4,0
962408,Premier League,18,15,1286,0,0,0.0185,0.18310612,6.6294117647059,1,0,1,0,20,12,0
999028,Premier League,33,33,2930,1,3,0.9317,2.4621204,6.7090909090909,13,3,4,0,87,44,0
1156586,Premier League,24,17,1670,0,3,0.6902,1.09000542,7.0130434782609,10,2,3,0,31,31,0
44566,Premier League,19,11,827,0,1,,0.22420607,6.44375,0,0,3,0,12,6,0
882604,Premier League,33,33,2970,0,0,,0.02054231,6.869696969697,0,0,3,0,0,0,98
33902,Premier League,32,22,1976,12,0,11.6308,1.32390458,6.68125,49,24,5,0,20,9,0
1416535,Premier League,17,2,327,2,1,1.8233,0.28872902,6.66875,16,6,2,0,11,1,0
1155321,Premier League,9,1,164,1,1,0.4624,0.11832743,6.6222222222222,4,1,0,0,3,0,0
1899611,Premier League,1,0,1,0,0,,,0,0,0,0,0,0,0,0
1199043,Premier League,26,19,1318,0,0,0.5347,0.30979455,6.552,15,1,5,0,28,25,0
936849,Premier League,22,16,1491,3,1,3.3801,2.659567,6.8090909090909,25,12,3,0,16,9,0
1065588,Premier League,30,25,2052,5,1,5.3698,1.68692749,6.7766666666667,36,14,9,0,77,16,0
1400106,Premier League,29,22,2007,2,4,3.2435,4.49904543,6.8620689655172,37,10,2,0,46,15,0
891829,Premier League,5,2,202,1,0,1.2045,0.17180038,6.725,4,2,0,0,5,0,0
48480,Premier League,14,13,1186,1,3,0.8316,2.77345149,7.1214285714286,11,4,2,0,23,10,0
946695,Premier League,27,19,1656,3,2,2.4752,2.23354776,6.6592592592593,37,13,2,0,29,10,0
791,Premier League,19,6,743,1,1,1.0195,0.62365316,6.7111111111111,8,2,2,0,14,6,0
1036269,Premier League,26,20,1911,3,3,2.7096,1.13895091,6.8192307692308,41,10,1,0,47,24,0
1142315,Premier League,22,15,1329,1,3,2.682,1.91495349,6.5809523809524,26,8,0,0,16,5,0
301288,Premier League,1,0,11,0,0,,,6.7,0,0,0,0,0,0,0
825844,Premier League,32,29,2684,0,0,1.7053,2.46215884,6.796875,23,9,6,0,54,21,0
997152,Premier League,25,14,1198,2,0,1.7056,2.19868299,6.75,11,6,2,0,19,10,0
962012,Premier League,31,31,2761,3,3,2.2272,1.3860417,7.3,20,9,8,0,48,37,0
959628,Premier League,23,20,1761,2,3,1.9257,1.83800152,6.7695652173913,18,6,8,0,64,25,0
115365,Premier League,29,28,2565,0,0,1.1728,0.5215836,6.951724137931,19,2,10,0,33,29,0
842513,Premier League,4,1,122,0,0,,0.00160173,6.3666666666667,0,0,0,0,0,1,0
219572,Premier League,20,8,868,1,0,0.952,0.13175198,6.8111111111111,3,1,4,0,29,17,0
788784,Premier League,10,7,639,0,1,0.0382,0.36450854,6.99,1,0,2,0,12,15,0
994363,Premier League,33,33,2970,0,0,,0.10216995,7.1060606060606,0,0,3,0,1,0,95
1403061,Premier League,11,1,290,0,0,0.5269,0.16462888,6.48,7,4,2,0,5,1,0
1395746,Premier League,33,19,1695,6,0,6.1423,0.41707531,6.4818181818182,32,10,3,0,3,5,0
987489,Premier League,33,14,1388,8,1,8.2115,0.21632514,6.6125,38,16,2,0,15,1,0
914309,Premier League,27,27,2336,6,3,5.2143,4.26264475,6.9333333333333,33,18,2,0,64,13,0
189061,Premier League,20,18,1631,2,6,2.1457,3.56887946,7.23,26,8,3,1,21,12,0
106337,Premier League,24,24,2015,2,3,1.61,1.64777426,6.825,28,7,1,1,43,28,0
861970,Premier League,26,25,2193,7,4,3.6843,4.7497446,7.2307692307692,32,13,6,0,45,9,0
1017392,Premier League,16,6,696,0,1,1.1118,0.44115557,6.48,18,5,3,0,13,3,0
927361,Premier League,33,33,2964,2,6,1.9303,4.8936355,7.2545454545455,42,12,9,0,104,53,0
1174472,Premier League,14,4,371,0,0,0.1993,0.15515412,6.5615384615385,4,0,2,0,7,6,0
935543,Premier League,20,13,1114,0,1,1.361,0.9717853,6.62,23,5,1,0,20,9,0
1085950,Premier League,24,13,1144,0,2,0.4691,0.60956299,6.7727272727273,9,1,8,0,53,19,0
1064082,Premier League,12,2,375,0,0,0.6411,0.17880975,6.5090909090909,7,0,0,0,18,2,0
1627560,Premier League,11,6,508,0,0,0.7874,0.20377204,6.64,5,2,0,0,13,4,0
876643,Premier League,28,28,2510,0,1,0.2937,2.3293905,6.7535714285714,9,2,5,0,43,28,0
979563,Premier League,10,7,689,1,0,0.3516,0.11597741,7.01,6,2,1,0,13,11,0
145188,Premier League,32,32,2880,1,1,2.429,1.28253294,7.153125,16,8,5,0,40,28,0
998253,Premier League,32,30,2736,0,1,0.9704,0.90273436,6.759375,10,4,2,1,50,13,0
110846,Premier League,28,24,2169,3,0,1.945,0.22329042,6.9444444444444,21,6,0,1,30,34,0
76632,Premier League,3,1,12,0,0,,0.00033369,6.7,0,0,0,0,0,0,0
1020141,Premier League,6,3,265,0,0,0.029,0.04110705,6.8833333333333,1,1,0,0,10,2,0
138530,Premier League,33,33,2970,0,0,,0.18137431,7.0333333333333,0,0,4,0,2,0,91
218160,Premier League,12,9,638,1,0,0.5182,0.24192858,6.7454545454545,13,6,1,0,11,2,0
877980,Premier League,28,11,1088,5,0,4.3978,0.18960124,6.616,39,15,1,0,9,0,0
910048,Premier League,26,17,1554,6,1,4.5735,0.4787102,6.5961538461538,27,14,5,0,7,0,0
1168588,Premier League,19,8,769,2,0,2.145,0.21361966,6.5176470588235,13,6,0,0,5,1,0
1094440,Premier League,14,2,412,0,0,0.8612,0.4741025,6.5,7,2,1,0,5,1,0
1171539,Premier League,28,28,2475,0,1,0.8917,1.06917672,6.7857142857143,14,4,8,0,45,31,0
117777,Premier League,29,27,2453,1,5,0.8551,2.48304823,7.2344827586207,17,5,5,0,43,25,0
1142675,Premier League,25,14,1362,4,1,1.9986,0.98057385,6.632,22,9,0,0,9,2,0
1128532,Premier League,16,14,1282,2,1,2.9763,0.60389475,6.725,21,8,4,0,13,4,0
1116571,Premier League,5,3,264,0,0,0.4981,0.07700177,6.48,3,2,0,0,7,2,0
984014,Premier League,31,28,2495,4,5,4.6067,4.1755928,6.8387096774194,26,8,5,0,73,26,0
1394089,Premier League,15,10,714,1,0,0.731,1.0759103,6.6769230769231,11,2,1,0,13,3,0
2138729,Premier League,1,1,39,0,0,,0.0411772,6.7,0,0,0,0,1,0,0
831424,Premier League,20,19,1582,0,1,0.1459,0.57904832,6.6578947368421,4,0,7,1,31,25,0
780014,Premier League,27,27,2337,2,4,1.2643,1.93192833,6.9851851851852,20,3,5,0,62,34,0
805137,Premier League,29,28,2509,1,1,1.3976,0.88123831,6.8724137931034,19,8,6,0,29,30,0
958878,Premier League,27,22,2034,2,0,2.3805,0.60374765,6.9814814814815,25,9,4,0,32,19,0
856739,Premier League,25,14,1432,0,0,0.8655,0.73477277,6.804,8,2,1,0,34,16,0
989034,Premier League,33,29,2618,1,1,1.9712,1.60448263,6.7636363636364,29,6,9,0,61,22,0
1014987,Premier League,7,3,311,0,0,0.075,0.02549436,6.65,1,0,1,0,8,5,0
365812,Premier League,10,4,434,0,0,0.0209,0.12651656,6.57,1,0,1,1,4,5,0
1012928,Premier League,30,30,2700,0,0,,0.13809858,7.0433333333333,0,0,3,0,0,0,95
1099795,Premier League,3,3,270,0,0,,0.01864659,7,0,0,0,0,0,0,10
822470,Premier League,19,7,862,3,4,2.0057,3.13512143,6.9263157894737,23,6,0,0,6,6,0
192442,Premier League,32,25,2026,9,3,11.1094,0.90505462,6.721875,67,18,5,0,32,8,0
1015256,Premier League,16,7,727,1,1,2.2063,0.12196334,6.56875,24,4,1,0,4,2,0
1503757,Premier League,5,0,54,0,0,,0.01080785,6.45,0,0,1,0,0,0,0
1065216,Premier League,18,9,831,0,1,1.1687,1.57495284,6.7666666666667,9,2,1,0,16,7,0
352770,Premier League,27,27,2277,4,3,1.4247,4.4114727,7.0555555555556,31,12,3,0,26,13,0
867445,Premier League,32,17,1593,3,0,4.4845,1.04117333,6.665625,30,9,1,0,25,21,0
1112879,Premier League,23,8,904,1,1,1.114,1.40882206,6.7782608695652,22,9,1,0,19,9,0
355528,Premier League,31,29,2446,10,6,5.4349,4.43934137,7.1870967741935,70,24,6,0,25,14,0
793167,Premier League,32,31,2686,0,1,1.3169,1.32094182,6.85625,11,3,5,0,54,22,0
371222,Premier League,22,16,1374,1,2,1.9279,1.66309034,6.6454545454545,14,3,7,0,40,13,0
1546231,Premier League,27,15,1215,1,2,2.3101,0.5189767,6.5814814814815,24,10,3,0,24,3,0
82566,Premier League,21,5,673,1,0,0.9395,0.61389169,6.7571428571429,12,1,3,0,5,2,0
365802,Premier League,6,0,62,1,0,0.1259,0.37053992,6.8666666666667,2,1,0,0,0,0,0
861972,Premier League,25,23,2094,1,0,1.7156,0.29928702,6.768,13,2,5,0,51,17,0
825719,Premier League,10,6,606,0,0,0.0194,0.03717088,6.5333333333333,1,0,2,0,6,4,0
803174,Premier League,17,13,1123,0,0,0.217,1.3259128,6.8117647058824,2,0,3,0,36,19,0
362682,Premier League,30,30,2652,0,1,1.4316,1.7984062,7.04,15,4,7,0,38,30,0
329417,Premier League,25,15,1429,0,0,1.1315,0.79930536,6.6434782608696,10,5,3,0,29,26,0
836698,Premier League,26,19,1741,2,1,1.3426,1.80428292,6.54,15,3,0,0,45,22,0
190877,Premier League,22,21,1802,1,0,0.9581,1.42077464,6.9136363636364,16,3,2,0,65,27,0
868715,Premier League,14,11,952,0,0,0.0501,0.55975008,6.8923076923077,1,0,5,0,16,15,0
103335,Premier League,33,33,2970,0,0,,0.02347142,6.9030303030303,0,0,3,0,4,1,84
845286,Premier League,21,20,1756,7,1,8.032,0.73597471,6.8904761904762,35,14,2,0,18,8,0
1085180,Premier League,28,14,1325,2,1,1.8356,0.91935419,6.6178571428571,17,5,5,0,20,3,0
848276,Premier League,25,23,1969,10,0,13.1598,1.24727751,6.78,57,28,2,0,9,6,0
876599,Premier League,29,21,1939,4,1,4.1776,0.68989093,6.4137931034483,33,12,4,0,8,4,0
858194,Premier League,12,2,416,2,0,1.77,0.47610932,6.625,15,6,2,0,8,2,0
984624,Premier League,28,22,1815,2,1,4.0968,5.43804157,6.8785714285714,40,11,4,0,32,8,0
930245,Premier League,19,9,896,1,2,1.5599,0.92200842,6.5473684210526,11,6,0,0,24,5,0
1884145,Premier League,14,0,193,0,0,0.492,0.02545913,6.4615384615385,6,2,0,0,1,0,0
870360,Premier League,22,22,1871,3,2,2.2518,3.40218195,6.95,22,10,5,0,57,23,0
794338,Premier League,21,17,1502,0,0,1.3912,2.07990528,6.8285714285714,16,4,2,0,49,9,0
1109771,Premier League,28,26,2200,0,5,1.336,5.941441,7.0464285714286,26,4,4,1,60,23,0
355796,Premier League,25,14,1344,0,2,1.6687,0.97641133,6.7708333333333,15,6,6,0,20,17,0
357584,Premier League,6,0,54,0,0,,0.05930885,6.4,0,0,0,0,3,1,0
988275,Premier League,31,31,2758,1,2,1.0925,2.16799829,6.7935483870968,13,5,5,0,84,28,0
193554,Premier League,28,16,1368,0,0,1.0906,1.6762234,6.7740740740741,17,0,7,0,25,14,0
1084311,Premier League,18,5,638,1,0,2.6207,0.35114287,6.4705882352941,13,4,0,0,16,0,0
1185603,Premier League,1,0,9,0,0,,0.00026374,6.4,0,0,0,0,0,0,0
1064218,Premier League,6,3,314,0,1,0.1062,0.05554364,6.65,2,1,2,0,4,1,0
879674,Premier League,29,29,2576,1,2,2.0649,0.815341,6.8827586206897,20,4,3,1,52,38,0
931844,Premier League,27,27,2423,1,0,1.13,1.25676565,6.9888888888889,10,1,3,0,51,41,0
1471671,Premier League,14,8,807,0,0,1.1571,0.27557628,6.9230769230769,4,0,2,0,25,7,0
43215,Premier League,8,6,506,0,1,0.4306,0.67362709,6.6125,3,0,1,0,14,5,0
788134,Premier League,30,30,2700,0,0,,0.1188546,7.0333333333333,0,0,3,0,0,2,88
249859,Premier League,1,1,90,0,0,,0.00123253,7.1,0,0,0,0,0,0,3
805123,Premier League,14,4,437,1,0,1.9403,0.54783702,6.4461538461538,11,5,1,0,3,0,0
980623,Premier League,29,21,1711,7,3,6.3939,0.86234398,6.6413793103448,31,12,0,0,22,4,0
914902,Premier League,26,24,1817,6,2,8.8261,3.3672756,7.052,48,20,3,1,19,3,0
979232,Premier League,29,14,1289,0,1,1.4632,1.7271904,6.6035714285714,16,4,0,0,14,3,0
1122603,Premier League,19,3,507,4,0,2.0242,0.09248209,6.6823529411765,12,7,0,0,3,1,0
855647,Premier League,32,18,1766,5,0,6.3301,2.27894298,6.7290322580645,52,18,1,0,13,3,0
372336,Premier League,28,15,1372,3,1,3.1233,2.50735464,6.7464285714286,40,12,2,0,14,3,0
866469,Premier League,24,22,2046,9,4,4.9964,3.8368604,7.4666666666667,33,18,5,0,52,12,0
892673,Premier League,31,27,2220,0,2,1.622,2.49631143,6.9275862068966,30,7,3,0,31,28,0
560128,Premier League,25,21,1773,2,1,2.1269,1.15562194,6.796,28,10,10,0,37,28,0
975937,Premier League,23,12,1165,2,1,1.1009,0.95595506,6.6347826086957,14,4,3,1,27,8,0
1400650,Premier League,21,13,1314,1,4,1.3393,2.0488382,6.9263157894737,12,4,0,0,27,18,0
888550,Premier League,20,7,730,0,1,0.8135,0.65567221,6.5315789473684,10,3,3,0,18,6,0
69256,Premier League,19,17,1506,0,1,0.0823,1.95296189,6.7,2,0,3,0,24,10,0
1014286,Premier League,30,28,2514,4,0,3.9049,0.91799878,7.04,27,13,4,0,35,27,0
980634,Premier League,17,14,1328,0,1,0.1356,0.94776038,6.7764705882353,3,0,1,0,22,6,0
1136730,Premier League,26,21,1887,1,1,0.8503,2.51979691,6.86,22,5,3,0,49,25,0
99090,Premier League,24,21,1840,0,2,0.7808,0.35804263,6.5333333333333,6,1,7,1,31,17,0
910046,Premier League,20,16,1388,1,1,1.4933,0.45886344,6.9055555555556,12,4,2,0,14,12,0
101882,Premier League,16,11,1091,0,0,0.9829,0.61340373,7.1,17,4,1,0,14,18,0
150396,Premier League,1,1,45,0,0,,0.00428481,5.8,0,0,0,0,0,0,0
1125214,Premier League,1,0,1,0,0,,1.387e-05,0,0,0,0,0,0,0,0
839410,Premier League,12,11,1003,0,0,,0.0176719,6.6666666666667,0,0,2,0,0,0,25
162653,Premier League,22,22,1967,0,0,0.162,0.01719896,6.8863636363636,1,1,1,0,1,0,67
865523,Premier League,26,17,1444,7,1,4.7422,1.18483865,6.95,31,14,3,0,21,11,0
372344,Premier League,30,25,2298,11,1,13.99,1.01422222,6.6866666666667,67,30,1,0,10,2,0
998951,Premier League,18,4,430,0,1,0.2751,0.57152863,6.6470588235294,8,0,3,0,14,3,0
803185,Premier League,26,9,894,6,1,6.295,0.90753134,6.6434782608696,23,14,0,0,8,3,0
850823,Premier League,13,2,277,0,0,0.865,0.12653365,6.4307692307692,11,2,0,0,1,1,0
1117025,Premier League,3,1,74,0,0,0.0401,0.10055615,6.4,1,0,1,0,1,1,0
871886,Premier League,23,9,938,2,0,1.4625,1.35677238,6.7380952380952,14,4,1,0,19,15,0
828639,Premier League,15,4,422,0,0,0.7045,0.59946703,6.62,10,2,0,0,5,1,0
911679,Premier League,23,15,1334,0,3,0.4662,0.88321918,6.7090909090909,7,1,3,0,24,15,0
847097,Premier League,30,30,2673,1,1,2.4092,2.12656818,7.1333333333333,24,6,8,0,71,43,0
973431,Premier League,32,26,2159,4,5,4.2381,3.04612654,6.728125,42,15,2,0,46,12,0
889861,Premier League,26,25,2142,4,3,2.5477,4.32518977,7.1269230769231,48,13,3,0,57,19,0
866191,Premier League,19,10,970,1,2,0.8523,1.64925772,6.83125,13,2,2,0,37,10,0
886930,Premier League,20,16,1509,1,1,0.8808,0.66258124,6.84,15,6,3,0,24,23,0
836675,Premier League,30,29,2611,0,1,2.9308,0.75040421,6.8266666666667,29,5,4,0,33,28,0
834308,Premier League,31,30,2552,0,0,1.1039,2.30652502,6.6,18,3,4,1,63,26,0
827681,Premier League,24,16,1466,2,1,1.4495,1.06605359,6.9347826086957,20,5,4,0,38,23,0
828640,Premier League,30,29,2548,2,0,1.2123,0.4092226,6.7310344827586,15,4,1,0,32,27,0
929132,Premier League,31,29,2597,1,1,2.0788,2.62224154,6.5774193548387,17,4,6,0,57,32,0
826167,Premier League,9,4,315,0,0,,0.0128804,6.7,0,0,1,0,6,4,0
254713,Premier League,1,0,8,0,0,,1.15e-06,6.2,0,0,0,0,0,0,0
871290,Premier League,16,16,1440,0,0,,0.02700163,6.5875,0,0,2,0,0,0,38
123689,Premier League,17,17,1530,0,0,,0.0621918,6.9764705882353,0,0,1,0,0,0,43
981619,Premier League,32,23,1951,4,3,5.1855,1.17162486,6.55625,59,14,0,0,21,3,0
50480,Premier League,10,8,645,2,0,3.0883,0.14199119,6.52,18,6,0,0,1,0,0
962364,Premier League,3,1,120,1,0,0.7157,0.0123707,6.7333333333333,3,1,0,0,0,1,0
359664,Premier League,12,1,281,2,0,1.9679,0.38721443,6.5,10,5,1,0,1,1,0
1003334,Premier League,10,1,189,0,0,0.0151,0.16989837,6.5,1,0,1,0,4,1,0
843754,Premier League,25,23,1950,2,2,1.1464,1.73386114,6.9875,16,5,5,0,57,20,0
867442,Premier League,30,21,1849,3,4,2.803,2.98434479,6.8733333333333,30,10,0,0,14,8,0
994546,Premier League,33,33,2954,2,2,2.5331,3.67118219,7.2727272727273,38,8,6,0,94,35,0
865912,Premier League,33,32,2819,12,2,9.3795,2.19394961,6.8333333333333,73,27,1,0,18,11,0
944327,Premier League,24,14,1176,1,1,1.0617,1.53736363,6.6409090909091,15,4,1,0,23,10,0
1090963,Premier League,26,14,1443,1,4,1.7869,3.17755482,6.732,23,10,1,0,19,9,0
871765,Premier League,22,14,963,1,1,1.1544,0.62486851,6.825,16,5,2,0,44,4,0
963298,Premier League,11,4,388,0,1,0.5119,0.72578211,6.42,8,3,1,0,3,0,0
846252,Premier League,18,1,446,0,2,0.2239,0.24313268,6.6764705882353,5,1,1,0,11,6,0
1199282,Premier League,25,25,2133,1,0,0.7396,0.48197547,6.968,11,4,5,0,35,34,0
836168,Premier League,33,33,2970,0,0,0.8229,0.4969035,6.7818181818182,15,1,6,0,25,28,0
800417,Premier League,17,17,1500,0,0,0.3559,0.81984971,6.8588235294118,11,1,3,0,27,25,0
927356,Premier League,32,32,2800,2,3,1.8402,3.78168703,6.94375,41,18,5,1,84,37,0
1170722,Premier League,4,2,262,0,0,0.1555,0.00793365,6.55,2,0,0,0,4,3,0
1010220,Premier League,14,11,1026,2,0,1.3398,0.43882839,6.6,5,3,2,0,20,4,0
985086,Premier League,16,10,966,0,0,0.8298,0.08572214,6.9285714285714,4,1,4,0,24,8,0
979144,Premier League,2,0,48,0,0,,0.35721265,6.75,0,0,0,0,0,0,0
1390490,Premier League,2,1,121,0,0,,0.00937177,6.35,0,0,0,0,2,1,0
125274,Premier League,3,3,270,0,0,,0.01525297,7.1,0,0,0,0,0,0,8
840103,Premier League,5,5,438,0,0,,0.00893422,6.28,0,0,1,0,0,0,6
78152,Premier League,26,25,2217,0,0,,0.08979415,6.7576923076923,0,0,2,0,1,0,74
227946,Premier League,1,0,45,0,0,,0.00136763,6.5,0,0,0,0,0,0,0
286165,Premier League,23,1,434,0,0,0.6937,0.57012317,6.51,7,1,1,0,1,0,0
877013,Premier League,12,12,948,4,0,3.3925,0.61017199,6.725,27,11,3,0,6,1,0
113956,Premier League,26,10,1061,5,1,6.5493,0.38490815,6.6192307692308,32,12,0,0,3,3,0
1101174,Premier League,8,6,485,0,1,0.6433,0.36564655,6.45,7,1,0,0,16,4,0
552884,Premier League,32,32,2868,8,8,6.5482,4.16224177,7.0125,70,24,5,0,43,23,0
917005,Premier League,25,23,1942,5,1,4.6821,2.02271853,6.976,46,15,4,0,33,13,0
1142562,Premier League,30,29,2484,3,3,1.249,2.46719034,7.16,22,5,7,0,82,30,0
799041,Premier League,29,18,1702,4,0,4.4179,0.40703061,6.6586206896552,19,11,2,1,30,15,0
1170560,Premier League,21,11,987,1,0,0.442,0.30954036,6.7380952380952,7,2,4,0,40,16,0
1523623,Premier League,8,0,70,0,0,0.0943,0.04233756,6.6333333333333,2,0,1,0,4,0,0
1089582,Premier League,21,12,1156,0,1,0.2121,1.06509938,6.8095238095238,3,1,1,0,27,16,0
863653,Premier League,22,21,1906,0,2,,0.92856181,6.5909090909091,0,0,4,0,29,38,0
1471764,Premier League,26,24,2187,0,5,0.4844,1.8519258,6.6730769230769,15,2,4,0,33,29,0
827243,Premier League,8,8,720,0,0,1.0198,0.02078809,6.8,5,3,0,0,6,6,0
829022,Premier League,25,21,1995,3,0,2.349,0.59258381,7.024,18,6,2,0,34,38,0
945217,Premier League,20,20,1700,0,1,0.2442,0.32636473,6.59,2,0,4,1,38,16,0
823085,Premier League,19,11,1061,1,0,1.1305,0.35257056,6.6611111111111,5,3,2,0,38,8,0
894474,Premier League,21,17,1565,0,0,0.5682,0.30917744,6.5578947368421,7,1,4,0,16,9,0
1150952,Premier League,12,9,657,0,0,0.177,0.30986934,6.55,3,0,1,0,29,13,0
1652590,Premier League,6,0,134,0,0,0.1188,0.49082712,6.5833333333333,1,0,0,0,0,1,0
96531,Premier League,20,20,1800,0,1,,0.02511728,6.8,0,0,0,0,0,1,77
856640,Premier League,12,12,1080,0,0,,0.02372555,6.8833333333333,0,0,0,0,0,0,41
840217,Premier League,27,16,1565,9,3,6.3907,1.25399125,6.8740740740741,48,22,5,0,21,4,0
871706,Premier League,25,17,1382,1,1,1.8901,1.49491881,6.452,16,3,2,0,23,3,0
361420,Premier League,14,10,960,3,0,2.4299,0.26086106,6.8,20,11,1,0,19,3,0
1048888,Premier League,26,9,976,3,0,2.0027,1.43074254,6.716,27,7,0,0,16,2,0
1142679,Premier League,24,10,990,0,2,1.9016,1.22273443,6.6041666666667,22,8,0,0,10,1,0
905163,Premier League,19,19,1545,2,5,1.9301,2.4015259,6.8631578947368,26,9,3,0,29,3,0
997183,Premier League,27,18,1706,2,5,2.9595,3.83135602,6.9037037037037,40,10,5,1,33,15,0
1002711,Premier League,23,13,1359,2,3,1.5385,1.06996275,6.8173913043478,16,6,2,0,33,17,0
844842,Premier League,9,6,520,0,0,0.3554,0.09859714,6.5888888888889,5,2,4,0,18,9,0
364612,Premier League,28,19,1831,3,2,1.4162,0.60638191,6.9892857142857,24,6,6,0,97,24,0
904970,Premier League,11,9,755,0,1,0.604,0.5695911,6.5636363636364,6,2,0,0,10,13,0
1391251,Premier League,20,11,942,1,3,1.3424,0.42801289,6.6157894736842,11,5,2,0,21,2,0
791190,Premier League,21,18,1482,1,1,0.4803,0.67906536,6.7142857142857,10,2,5,0,41,24,0
1142335,Premier League,23,18,1492,2,2,1.4754,1.17637384,6.5954545454545,11,5,5,0,11,17,0
829932,Premier League,23,22,1872,4,1,1.3103,1.25647725,7.1086956521739,17,6,9,2,58,30,0
997103,Premier League,8,5,521,0,0,0.3225,0.02104441,6.4428571428571,4,0,0,0,5,15,0
998247,Premier League,30,30,2593,4,1,2.4957,0.34820443,6.7133333333333,15,6,8,1,34,21,0
913654,Premier League,29,27,2348,1,2,0.8722,3.3554311,6.8586206896552,25,7,7,0,54,23,0
983572,Premier League,16,10,1008,0,1,0.167,0.7043001,6.5375,3,1,3,0,23,4,0
945798,Premier League,25,21,1833,0,0,0.8645,1.74799191,6.5916666666667,11,7,4,0,39,13,0
794953,Premier League,19,12,1057,0,0,0.2619,0.20265129,6.8176470588235,4,1,5,0,21,14,0
1482340,Premier League,4,2,144,0,0,0.0164,0.03736284,6.3,1,1,1,0,0,2,0
94758,Premier League,3,2,138,1,0,0.4917,0.08703464,6.9,2,2,1,0,5,1,0
1913038,Premier League,1,0,10,0,0,,0.00266754,6.7,0,0,0,0,0,0,0
1403130,Premier League,1,0,1,0,0,,,0,0,0,0,0,0,0,0
1031251,Premier League,2,2,180,0,0,,0.00296693,6.35,0,0,0,0,0,0,2
553606,Premier League,31,31,2790,0,0,,0.06331213,6.8451612903226,0,0,1,0,1,0,83
996985,Premier League,22,8,852,1,1,2.1458,0.14551123,6.3954545454545,16,6,0,0,6,3,0
901907,Premier League,24,15,1333,3,2,3.1254,0.48271677,6.4791666666667,19,6,4,0,15,4,0
795066,Premier League,21,11,1050,1,3,1.4763,1.70483203,6.67,22,6,0,0,11,2,0
875137,Premier League,24,16,1396,9,0,6.583,0.31485103,6.7916666666667,44,19,3,0,11,7,0
1004505,Premier League,24,9,907,1,0,0.9393,0.69529258,6.5458333333333,16,7,1,0,14,2,0
809276,Premier League,25,10,1007,0,1,1.3572,1.08776372,6.512,16,4,0,0,12,6,0
1009386,Premier League,23,12,1012,1,3,0.5481,1.32017823,6.7190476190476,14,4,7,0,25,8,0
1048916,Premier League,32,24,2134,3,1,2.2975,0.30200057,6.6875,21,7,1,1,47,17,0
161717,Premier League,13,10,917,0,1,0.1616,1.67680309,6.8076923076923,3,1,1,0,10,18,0
855845,Premier League,26,22,1830,0,2,0.5968,0.48522656,6.6730769230769,10,1,6,0,80,34,0
1020680,Premier League,32,27,2304,7,1,4.3056,2.63340446,6.821875,47,19,4,0,36,14,0
826183,Premier League,5,0,55,0,0,,0.0049659,6.46,0,0,0,0,1,0,0
792122,Premier League,18,18,1519,2,2,0.9004,1.35254865,6.9111111111111,11,6,2,0,31,22,0
27028,Premier League,6,0,78,0,0,0.1055,0.00223747,6.4,1,0,1,0,0,0,0
552036,Premier League,29,16,1612,1,0,0.8329,0.4534839,6.451724137931,13,4,7,1,42,24,0
44614,Premier League,31,30,2647,0,2,0.127,1.07930189,6.5774193548387,3,0,9,0,45,38,0
817979,Premier League,11,11,932,1,0,0.606,0.13002825,6.5272727272727,2,1,1,0,12,8,0
1117223,Premier League,30,30,2585,0,0,0.7226,0.64686798,6.61,10,1,1,0,38,32,0
996910,Premier League,16,14,1322,0,0,0.3663,0.65125235,6.9333333333333,8,2,5,0,26,8,0
1392044,Premier League,19,19,1675,0,5,0.2055,1.98874119,6.4473684210526,7,3,1,0,40,26,0
1136896,Premier League,16,12,1111,0,0,0.3182,1.21776,6.5375,11,1,0,1,24,16,0
875360,Premier League,17,15,1359,0,0,0.211,0.26716562,6.65625,5,1,0,0,20,10,0
838399,Premier League,11,5,517,0,0,0.08,0.02442092,6.57,1,0,0,0,4,5,0
42209,Premier League,33,33,2970,0,0,,0.06701469,6.9151515151515,0,0,1,0,1,0,114
786186,Premier League,22,15,1189,2,1,2.1548,0.93652887,6.5954545454545,16,6,3,0,8,8,0
987734,Premier League,28,12,1279,3,1,4.6159,0.41796925,6.5555555555556,39,13,1,0,6,5,0
1899647,Premier League,22,14,1372,2,1,1.4878,1.69268857,6.7909090909091,31,12,0,0,21,4,0
361352,Premier League,9,9,730,1,2,0.9351,0.68920529,6.5555555555556,10,2,3,0,3,2,0
845273,Premier League,24,15,1217,1,1,0.9889,1.05463653,6.7708333333333,21,7,5,0,28,10,0
1015267,Premier League,31,28,2484,1,1,1.1854,1.86734617,6.758064516129,17,6,9,0,89,32,0
1035996,Premier League,30,25,2316,1,0,0.4565,0.85397941,6.85,12,1,9,0,72,26,0
867441,Premier League,9,6,401,0,0,0.2129,0.24389624,6.7222222222222,5,2,1,0,8,0,0
1096210,Premier League,30,19,1842,0,1,0.3312,1.67926419,6.551724137931,2,1,3,0,29,15,0
1006073,Premier League,17,6,672,3,0,1.8071,0.32885916,6.7176470588235,15,6,0,0,18,6,0
1445189,Premier League,2,0,25,1,0,0.2275,0.00074395,7.1,2,1,0,0,1,0,0
1597270,Premier League,4,0,55,0,0,0.0194,0.00158688,6.2,1,0,0,0,0,1,0
1014835,Premier League,23,20,1782,0,0,1.6606,0.58816863,6.65,22,6,10,0,52,20,0
856250,Premier League,26,25,2205,2,1,2.1619,1.43218944,6.7,19,10,3,1,27,31,0
143047,Premier League,10,10,706,0,0,0.0893,0.18141303,6.51,3,0,4,0,13,7,0
846308,Premier League,24,23,2103,2,1,1.6807,1.05539567,6.7625,6,5,4,0,46,22,0
1013928,Premier League,30,23,2137,1,1,0.5486,3.01555352,6.6666666666667,12,6,2,0,61,35,0
973418,Premier League,15,14,1133,0,0,0.2245,0.21642194,6.4142857142857,4,1,2,1,18,10,0
1031283,Premier League,18,9,856,0,2,0.1227,1.03779854,6.625,3,0,1,0,9,6,0
252669,Premier League,20,20,1800,0,0,,0.0702428,6.795,0,0,2,0,0,0,53
98427,Premier League,12,12,1080,0,0,,0.04546227,6.8833333333333,0,0,0,0,2,0,39
101367,Premier League,1,1,90,0,0,,0.0033482,6.8,0,0,0,0,0,0,3
41789,LaLiga,25,12,1198,12,1,12.9193,1.02757227,6.784,55,26,2,0,5,2,0
814590,LaLiga,26,15,1442,6,6,6.491,4.00397901,6.8538461538462,69,26,2,0,8,1,0
855833,LaLiga,28,20,1695,14,1,12.3644,1.41770056,6.8392857142857,62,33,2,0,6,3,0
1162107,LaLiga,16,4,404,1,1,1.2111,1.16943448,6.7384615384615,16,10,0,0,3,0,0
1402912,LaLiga,27,25,2224,15,11,11.9014,9.87874076,7.9222222222222,113,36,1,0,35,10,0
831005,LaLiga,20,17,1299,11,3,9.7871,5.55328372,7.45,58,19,4,0,13,4,0
992587,LaLiga,23,18,1633,2,7,1.5284,3.81049527,7.5739130434783,19,9,0,1,44,19,0
1103693,LaLiga,5,1,150,0,1,,0.1298664,6.88,0,0,1,0,4,1,0
795222,LaLiga,20,16,1508,1,5,1.1694,3.47601078,7.38,7,2,4,1,39,17,0
789071,LaLiga,26,18,1621,7,7,6.6845,4.82177732,7.1384615384615,60,20,0,0,29,13,0
1153270,LaLiga,25,15,1447,5,8,5.8387,3.97763058,7.048,56,20,3,0,38,6,0
1526618,LaLiga,17,6,527,2,1,1.0031,0.47329844,6.9133333333333,6,2,4,0,18,6,0
1000483,LaLiga,20,9,910,0,1,0.4836,0.63113955,6.7333333333333,9,0,1,0,17,7,0
1939137,LaLiga,1,0,9,0,0,,0.00164371,6.5,0,0,0,0,0,0,0
1402913,LaLiga,26,26,2286,1,0,0.5389,0.63089722,7.1038461538462,10,2,3,0,31,27,0
827212,LaLiga,26,20,1939,1,3,1.6081,3.11107721,6.9,12,3,4,0,43,25,0
997035,LaLiga,22,19,1583,0,2,0.3047,1.97594716,6.7409090909091,8,1,2,0,32,5,0
925097,LaLiga,20,10,962,3,0,1.3606,0.41840992,6.9052631578947,10,5,2,0,15,9,0
138892,LaLiga,9,6,551,1,2,0.3746,1.30611082,7.1888888888889,11,3,0,0,16,10,0
186795,LaLiga,12,3,406,0,0,0.0811,0.10402845,6.78,2,0,1,0,5,2,0
876214,LaLiga,29,27,2343,1,2,2.9169,2.08435632,7.1034482758621,24,7,4,0,66,40,0
1094827,LaLiga,26,20,1600,0,0,0.1261,0.82555846,7.012,5,2,6,0,31,21,0
1546073,LaLiga,2,1,91,0,0,,0.01139222,6.6,0,0,0,0,1,5,0
930267,LaLiga,25,25,2250,0,0,,0.00953517,7.384,0,0,1,0,5,2,66
50490,LaLiga,6,6,540,0,0,,0.00227346,7.1666666666667,0,0,0,0,0,0,17
826643,LaLiga,26,25,2232,23,4,22.243,5.8672311,7.6653846153846,122,56,4,0,3,2,0
868812,LaLiga,30,26,2304,11,5,11.6808,4.2007365,7.4066666666667,86,38,7,0,28,2,0
910536,LaLiga,19,6,680,1,3,2.5827,2.1332612,6.9157894736842,27,11,3,0,13,3,0
1403559,LaLiga,17,9,798,1,0,2.2193,2.1856234,6.7,24,5,5,1,20,2,0
1402716,LaLiga,24,6,707,4,0,3.9804,0.76275353,6.6136363636364,14,9,1,0,11,3,0
991011,LaLiga,21,16,1402,4,3,5.8777,1.76793089,7.215,39,20,1,0,43,12,0
831808,LaLiga,29,27,2386,5,7,2.6019,4.52550359,7.3172413793103,45,18,3,1,38,21,0
1091116,LaLiga,31,24,1952,4,8,4.5521,6.96612123,7.1774193548387,48,19,1,0,45,8,0
835485,LaLiga,23,8,868,0,5,0.7731,2.04611196,6.7086956521739,9,3,1,0,12,1,0
973887,LaLiga,23,14,1296,1,0,1.0957,1.80840568,7.0181818181818,11,2,1,0,57,13,0
859025,LaLiga,28,26,2251,1,0,2.1947,2.80484438,7.2357142857143,36,6,7,0,60,34,0
547838,LaLiga,15,4,482,0,0,0.0448,0.68577844,6.9357142857143,3,0,1,0,18,7,0
2237795,LaLiga,5,4,290,0,0,0.2205,0.11143991,6.22,3,1,1,0,4,3,0
1142683,LaLiga,3,1,87,0,0,0.05,0.0735574,6.65,2,1,0,0,3,0,0
1402688,LaLiga,2,0,51,0,0,0.1356,0.0585243,6.6,1,0,0,0,1,3,0
795064,LaLiga,15,9,759,0,4,0.1902,2.25619358,6.8142857142857,6,1,1,0,10,12,0
142622,LaLiga,13,12,1086,1,0,0.879,0.31654225,6.9,11,1,0,0,11,3,0
1176744,LaLiga,23,20,1674,2,2,2.2288,1.10708974,7.2173913043478,18,4,6,1,27,17,0
822519,LaLiga,15,13,1097,2,1,1.6836,0.69872206,7.2866666666667,20,9,2,0,21,11,0
138572,LaLiga,13,8,749,0,0,0.3598,1.75886332,6.8,5,1,0,0,11,4,0
1156645,LaLiga,20,15,1436,2,0,1.2396,0.55549183,6.97,14,4,3,0,15,8,0
66492,LaLiga,8,3,251,0,0,0.1903,0.06023749,6.7857142857143,3,1,1,0,5,0,0
1085081,LaLiga,25,23,2070,2,2,0.307,1.37734593,7.0333333333333,8,2,5,1,35,35,0
792073,LaLiga,3,1,102,0,0,,0.04909855,6.75,0,0,0,0,1,1,0
851271,LaLiga,10,8,677,1,1,0.7471,0.47905467,6.65,5,2,0,1,16,5,0
70988,LaLiga,28,28,2520,0,0,,0.0309922,6.9214285714286,0,0,1,0,1,0,58
857574,LaLiga,3,3,270,0,0,,0.00154487,6.6333333333333,0,0,0,1,0,0,6
1009372,LaLiga,26,19,1734,9,5,8.6672,2.32534551,6.8961538461538,52,25,1,0,5,5,0
593526,LaLiga,30,21,1961,5,4,6.5787,5.20688206,7.13,52,20,3,0,27,13,0
146866,LaLiga,17,13,1040,8,0,5.0884,1.81544309,7.1588235294118,31,14,0,0,14,3,0
345195,LaLiga,18,9,819,2,3,3.2801,0.48907196,6.6888888888889,13,5,3,0,19,4,0
1172477,LaLiga,24,6,733,2,2,3.2393,0.45183424,6.5318181818182,15,7,1,0,4,0,0
1468090,LaLiga,16,5,472,2,0,1.4518,0.24762311,6.60625,15,8,0,0,1,2,0
1966890,LaLiga,2,1,55,0,0,,0.00326379,6.3,0,0,0,0,1,1,0
316148,LaLiga,19,7,755,0,0,0.3585,0.34064186,6.6888888888889,8,1,0,0,16,12,0
879694,LaLiga,25,21,1768,4,2,3.299,2.64165316,7.092,40,11,7,0,35,29,0
973290,LaLiga,29,18,1630,6,1,1.9571,1.90936081,6.8103448275862,25,10,8,0,25,21,0
1012444,LaLiga,30,25,1987,9,4,5.4216,2.90530447,6.8833333333333,41,18,3,0,23,7,0
39182,LaLiga,25,12,1065,0,0,0.1687,0.96681182,6.8583333333333,2,0,2,0,28,12,0
843678,LaLiga,29,24,2074,3,5,3.8537,3.36284206,6.8862068965517,22,7,5,1,42,22,0
2238900,LaLiga,4,0,77,0,0,0.0612,0.01983629,6.6,1,0,1,0,5,2,0
1087359,LaLiga,27,22,2035,0,0,0.1732,0.23716382,6.7333333333333,8,3,3,1,16,22,0
873189,LaLiga,13,12,936,0,0,0.1248,0.17769759,7.1461538461538,2,0,2,0,20,16,0
1468046,LaLiga,24,23,2036,1,2,1.0068,0.42113175,6.9875,13,3,8,1,88,25,0
984623,LaLiga,19,17,1620,1,0,0.3522,0.63164048,7.0578947368421,4,1,1,0,29,18,0
986245,LaLiga,25,17,1647,1,3,0.9545,2.32160688,6.744,15,4,4,0,42,29,0
1184541,LaLiga,5,0,74,0,0,0.0247,0.01227143,6.62,1,0,0,0,4,2,0
797290,LaLiga,23,15,1382,1,2,1.0871,2.23079071,6.7681818181818,10,3,7,0,36,21,0
1525863,LaLiga,19,19,1573,0,0,0.0221,0.15248503,6.7631578947368,1,1,4,0,59,16,0
908714,LaLiga,3,3,270,0,0,,0.00473143,6.3333333333333,0,0,0,0,1,0,6
1066603,LaLiga,28,28,2520,0,0,,0.02307821,6.9928571428571,0,0,3,0,0,1,73
944656,LaLiga,29,22,1902,8,4,7.6955,5.12599782,6.9551724137931,54,26,2,0,21,3,0
85859,LaLiga,27,8,1036,6,1,6.3484,2.28061468,6.8814814814815,36,19,1,0,11,3,0
824200,LaLiga,8,5,356,2,0,1.8052,0.24987424,6.725,14,3,1,0,2,1,0
309078,LaLiga,30,18,1682,10,0,7.4491,0.84718343,6.7433333333333,54,28,4,1,12,0,0
944660,LaLiga,22,13,1090,3,1,3.5364,1.94965064,6.9,19,10,1,0,24,6,0
1099352,LaLiga,27,22,1919,4,6,4.8357,4.754345,6.9333333333333,34,13,1,0,37,17,0
901325,LaLiga,22,17,1343,3,0,3.343,1.92763395,6.8,40,18,4,1,21,11,0
910031,LaLiga,22,16,1229,2,2,1.8052,4.02015363,6.947619047619,23,6,4,0,15,9,0
1142588,LaLiga,21,19,1580,1,1,1.7035,2.0450784,7.047619047619,21,6,0,0,29,23,0
990169,LaLiga,13,11,770,0,0,0.0778,0.44245394,6.8538461538462,2,0,5,0,32,12,0
84539,LaLiga,28,19,1787,2,2,0.4427,3.51581623,7.1142857142857,11,4,5,0,41,16,0
1119345,LaLiga,5,3,307,0,0,0.0132,0.0687903,6.78,1,0,1,0,11,1,0
1391752,LaLiga,21,11,1078,1,0,0.7583,0.99134968,6.5666666666667,15,2,5,0,16,4,0
1179148,LaLiga,1,1,71,0,0,0.2251,0.0066616,6.2,2,0,0,0,0,0,0
1832286,LaLiga,2,0,28,0,0,0.0152,0.00986753,6.6,1,1,0,0,2,0,0
831799,LaLiga,22,12,1140,2,1,0.4071,1.29475551,6.7857142857143,11,3,4,0,33,13,0
353138,LaLiga,25,21,1862,0,4,1.8694,3.16298285,6.968,16,6,5,0,46,9,0
580550,LaLiga,13,13,998,0,1,0.2016,0.38501892,6.7692307692308,3,0,3,1,10,14,0
787751,LaLiga,22,14,1425,1,0,0.4357,0.28096766,6.85,3,1,3,0,24,10,0
325355,LaLiga,15,12,1157,0,1,1.737,0.4441249,6.9142857142857,13,3,4,0,23,16,0
807771,LaLiga,26,23,2119,0,2,0.993,2.0200801,6.84,19,5,2,0,42,17,0
1094106,LaLiga,13,10,932,0,1,0.2306,0.54943889,7.2846153846154,8,2,1,0,13,17,0
965011,LaLiga,21,16,1370,0,3,0.1256,3.26539583,6.7952380952381,4,2,4,0,33,15,0
1142591,LaLiga,1,1,90,1,0,0.3097,0.00568647,7.3,1,1,0,0,1,0,0
1402990,LaLiga,2,2,176,0,1,0.031,0.3618332,6.65,1,0,1,0,3,0,0
263651,LaLiga,5,5,450,0,0,,0.00622953,6.92,0,0,2,0,0,0,15
69768,LaLiga,26,26,2340,0,0,,0.02379958,7.0807692307692,0,0,0,0,0,0,58
115665,LaLiga,15,4,458,3,0,3.2765,0.23484921,6.66,20,9,0,0,2,1,0
887055,LaLiga,26,25,2163,8,3,8.7076,1.93915258,6.7961538461538,72,18,4,0,25,7,0
789381,LaLiga,13,3,367,1,0,1.6065,0.60021373,6.6090909090909,8,2,4,0,1,3,0
958380,LaLiga,26,24,1983,7,5,6.5909,4.51924945,7.15,68,28,5,1,27,19,0
1011375,LaLiga,22,19,1655,6,5,6.6772,2.51710962,7.1818181818182,60,19,3,0,38,11,0
359272,LaLiga,11,9,872,0,0,0.2382,0.41168621,7.0818181818182,6,1,3,0,17,7,0
103417,LaLiga,1,0,30,0,1,0.082,0.179274,7.1,2,0,0,0,0,0,0
798835,LaLiga,18,11,1114,2,2,2.3461,2.1042769,7.0611111111111,27,10,3,0,15,5,0
838629,LaLiga,6,6,447,1,0,0.4733,0.12999577,6.8666666666667,3,2,0,0,10,2,0
1129401,LaLiga,17,7,614,0,0,0.4498,0.28574649,6.8375,17,0,3,0,13,4,0
989113,LaLiga,20,7,708,0,1,1.8727,1.17761472,6.575,19,5,1,0,11,4,0
816763,LaLiga,31,28,2427,7,4,3.5962,5.375689,7.1322580645161,38,16,2,0,35,28,0
1893910,LaLiga,15,2,388,0,0,1.374,0.126053,6.4928571428571,13,4,1,0,10,4,0
847128,LaLiga,23,20,1672,0,1,1.1407,1.0282887,6.8217391304348,12,4,1,0,33,18,0
1137814,LaLiga,22,12,1113,1,1,0.2931,0.75459526,6.9681818181818,5,2,3,0,45,20,0
1171626,LaLiga,1,0,1,0,0,,2.521e-05,0,0,0,0,0,0,0,0
1542759,LaLiga,1,0,14,0,0,,0.0104665,6.5,0,0,0,0,0,0,0
188365,LaLiga,20,15,1354,1,3,0.2844,2.4927945,6.72,4,4,2,0,19,10,0
1015287,LaLiga,27,27,2347,0,0,0.3245,0.17342265,6.6703703703704,8,1,7,0,29,32,0
914835,LaLiga,10,8,676,0,1,0.4604,0.67986735,6.56,5,0,2,0,21,8,0
1186010,LaLiga,23,15,1510,1,0,0.7442,0.63401699,6.8,10,4,5,0,43,20,0
99519,LaLiga,23,19,1862,1,0,0.5608,0.4277554,6.995652173913,15,5,3,0,43,26,0
67769,LaLiga,18,14,1212,0,1,0.0991,0.2965323,6.6235294117647,2,0,0,0,14,6,0
305278,LaLiga,13,10,808,1,0,0.8036,0.05946072,7.025,3,2,3,0,16,23,0
893062,LaLiga,25,18,1649,4,2,3.8466,1.60722113,6.876,31,12,4,0,37,18,0
1152139,LaLiga,13,7,582,0,0,0.0351,0.81075903,6.7363636363636,1,0,1,0,27,3,0
548848,LaLiga,9,9,810,0,0,,0.00697374,7.0777777777778,0,0,1,0,1,0,30
964983,LaLiga,22,22,1980,0,0,,0.02518366,6.8954545454545,0,0,1,0,0,0,65
19356,LaLiga,25,8,884,4,3,4.24,3.35346809,6.8666666666667,25,11,3,0,11,11,0
785989,LaLiga,28,17,1557,11,2,8.9517,1.50033597,6.7428571428571,41,22,6,0,7,0,0
949962,LaLiga,23,17,1291,7,2,4.8866,1.13586771,6.8913043478261,39,23,4,0,8,7,0
1173575,LaLiga,20,4,642,2,0,2.5514,0.61684925,6.66,16,4,0,0,6,3,0
1398524,LaLiga,24,14,1175,2,2,3.5252,1.16738494,6.5625,29,11,0,0,11,3,0
962890,LaLiga,30,20,1955,1,2,1.3117,1.60817541,6.7366666666667,16,4,5,0,70,15,0
1126779,LaLiga,23,10,982,4,3,3.459,1.03784836,6.7217391304348,20,11,2,0,21,2,0
859773,LaLiga,27,19,1689,1,4,0.6293,3.64546987,6.9296296296296,14,5,4,0,38,8,0
158615,LaLiga,4,2,126,0,0,0.0807,0.08840605,6.7333333333333,2,0,0,0,7,2,0
1526628,LaLiga,10,7,646,1,0,0.8152,0.54077857,6.75,9,3,2,0,4,3,0
1154935,LaLiga,21,11,1013,3,1,1.3666,1.71002342,6.8047619047619,7,4,2,0,12,8,0
1120669,LaLiga,17,14,1181,0,2,0.0914,2.11090896,7.0470588235294,2,1,3,0,28,12,0
1002764,LaLiga,27,23,2131,2,1,1.3836,1.56640017,6.8307692307692,12,5,2,0,27,21,0
1398526,LaLiga,19,14,1310,1,0,0.9097,1.38568832,6.9473684210526,8,1,3,0,27,12,0
1916256,LaLiga,2,1,62,0,0,0.1569,0.00839059,6.25,2,2,0,0,0,0,0
1858279,LaLiga,1,0,12,0,0,,0.00137204,6.7,0,0,0,0,1,0,0
69408,LaLiga,26,25,2244,1,0,2.0405,1.7127991,7.05,21,3,4,0,33,26,0
796320,LaLiga,8,7,639,0,0,0.2417,0.06272475,6.325,2,0,0,0,7,9,0
360718,LaLiga,19,17,1493,0,0,0.5515,0.11377528,6.8578947368421,4,1,1,1,23,17,0
1526627,LaLiga,26,21,1931,0,1,0.5269,0.70994677,6.7538461538462,10,2,5,0,31,19,0
363774,LaLiga,4,4,255,0,0,0.02,0.02481698,6.65,1,0,0,0,1,2,0
1012410,LaLiga,22,22,1824,0,2,0.2865,2.76258297,6.9227272727273,6,1,2,0,26,16,0
1008259,LaLiga,21,11,1075,2,4,1.3037,2.30780339,6.8285714285714,11,3,4,0,17,15,0
1069703,LaLiga,8,6,610,0,0,0.5243,0.07446759,6.6875,2,1,1,0,13,5,0
1145100,LaLiga,5,4,344,0,0,,0.05201894,6.66,0,0,2,0,8,4,0
1630975,LaLiga,13,9,720,0,0,0.0522,0.09293786,6.7,2,0,2,0,13,7,0
815202,LaLiga,31,31,2790,0,0,,0.04631895,7.0225806451613,0,0,0,0,0,0,89
823622,LaLiga,27,26,2274,12,3,12.8558,3.10399982,7.0592592592593,71,31,2,0,20,3,0
1026015,LaLiga,14,3,394,5,0,2.6893,0.15646904,6.8153846153846,10,7,2,0,4,1,0
1099175,LaLiga,6,0,127,0,0,0.8976,0.03076445,6.3833333333333,6,2,0,0,1,0,0
880218,LaLiga,19,13,1219,2,4,2.2817,2.88915017,7.1263157894737,25,12,1,0,25,7,0
1211632,LaLiga,3,1,71,0,0,,0.0135565,6.4333333333333,0,0,0,0,0,0,0
949156,LaLiga,16,8,727,3,1,1.4545,0.38608199,6.8,19,6,1,0,10,3,0
1066045,LaLiga,16,2,391,0,0,1.0178,1.07529669,6.52,14,3,1,0,9,0,0
839585,LaLiga,10,6,421,0,0,0.4041,0.1910209,6.6,6,1,1,0,7,2,0
832427,LaLiga,26,20,1798,4,3,2.0891,2.86110087,7.0346153846154,27,17,2,1,29,11,0
280979,LaLiga,31,22,1828,8,4,3.8651,2.89361971,6.9096774193548,46,18,3,0,24,4,0
966862,LaLiga,25,18,1473,3,4,2.3139,4.03400866,6.88,28,8,3,0,22,13,0
845385,LaLiga,27,19,1559,6,2,4.5962,2.54772754,6.9185185185185,32,15,5,1,33,5,0
1111081,LaLiga,1,0,25,0,0,,0.0427943,6.7,0,0,0,0,1,0,0
980410,LaLiga,21,12,1033,0,3,0.6837,0.51606261,6.8428571428571,18,6,5,0,36,6,0
1216309,LaLiga,25,22,1912,1,3,0.7028,0.50148624,6.772,11,1,6,0,39,32,0
1139409,LaLiga,27,12,1159,0,1,1.1783,1.13377791,6.4555555555556,12,4,1,0,14,5,0
1545061,LaLiga,1,0,10,0,0,,1.899e-05,6.5,0,0,0,0,0,0,0
1116388,LaLiga,29,27,2391,1,0,1.6829,0.59433619,6.6586206896552,18,5,9,0,92,41,0
855835,LaLiga,29,25,2245,0,2,0.9364,3.83948554,6.7793103448276,10,0,2,1,80,27,0
257091,LaLiga,22,19,1702,1,0,1.0928,0.55707218,6.7954545454545,11,3,4,1,16,24,0
353250,LaLiga,5,2,202,1,0,0.5154,0.3547884,7.05,1,1,0,0,5,1,0
1466116,LaLiga,19,19,1710,1,0,1.9228,0.15259993,6.8052631578947,14,4,5,0,23,31,0
838159,LaLiga,22,21,1899,0,1,0.2626,0.42176356,6.6227272727273,6,1,8,0,32,21,0
966441,LaLiga,17,7,714,0,0,0.4363,0.44047863,6.5,5,1,1,0,25,5,0
785468,LaLiga,12,5,506,0,0,0.3311,0.05053483,6.5454545454545,3,2,0,0,9,7,0
1539149,LaLiga,1,0,14,0,0,,2.312e-05,6.3,0,0,0,0,0,0,0
791773,LaLiga,31,31,2790,0,0,,0.07393606,6.9645161290323,0,0,0,0,1,1,79
973536,LaLiga,12,12,1064,4,1,2.5496,0.46753722,6.8916666666667,22,11,4,0,19,8,0
604954,LaLiga,14,12,1044,4,1,2.9229,0.23747717,6.6714285714286,14,7,0,0,5,5,0
974713,LaLiga,11,11,839,3,0,1.184,0.23141582,6.6545454545455,14,7,1,0,5,4,0
831510,LaLiga,4,0,88,0,0,0.1037,0.0750597,6.525,2,1,0,0,0,1,0
1515554,LaLiga,25,19,1586,3,0,2.0769,0.3076585,6.544,26,10,3,1,26,4,0
96369,LaLiga,8,0,176,1,0,0.1483,0.10740251,6.575,2,1,0,0,2,0,0
1154549,LaLiga,29,20,1667,2,1,1.6959,0.99841349,6.5379310344828,24,5,9,0,52,13,0
811629,LaLiga,30,30,2654,0,9,1.035,5.0935079,7.0366666666667,19,2,3,1,47,35,0
385888,LaLiga,30,30,2634,6,2,5.7907,0.69226009,6.7733333333333,50,17,5,0,58,21,0
1087476,LaLiga,10,1,210,0,0,0.3321,0.05126727,6.4555555555556,3,1,1,0,4,2,0
353154,LaLiga,14,4,501,0,0,0.3416,0.78099784,6.5461538461538,12,6,0,0,7,4,0
1398518,LaLiga,15,5,634,0,1,0.3336,0.95098725,6.45,11,4,1,1,9,2,0
1520814,LaLiga,3,1,79,0,0,0.021,0.00629898,6.5666666666667,1,0,0,0,2,0,0
1429059,LaLiga,1,0,10,0,0,,0.00100159,6.5,0,0,0,0,0,0,0
1101232,LaLiga,17,13,1075,0,2,0.3026,0.37504921,6.74375,7,1,7,1,32,16,0
307702,LaLiga,29,27,2219,0,0,0.1319,0.17581366,6.6275862068966,4,0,9,1,31,28,0
1392092,LaLiga,8,2,252,0,0,0.2696,0.1087166,6.6428571428571,2,1,2,0,11,0,0
1895964,LaLiga,4,1,120,0,1,0.0163,0.00642706,6.6333333333333,1,0,2,0,6,2,0
1108450,LaLiga,11,11,990,0,0,0.4812,0.05650923,6.8090909090909,6,0,3,1,20,25,0
350560,LaLiga,26,18,1712,0,0,0.3255,0.94081872,6.636,11,1,4,0,46,29,0
128637,LaLiga,11,4,289,0,0,0.1758,0.11346185,6.3714285714286,3,1,5,1,6,1,0
576276,LaLiga,28,28,2406,1,1,0.8269,0.1886617,6.6321428571429,12,4,10,0,23,27,0
949707,LaLiga,30,29,2563,1,2,0.9952,1.45933908,6.8333333333333,22,5,3,0,97,19,0
53739,LaLiga,25,23,1850,1,1,0.686,1.29226517,6.572,8,3,6,0,36,32,0
1918369,LaLiga,8,4,449,0,0,0.2136,0.45997985,6.4625,3,1,1,0,15,3,0
1895197,LaLiga,1,0,26,0,0,,0.00485181,6.4,0,0,0,0,3,0,0
604258,LaLiga,31,31,2790,0,0,,0.09231634,7.2612903225806,0,0,2,0,0,0,97
1145642,LaLiga,31,28,2399,5,2,5.4204,2.37666936,6.7838709677419,74,28,3,0,20,9,0
37318,LaLiga,30,28,2371,16,0,13.1,1.41394959,6.95,80,32,2,0,17,5,0
997280,LaLiga,29,5,808,5,0,5.2244,1.03191619,6.7241379310345,28,17,1,1,14,7,0
1086346,LaLiga,5,1,163,1,0,0.6042,0.49987875,7.02,2,1,1,0,1,2,0
591132,LaLiga,21,2,361,1,2,0.505,0.71223883,6.6095238095238,4,2,3,0,5,2,0
980383,LaLiga,8,4,364,0,2,0.1177,0.76474089,6.775,4,0,0,0,2,0,0
985329,LaLiga,24,21,1790,0,2,1.6264,2.7316159,6.8666666666667,28,4,5,0,34,9,0
260031,LaLiga,28,22,1785,2,5,1.6163,4.30192195,6.8392857142857,22,7,5,0,43,13,0
976141,LaLiga,29,28,2450,0,4,1.7964,2.71835344,6.851724137931,18,3,8,0,43,17,0
187313,LaLiga,28,26,1925,0,1,1.1543,0.67375391,6.7692307692308,19,5,6,0,30,23,0
149370,LaLiga,20,10,990,0,1,0.3932,1.2752017,6.875,11,2,2,0,14,9,0
1119586,LaLiga,15,6,769,0,0,0.3281,0.25635554,6.7133333333333,8,3,4,0,12,10,0
1399702,LaLiga,13,2,318,1,0,0.428,0.09708864,6.64,3,1,1,1,6,4,0
1067582,LaLiga,23,22,1915,1,1,0.6094,0.92110323,6.8782608695652,6,2,5,0,51,12,0
825133,LaLiga,19,15,1378,0,1,0.166,2.15821694,6.8473684210526,4,1,2,0,39,25,0
900792,LaLiga,29,29,2533,2,2,2.3139,1.02197705,6.8965517241379,14,2,10,1,31,31,0
842419,LaLiga,24,23,1936,1,1,0.4302,1.51049297,6.6583333333333,12,3,4,1,36,34,0
1010165,LaLiga,23,15,1448,1,0,0.6348,1.17401333,6.7521739130435,11,3,5,1,30,15,0
944225,LaLiga,26,15,1456,0,1,0.292,0.80880051,6.68,3,0,3,0,29,15,0
897902,LaLiga,15,7,660,0,0,0.3909,0.22717999,6.6333333333333,1,0,1,0,4,4,0
1495856,LaLiga,6,2,196,0,0,,0.01597319,6.45,0,0,0,1,3,2,0
294377,LaLiga,31,31,2790,0,0,,0.07173191,7.0967741935484,0,0,3,0,0,0,103
1392592,LaLiga,31,20,1955,6,2,7.2968,2.34358968,6.5967741935484,49,20,3,0,8,5,0
877037,LaLiga,7,5,356,0,2,0.3721,0.57808227,6.5857142857143,8,2,3,0,6,3,0
84972,LaLiga,30,14,1439,6,1,6.4174,2.16194175,6.7,48,22,3,0,10,5,0
758664,LaLiga,18,4,566,1,0,0.7811,0.08292357,6.5111111111111,8,3,1,2,10,4,0
891511,LaLiga,10,8,678,2,0,3.4729,0.82551144,6.5888888888889,15,9,2,0,4,3,0
877262,LaLiga,29,25,1980,1,6,1.8985,6.02305419,7.0448275862069,33,9,7,0,38,17,0
175185,LaLiga,27,21,1666,6,0,6.3712,2.12846694,6.737037037037,54,19,5,1,28,13,0
1063015,LaLiga,30,24,2037,1,4,2.1877,3.59226135,6.7333333333333,29,9,4,1,49,16,0
826010,LaLiga,28,25,1971,2,1,0.7485,2.02345319,6.7285714285714,16,5,8,0,34,21,0
1088565,LaLiga,23,8,775,1,1,0.957,0.97857112,6.6590909090909,9,3,0,0,19,9,0
1064009,LaLiga,30,22,2095,0,1,0.6773,0.55092979,6.6466666666667,15,1,5,0,43,23,0
1019236,LaLiga,22,8,790,1,0,1.7874,1.30534357,6.5954545454545,20,5,1,0,7,5,0
1099344,LaLiga,8,1,126,0,0,0.1521,0.15609837,6.4625,3,0,1,0,4,0,0
1396048,LaLiga,29,29,2580,5,2,2.2804,2.8407699,6.9034482758621,29,8,4,0,82,32,0
81992,LaLiga,30,30,2700,3,0,2.4259,1.49125291,6.7966666666667,34,9,2,0,35,23,0
1129360,LaLiga,17,14,1210,0,1,0.128,0.18744436,6.7764705882353,3,1,5,0,26,10,0
857205,LaLiga,22,19,1686,0,0,1.725,0.10410561,6.8545454545455,11,1,4,0,25,23,0
1068891,LaLiga,10,2,253,0,0,,0.33498743,6.4333333333333,0,0,2,0,2,2,0
934351,LaLiga,11,1,218,1,0,0.72,0.00582895,6.8111111111111,2,1,0,0,4,1,0
1021165,LaLiga,16,4,547,0,1,0.0795,1.01998691,6.70625,5,0,2,0,6,9,0
94527,LaLiga,31,31,2790,0,0,,0.13976908,7.0741935483871,0,0,0,0,3,0,107
1520799,LaLiga,9,2,273,1,0,1.0977,0.11892559,6.4777777777778,8,4,1,0,1,1,0
605672,LaLiga,28,22,1828,7,1,8.6905,1.65586652,6.5428571428571,63,25,3,1,12,9,0
1430667,LaLiga,11,1,162,0,0,0.8149,0.30136815,6.47,8,4,2,0,2,0,0
1550822,LaLiga,1,0,33,0,0,0.0683,0.00403702,6.4,1,0,0,0,0,0,0
1085400,LaLiga,21,16,1427,4,2,4.7179,4.70012079,6.9380952380952,40,13,1,0,13,6,0
783374,LaLiga,23,19,1670,2,4,4.7624,2.12283626,6.5782608695652,47,15,1,0,8,4,0
966801,LaLiga,24,21,1641,3,0,6.1532,1.36090598,6.5,43,14,4,1,16,3,0
592012,LaLiga,26,22,1882,2,3,3.944,5.27210452,6.6615384615385,39,19,4,0,23,11,0
1495844,LaLiga,30,29,2435,2,0,1.4741,2.14229007,6.8166666666667,32,9,3,0,60,43,0
96365,LaLiga,28,25,1838,1,1,0.6777,2.34887687,6.9928571428571,19,2,9,0,50,16,0
944165,LaLiga,25,7,926,5,1,3.4947,1.38996513,6.652,15,8,1,0,10,7,0
1391375,LaLiga,20,7,638,1,1,1.536,0.92708708,6.5421052631579,14,3,1,0,10,0,0
2110897,LaLiga,22,7,851,1,0,0.4078,0.48243675,6.6909090909091,11,3,5,0,31,18,0
1012409,LaLiga,2,1,85,0,0,0.0269,0.01312705,6.55,1,0,1,0,3,2,0
1953923,LaLiga,7,2,199,0,1,0.2664,0.16925573,6.4857142857143,4,1,0,0,3,1,0
359742,LaLiga,20,1,415,0,0,0.1287,0.17171616,6.5947368421053,2,0,0,0,16,9,0
1019318,LaLiga,14,4,345,1,0,0.6535,0.90169569,6.6333333333333,15,3,0,0,5,2,0
1425060,LaLiga,2,0,36,0,0,0.0288,0.00264323,6.45,1,0,1,0,0,0,0
149734,LaLiga,20,19,1670,0,1,1.6081,0.30307856,6.91,14,5,2,0,21,19,0
910978,LaLiga,26,25,2278,1,0,1.1387,0.76141279,6.6884615384615,14,5,8,1,49,31,0
1398511,LaLiga,9,6,593,0,0,0.0188,0.36836126,6.3777777777778,1,0,1,0,12,13,0
84531,LaLiga,27,26,2295,0,4,0.4562,3.32369705,6.9555555555556,19,4,4,0,35,30,0
959872,LaLiga,17,16,1449,1,0,1.0141,0.51088079,6.7705882352941,12,3,4,0,21,26,0
807648,LaLiga,1,1,64,0,0,,0.0213208,6.9,0,0,0,0,1,0,0
910267,LaLiga,24,13,1425,0,1,0.1186,1.25655659,6.6833333333333,3,0,3,0,21,18,0
866810,LaLiga,17,10,862,0,1,0.2484,0.81598337,6.6176470588235,5,1,3,0,25,7,0
801837,LaLiga,10,8,570,0,0,0.1287,0.17045072,6.2888888888889,3,1,2,2,15,4,0
797291,LaLiga,31,31,2790,0,0,,0.11388814,6.9096774193548,0,0,1,0,1,0,88
976374,LaLiga,27,27,1960,9,1,8.5154,1.2943026,6.6444444444444,27,18,4,0,5,3,0
32048,LaLiga,14,1,249,3,0,3.7092,0.0137498,6.6461538461538,8,6,2,0,4,1,0
826013,LaLiga,9,0,194,0,0,0.2531,0.29754856,6.4333333333333,5,1,0,0,1,1,0
218616,LaLiga,10,4,473,0,0,1.3565,0.56702944,6.5,9,5,1,0,4,2,0
1482463,LaLiga,2,0,19,0,0,,0.005217,6.45,0,0,1,0,0,0,0
1482424,LaLiga,10,2,324,1,1,1.1203,0.43280634,6.82,12,3,3,0,5,1,0
991421,LaLiga,17,13,1187,4,2,1.9045,2.7669033,7.2176470588235,36,13,6,0,16,14,0
35612,LaLiga,25,23,2002,1,2,2.3245,1.06298864,6.828,19,5,1,1,29,25,0
361790,LaLiga,2,1,41,0,0,0.0884,0.07686925,6.6,2,1,0,0,0,0,0
191182,LaLiga,21,12,1076,3,1,1.8808,1.31780222,6.7095238095238,16,8,2,0,17,3,0
319735,LaLiga,25,24,2021,5,4,5.0283,2.9575039,6.948,34,15,2,0,26,15,0
910026,LaLiga,24,17,1389,0,3,1.7587,2.49260552,6.5416666666667,20,5,4,0,28,9,0
1860172,LaLiga,5,0,64,0,0,,0.00484921,6.36,0,0,0,1,0,1,0
973699,LaLiga,29,24,2098,0,1,0.837,1.21463718,6.848275862069,11,4,3,1,54,12,0
835484,LaLiga,21,15,1237,1,0,0.5279,0.86339361,6.8190476190476,12,3,3,0,27,12,0
1391616,LaLiga,25,11,1049,2,1,2.3928,1.0024437,6.708,34,11,3,1,20,2,0
1485300,LaLiga,29,28,2508,1,1,1.0704,0.35887335,6.8931034482759,14,2,6,1,39,22,0
44864,LaLiga,28,27,2377,0,0,0.0937,1.06802098,7.0178571428571,3,1,1,0,51,36,0
1084081,LaLiga,28,26,2118,1,2,0.896,1.35475487,6.8535714285714,14,1,6,0,57,35,0
294593,LaLiga,25,22,2051,0,3,1.479,1.68700509,6.684,15,4,4,0,30,21,0
1002347,LaLiga,19,7,738,0,1,0.4992,0.89447673,6.7631578947368,7,4,1,1,17,9,0
135116,LaLiga,4,2,203,0,0,0.572,0.01775983,6.4666666666667,1,1,0,0,2,0,0
1632454,LaLiga,28,16,1657,1,1,0.8618,0.84830252,6.6535714285714,7,2,4,0,40,5,0
88625,LaLiga,2,2,180,0,0,,0.00033356,6.7,0,0,0,0,0,0,4
164343,LaLiga,28,28,2473,0,0,,0.02491958,7.15,0,0,4,1,1,0,104
1521733,LaLiga,2,1,136,0,0,,0.0011606,7.1,0,0,0,0,0,0,4
900003,LaLiga,29,27,2066,10,1,9.5491,2.33425997,6.9551724137931,52,23,3,0,24,7,0
981604,LaLiga,19,8,814,1,0,2.0846,0.17558508,6.4388888888889,15,6,1,0,4,1,0
1131581,LaLiga,7,5,327,0,0,0.9977,0.20234488,6.3,4,1,1,0,9,0,0
910024,LaLiga,16,4,494,0,0,1.0932,0.65029628,6.4666666666667,11,4,2,1,3,2,0
932764,LaLiga,10,1,211,1,0,0.881,0.07497567,6.58,7,1,1,0,2,0,0
1089108,LaLiga,18,8,775,0,0,1.7689,0.85623641,6.6222222222222,20,6,3,0,23,2,0
913679,LaLiga,22,15,1494,2,0,2.8361,0.28856228,6.9590909090909,15,7,5,2,42,23,0
899982,LaLiga,29,25,2104,3,3,4.8971,3.68960632,6.7413793103448,43,13,9,0,29,3,0
345111,LaLiga,31,22,2060,4,5,6.5044,5.23590241,6.7741935483871,47,19,3,0,27,13,0
900669,LaLiga,28,17,1512,0,0,1.4048,0.90971238,6.525,36,5,2,0,32,3,0
21949,LaLiga,6,0,73,0,0,0.1663,0.32275288,6.5833333333333,1,1,2,0,3,0,0
588566,LaLiga,22,16,1313,0,3,0.8086,1.30999676,6.7857142857143,19,4,4,1,23,17,0
966637,LaLiga,25,10,1106,2,1,1.662,1.16866769,6.576,15,8,4,0,14,2,0
900008,LaLiga,27,21,1735,1,0,1.0089,1.02430554,6.8296296296296,13,4,3,1,58,20,0
326471,LaLiga,22,11,883,0,1,0.3032,1.17349012,6.5714285714286,11,5,4,0,20,6,0
2198232,LaLiga,3,0,11,0,0,,0.07388977,6.7,0,0,0,0,0,0,0
965031,LaLiga,28,27,2403,0,3,2.0208,3.88218469,6.8678571428571,26,8,8,0,58,35,0
1458073,LaLiga,19,18,1468,2,0,1.5789,0.06709551,6.6631578947368,11,3,5,2,20,18,0
88528,LaLiga,31,31,2781,0,1,1.6074,0.34772084,7.0032258064516,43,13,5,0,57,39,0
850035,LaLiga,10,7,491,0,0,0.3808,0.01541862,6.68,3,1,1,0,12,8,0
152446,LaLiga,11,3,343,0,0,0.3289,0.24513486,6.72,2,0,2,0,8,4,0
542634,LaLiga,24,11,1156,2,0,1.5706,1.91190166,6.7454545454545,18,8,2,0,37,13,0
1010421,LaLiga,27,24,2218,1,2,0.614,2.96835374,6.8296296296296,18,3,4,1,45,27,0
1120947,LaLiga,7,1,270,0,0,0.049,0.01803956,6.2714285714286,1,0,0,0,4,3,0
358910,LaLiga,30,30,2700,0,0,,0.09979587,6.9866666666667,0,0,4,0,1,0,82
965832,LaLiga,1,1,90,0,0,,0.00057328,6.3,0,0,0,0,0,0,1
962029,LaLiga,25,14,1241,1,2,3.935,1.45201707,6.6,33,9,1,0,19,4,0
827064,LaLiga,28,18,1580,3,2,4.6052,3.06422303,6.7857142857143,35,14,0,0,12,1,0
754710,LaLiga,18,7,734,1,2,1.8385,1.37750316,6.6333333333333,18,4,3,0,4,1,0
909119,LaLiga,30,18,1655,9,0,7.049,0.79659028,6.7266666666667,30,12,5,0,13,3,0
909966,LaLiga,20,8,901,5,1,5.4421,1.61534897,6.82,36,16,4,0,9,10,0
873947,LaLiga,12,3,283,0,1,0.2105,0.36788855,6.5727272727273,8,1,0,0,7,4,0
609752,LaLiga,9,7,678,2,0,0.4635,0.3440793,7.1777777777778,9,2,2,0,25,4,0
1122610,LaLiga,29,19,1578,1,3,1.7376,1.70938223,6.6714285714286,18,6,3,0,23,21,0
826948,LaLiga,24,20,1725,2,0,3.5,2.03486154,7.0260869565217,22,3,3,0,49,17,0
998950,LaLiga,27,15,1375,3,0,2.2931,1.39388898,6.6592592592593,23,7,2,0,13,8,0
845693,LaLiga,19,11,1002,0,1,0.5929,1.81390109,6.9444444444444,9,3,0,0,22,10,0
900433,LaLiga,30,25,2113,2,5,1.8828,4.0069515,6.8133333333333,35,4,1,0,29,16,0
857482,LaLiga,20,13,1157,0,3,0.8212,1.78316615,6.76,16,2,3,0,17,8,0
344751,LaLiga,19,7,775,1,1,0.365,0.80632761,6.8333333333333,6,2,2,0,12,7,0
797306,LaLiga,8,7,544,1,0,0.5319,0.073605,6.8142857142857,4,3,3,0,8,10,0
227922,LaLiga,27,26,2055,1,1,0.7695,1.71053256,6.5296296296296,12,3,6,1,56,16,0
996928,LaLiga,25,22,1967,0,0,0.3081,0.10563775,6.7,8,1,6,0,33,20,0
892521,LaLiga,8,8,655,0,0,0.213,0.36448009,6.7,5,0,2,0,17,7,0
851282,LaLiga,21,16,1356,0,1,0.3511,1.86084189,6.5285714285714,5,1,4,0,29,16,0
814023,LaLiga,14,12,1089,2,0,1.1305,0.23460093,6.8214285714286,9,3,2,0,23,18,0
151138,LaLiga,15,12,1157,0,0,0.5715,0.27053974,6.38,6,1,1,0,15,8,0
996929,LaLiga,18,5,754,0,0,0.3039,0.32873223,6.6444444444444,8,2,2,0,20,2,0
913695,LaLiga,21,19,1768,0,0,1.5385,0.61313058,6.6238095238095,13,0,5,0,26,22,0
1167704,LaLiga,1,0,12,0,0,,0.00107744,6.7,0,0,0,0,1,0,0
1014412,LaLiga,18,18,1620,0,0,,0.01880043,6.9111111111111,0,0,1,0,2,0,54
97951,LaLiga,13,13,1170,0,0,,0.02045914,6.9692307692308,0,0,0,0,1,0,30
310874,LaLiga,30,29,2504,21,1,15.3688,0.85416217,7.1333333333333,91,41,3,1,8,2,0
1000150,LaLiga,6,3,291,0,2,0.081,0.32650517,6.5666666666667,3,3,2,0,0,0,0
1170693,LaLiga,29,19,1710,2,3,5.0949,0.90152823,6.6586206896552,33,14,2,0,29,12,0
146852,LaLiga,11,0,107,0,0,0.7554,0.11500551,6.5,3,1,0,0,0,0,0
1082981,LaLiga,28,13,1149,3,3,1.1212,2.20872061,6.7607142857143,15,8,3,0,12,7,0
1939173,LaLiga,24,17,1510,1,4,1.9759,1.98302727,6.5916666666667,27,12,0,1,13,6,0
988351,LaLiga,28,25,2193,5,1,2.4283,0.84825249,6.9178571428571,27,11,9,0,51,22,0
309546,LaLiga,16,6,519,1,0,1.1087,0.93876894,6.56875,9,2,2,0,8,1,0
110783,LaLiga,31,23,2103,1,4,1.9061,3.79754483,6.8709677419355,30,9,3,0,21,21,0
255999,LaLiga,24,20,1756,1,2,0.1355,0.27444048,6.7791666666667,3,2,4,0,38,29,0
826004,LaLiga,25,16,1296,2,0,1.7449,0.92221424,6.768,9,3,2,1,41,14,0
949722,LaLiga,26,9,1003,0,0,0.4017,0.80980791,6.5423076923077,6,3,2,1,17,11,0
1484974,LaLiga,2,0,46,0,0,,0.00870359,6.45,0,0,0,0,0,0,0
1162309,LaLiga,14,1,200,0,0,0.3075,0.13913213,6.4833333333333,4,1,0,0,4,0,0
1905699,LaLiga,2,0,16,0,0,,0.02471319,6.75,0,0,0,0,0,0,0
344847,LaLiga,30,25,2324,0,3,0.4884,2.61635951,6.7133333333333,15,2,5,0,48,19,0
788216,LaLiga,25,24,2137,1,1,0.4073,1.17197887,6.952,7,1,9,0,52,31,0
893642,LaLiga,8,5,438,0,0,0.0986,0.03598048,6.625,3,0,1,0,3,2,0
807116,LaLiga,23,23,2033,0,1,0.5448,0.57097538,6.9478260869565,12,1,4,0,25,16,0
300522,LaLiga,30,30,2700,0,0,0.7434,0.2668056,6.6233333333333,14,7,5,0,33,17,0
879543,LaLiga,16,8,654,1,0,0.3014,0.30805831,6.50625,4,2,2,0,18,6,0
828239,LaLiga,9,6,475,0,1,,0.43812877,6.4625,0,0,3,0,8,5,0
1513896,LaLiga,8,6,569,0,0,0.2953,0.0614706,6.7,3,0,2,0,7,6,0
996903,LaLiga,5,5,450,0,0,,0.01640362,7.06,0,0,1,0,0,0,15
1131909,LaLiga,26,26,2340,0,0,,0.07120393,7.0269230769231,0,0,4,0,1,1,89
34120,LaLiga,22,10,1077,3,1,2.6459,1.47560209,6.6045454545455,21,7,1,0,17,4,0
946381,LaLiga,26,18,1749,8,3,9.6194,0.98235192,6.6730769230769,54,27,1,0,5,0,0
875890,LaLiga,22,4,713,1,1,1.2959,0.63684968,6.8,17,2,0,0,13,4,0
268903,LaLiga,6,5,454,1,0,0.3922,0.08468909,6.6833333333333,4,1,1,0,2,1,0
1018190,LaLiga,23,13,1173,4,0,5.0233,0.47040016,6.504347826087,34,13,4,1,14,6,0
872919,LaLiga,17,14,1152,3,5,2.364,1.83204795,6.7705882352941,27,6,1,0,13,6,0
799054,LaLiga,27,23,1800,5,1,1.7045,1.22305638,6.7888888888889,17,8,3,0,32,18,0
960006,LaLiga,27,25,2153,1,2,0.7634,1.39207006,6.7814814814815,12,2,10,0,47,35,0
68332,LaLiga,27,22,2040,2,0,0.9845,0.37217685,6.7222222222222,22,6,8,0,31,20,0
328145,LaLiga,12,2,320,0,0,0.2532,0.89250676,6.7,7,0,1,0,6,1,0
859021,LaLiga,25,19,1597,1,0,1.1401,0.4788675,6.7086956521739,17,5,6,0,35,18,0
1010655,LaLiga,26,22,1839,0,3,0.7679,2.76726857,6.6269230769231,13,1,3,1,54,10,0
997033,LaLiga,22,11,914,2,1,0.9674,0.71756013,6.8047619047619,14,6,8,0,11,1,0
591750,LaLiga,3,0,22,0,0,,0.00520519,6.35,0,0,1,1,0,0,0
1534422,LaLiga,14,9,960,1,3,0.9417,1.04172031,6.7428571428571,10,4,1,0,17,4,0
1142094,LaLiga,7,1,215,0,0,0.0497,0.21921606,6.6285714285714,2,0,2,0,3,0,0
21555,LaLiga,15,15,1038,0,1,0.0096,0.54362024,6.9,1,0,4,0,25,22,0
818986,LaLiga,23,19,1582,0,1,0.4185,2.86222063,6.7363636363636,4,2,6,0,67,19,0
1003007,LaLiga,12,8,648,0,0,0.4826,0.03576385,6.475,9,0,5,1,14,4,0
840951,LaLiga,13,11,943,0,0,0.7073,0.07020195,6.6461538461538,10,2,2,1,13,5,0
1015240,LaLiga,28,23,2045,1,3,0.6151,1.17359477,6.6642857142857,17,3,10,0,55,32,0
1097719,LaLiga,19,17,1578,1,0,0.8739,0.33103145,7.0210526315789,11,6,1,0,40,32,0
941464,LaLiga,1,0,9,0,0,,0.0006656,6.7,0,0,0,0,0,0,0
252815,LaLiga,4,4,298,0,0,,0.00772347,6.625,0,0,0,0,5,3,0
1428699,LaLiga,13,8,821,0,0,0.2673,0.12985306,6.9307692307692,5,1,3,0,17,12,0
138149,LaLiga,27,27,2430,0,0,,0.03540282,6.9777777777778,0,0,2,0,0,1,77
22209,LaLiga,4,4,360,0,0,,0.00475282,6.65,0,0,1,0,0,0,9
175753,LaLiga,10,3,295,0,0,0.2366,0.19745068,6.36,6,3,1,0,4,0,0
814385,LaLiga,25,19,1797,11,1,8.9816,1.61263786,6.812,58,20,2,1,32,7,0
831253,LaLiga,30,25,2135,8,3,7.5719,1.39903549,6.94,74,25,1,0,24,4,0
1084043,LaLiga,3,2,178,1,0,0.7675,0.01762656,6.5666666666667,4,2,0,0,2,1,0
855832,LaLiga,29,29,2501,1,2,0.8939,1.31965823,6.8758620689655,32,11,7,0,79,48,0
794937,LaLiga,31,22,1883,0,4,2.5727,3.0199777,6.5612903225806,27,5,4,0,35,10,0
1082968,LaLiga,24,9,1014,1,1,2.0704,2.08762873,6.695652173913,28,9,5,0,30,10,0
138383,LaLiga,23,11,1091,1,2,0.8313,1.33741316,6.7347826086957,6,3,6,0,19,6,0
1046796,LaLiga,17,13,731,0,0,0.1321,0.40224848,6.6823529411765,5,1,2,0,25,6,0
873717,LaLiga,9,3,255,0,0,0.2303,0.20638603,6.6333333333333,3,2,0,1,10,2,0
1084381,LaLiga,30,24,1903,1,1,3.9885,1.16517248,6.69,43,12,5,0,40,18,0
788141,LaLiga,21,10,821,0,0,1.381,0.24616926,6.4263157894737,10,3,1,0,16,5,0
891931,LaLiga,21,2,617,1,0,0.2031,0.32851371,6.6428571428571,4,1,2,1,12,7,0
1513222,LaLiga,9,7,669,1,1,0.6475,1.20328632,6.7111111111111,7,3,2,0,11,6,0
1122588,LaLiga,1,0,1,0,0,,0.00084815,0,0,0,0,0,0,0,0
1403364,LaLiga,22,12,1213,0,1,0.7757,2.01523112,6.655,10,2,6,0,14,10,0
879875,LaLiga,10,8,792,0,0,0.3487,0.06993259,6.62,8,4,3,0,13,7,0
896073,LaLiga,29,29,2609,1,0,0.9519,0.39094313,6.7344827586207,16,4,2,0,48,35,0
235648,LaLiga,30,30,2638,0,0,0.4534,1.70102385,6.71,7,2,5,0,58,38,0
934383,LaLiga,21,20,1725,0,0,0.2983,0.30440386,6.7714285714286,4,1,4,1,36,11,0
999178,LaLiga,2,0,11,0,0,,,6.4,0,0,0,0,2,1,0
985726,LaLiga,23,18,1611,0,3,0.67,1.37182315,6.4363636363636,9,1,6,1,23,7,0
369004,LaLiga,31,31,2790,0,0,,0.12795231,7.0129032258065,0,0,2,0,2,0,82
1154587,LaLiga,27,19,1720,5,4,6.9798,2.31378857,6.9148148148148,59,18,1,0,16,2,0
190159,LaLiga,24,16,1374,7,0,7.3591,1.02813117,6.804347826087,40,19,2,0,8,2,0
825754,LaLiga,26,20,1748,8,0,7.6763,1.11330028,6.7,67,35,4,0,16,5,0
1518971,LaLiga,7,0,106,1,0,0.3025,0.44767474,6.86,5,2,0,0,4,1,0
605374,LaLiga,6,6,496,1,0,0.4627,0.47013383,6.85,5,1,1,0,15,4,0
1126447,LaLiga,7,4,357,1,0,0.8507,0.5719522,6.8857142857143,11,4,1,0,7,1,0
1117026,LaLiga,11,1,217,0,0,0.068,0.04854422,6.6,1,0,0,1,6,5,0
848512,LaLiga,17,11,765,1,0,1.0098,0.55754134,6.5529411764706,14,2,2,0,12,4,0
286167,LaLiga,30,30,2655,2,2,1.9108,2.55592421,7.2166666666667,20,8,7,0,65,22,0
914765,LaLiga,5,1,144,0,0,,0.1906978,6.7,0,0,1,0,5,0,0
962710,LaLiga,30,28,2400,4,4,2.4395,4.20677971,6.9733333333333,24,8,3,0,45,16,0
1100646,LaLiga,23,14,1253,2,5,0.8371,2.41239175,6.8173913043478,12,4,2,0,17,2,0
1014595,LaLiga,29,24,2027,1,1,0.108,0.47484476,6.8206896551724,2,1,2,0,42,37,0
1092515,LaLiga,9,3,289,0,0,0.117,0.20712071,6.4555555555556,2,0,1,1,2,1,0
808955,LaLiga,15,4,495,0,2,0.259,1.87528564,6.7357142857143,3,1,2,0,7,3,0
1402908,LaLiga,9,5,328,1,2,0.5487,0.17712844,6.7222222222222,10,4,0,0,8,5,0
988672,LaLiga,29,26,2355,0,0,0.4865,0.5901705,6.8275862068966,8,2,6,1,61,42,0
1542721,LaLiga,6,4,263,0,0,0.0964,0.02936347,6.5333333333333,1,0,1,0,10,4,0
928672,LaLiga,22,6,893,1,1,0.5143,1.55845057,6.5190476190476,10,3,4,0,30,10,0
855831,LaLiga,24,19,1802,0,0,0.3542,0.57242402,6.8375,6,2,6,1,54,19,0
141832,LaLiga,22,20,1610,0,2,0.6564,1.11428131,6.8636363636364,9,2,3,1,30,24,0
827504,LaLiga,28,16,1467,0,0,0.6371,0.27140833,6.662962962963,8,0,2,0,36,12,0
1094758,LaLiga,15,5,491,1,0,0.3822,0.07084825,6.5785714285714,5,2,2,0,11,6,0
794949,LaLiga,16,16,1440,0,0,,0.19362111,7.19375,0,0,0,0,0,0,55
556884,LaLiga,15,15,1350,0,0,,0.08413776,7.5,0,0,1,0,0,1,48
1393673,LaLiga,27,18,1620,6,4,7.3069,1.56775859,6.6851851851852,41,17,2,0,27,4,0
344129,LaLiga,19,1,359,1,1,2.0972,0.50979268,6.6789473684211,9,4,1,0,9,3,0
1014042,LaLiga,27,24,1972,5,1,7.3797,1.83132407,6.8962962962963,54,15,4,0,28,10,0
1649918,LaLiga,18,6,748,8,0,3.564,0.11372252,6.9,29,16,3,0,9,4,0
1869106,LaLiga,11,3,416,0,0,0.4881,0.47144871,6.56,11,4,2,0,1,2,0
1083832,LaLiga,21,12,1194,1,1,0.3415,0.427228,6.8095238095238,9,3,4,1,27,11,0
1010656,LaLiga,27,22,1832,3,1,2.6252,3.93705258,6.8333333333333,27,10,3,0,22,13,0
859769,LaLiga,18,13,1192,0,0,0.3872,0.409332,6.6555555555556,6,1,3,0,19,8,0
1160250,LaLiga,4,0,45,0,0,,0.00397488,6.5,0,0,0,0,1,0,0
992331,LaLiga,18,9,696,3,1,1.694,0.71202649,6.7055555555556,13,4,1,0,9,9,0
1170694,LaLiga,10,6,528,0,0,0.0341,0.06831324,6.87,2,0,0,0,15,9,0
1649919,LaLiga,15,13,943,0,1,0.9474,0.30184895,6.5285714285714,15,2,3,0,20,12,0
1010383,LaLiga,26,11,1158,1,2,1.2461,1.88571929,6.7307692307692,20,6,3,1,20,11,0
927066,LaLiga,20,14,1312,1,2,1.7366,2.31543791,6.785,24,4,2,0,13,17,0
966802,LaLiga,16,11,818,0,0,,1.53268889,6.69375,0,0,3,1,22,6,0
909554,LaLiga,15,10,900,0,1,2.2102,0.65580141,6.3466666666667,18,5,1,0,10,4,0
952222,LaLiga,17,9,795,0,1,0.887,0.92737605,6.6882352941176,13,4,0,0,12,9,0
1177401,LaLiga,17,9,853,1,0,0.6173,0.14168528,6.4588235294118,8,1,0,1,20,6,0
1496360,LaLiga,21,20,1636,0,0,0.7672,0.71797307,6.9047619047619,8,0,6,0,27,27,0
984789,LaLiga,27,26,2357,1,2,0.732,1.103761,6.5222222222222,11,3,8,0,70,29,0
997244,LaLiga,27,24,2184,2,1,2.9706,1.39137471,6.8814814814815,31,7,5,0,26,39,0
149606,LaLiga,30,30,2610,1,3,0.9674,3.85637211,6.5866666666667,9,1,7,0,57,26,0
813574,LaLiga,12,11,958,1,0,0.668,0.35103357,6.6833333333333,3,1,2,0,8,3,0
855837,LaLiga,6,4,367,0,0,0.2084,0.17413368,6.4333333333333,3,0,2,0,8,4,0
2049311,LaLiga,2,1,80,0,0,,0.00275601,6.5,0,0,0,0,3,1,0
134029,LaLiga,29,29,2610,0,0,0.1622,0.06460939,7.2862068965517,2,0,2,0,2,1,104
1085579,LaLiga,2,2,180,0,0,,0.00291822,7.75,0,0,0,0,0,0,11
976104,LaLiga,27,22,1937,9,1,7.7424,1.72229971,6.9814814814815,45,21,3,3,41,11,0
1018547,LaLiga,7,0,97,0,0,0.3984,0.01368126,6.5166666666667,3,1,1,0,3,0,0
1086128,LaLiga,15,2,311,0,1,1.2118,0.04378832,6.4642857142857,8,2,0,0,1,1,0
17651,LaLiga,21,4,640,0,1,0.3601,1.51239027,6.775,7,1,1,1,11,1,0
942836,LaLiga,30,17,1638,0,3,1.5087,2.97803233,6.84,30,7,1,0,32,6,0
905639,LaLiga,22,18,1469,0,0,0.3251,0.19685209,6.6227272727273,8,2,3,0,31,14,0
1008037,LaLiga,29,24,1937,4,2,5.2676,1.13427769,6.5586206896552,58,25,2,1,41,5,0
190405,LaLiga,19,15,1339,1,0,0.8047,0.46455553,6.7611111111111,9,4,2,0,36,12,0
1201412,LaLiga,10,5,464,0,4,0.3546,2.12372382,6.7,7,3,2,0,7,3,0
885664,LaLiga,18,8,729,1,0,0.6924,0.51986415,6.4444444444444,9,5,2,1,10,5,0
944629,LaLiga,14,7,674,0,0,0.2697,0.27457049,6.7857142857143,6,1,5,0,29,13,0
822379,LaLiga,26,18,1682,0,1,0.5038,1.52754165,6.768,12,2,6,0,36,14,0
882475,LaLiga,30,24,1875,4,1,2.7944,1.89218787,6.7033333333333,17,8,4,1,33,11,0
845025,LaLiga,7,2,177,0,0,0.1386,0.39773399,6.6571428571429,3,1,1,0,4,2,0
1587199,LaLiga,5,0,81,0,0,0.0352,0.00134307,6.36,2,0,0,0,1,0,0
606346,LaLiga,11,11,954,1,0,0.2877,0.201657,7.0363636363636,4,1,3,0,8,13,0
1120504,LaLiga,22,15,1460,0,0,0.0414,0.80834445,6.647619047619,2,0,2,0,31,25,0
892235,LaLiga,21,19,1722,1,0,0.9059,0.47294114,6.7904761904762,10,3,6,1,32,21,0
945404,LaLiga,19,16,1365,0,1,0.4509,0.81522205,6.6210526315789,6,1,3,0,37,14,0
844752,LaLiga,22,21,1765,0,0,1.3052,0.71675442,6.6863636363636,10,3,4,0,37,24,0
345333,LaLiga,20,18,1637,1,0,0.6826,0.17317417,6.83,2,1,2,0,24,23,0
560756,LaLiga,15,12,1167,0,0,0.0556,0.15934664,6.9333333333333,1,0,3,0,18,8,0
2115056,LaLiga,1,0,13,0,0,,0.00072805,6.7,0,0,0,0,0,0,0
597876,LaLiga,15,10,968,0,1,0.9216,1.0862571,6.7466666666667,8,2,2,0,44,15,0
368922,LaLiga,31,31,2790,0,0,,0.08731292,7.2741935483871,0,0,2,0,0,0,133
823984,Serie A,26,24,1963,16,4,12.1626,1.96487391,7.0961538461538,86,35,3,0,21,5,0
791702,Serie A,26,21,1711,11,5,7.9936,2.23044041,7.0307692307692,65,26,2,0,22,1,0
1086223,Serie A,28,8,904,5,3,3.2446,1.73284199,6.8259259259259,19,8,1,0,16,1,0
1156616,Serie A,31,13,1382,6,3,6.265,1.35152804,6.658064516129,55,22,1,0,7,5,0
135700,Serie A,22,20,1649,9,4,5.6541,3.4953317,7.4954545454545,50,17,7,0,34,16,0
363856,Serie A,30,27,2255,3,8,2.9306,5.7495253,7.24,31,5,6,0,49,6,0
138605,Serie A,30,19,1781,6,2,2.1768,2.59459061,7.17,26,10,2,0,27,5,0
284361,Serie A,31,27,2454,6,15,4.8916,9.7663354,7.4322580645161,61,19,3,0,50,29,0
759520,Serie A,17,14,1200,3,1,2.8213,0.8265592,6.6352941176471,19,5,2,0,13,7,0
37151,Serie A,25,14,1306,2,1,3.3511,2.68278181,6.884,35,9,3,0,29,14,0
1091303,Serie A,29,16,1370,1,2,1.3949,1.99454761,6.8035714285714,18,4,5,0,33,7,0
977679,Serie A,27,17,1474,1,2,0.876,1.7356803,6.868,15,7,1,0,18,6,0
835600,Serie A,19,3,520,0,0,1.8621,0.15513778,6.5166666666667,13,3,0,0,14,3,0
1048889,Serie A,15,1,246,0,0,0.2818,1.04801712,6.6214285714286,5,2,0,0,5,1,0
19352,Serie A,4,0,102,0,0,,0.04272988,6.375,0,0,0,0,0,1,0
383560,Serie A,31,29,2640,2,0,1.8925,1.32105999,7.0935483870968,22,6,4,0,45,34,0
826188,Serie A,26,26,2119,1,4,1.3519,2.6640937,7.2653846153846,17,8,6,0,50,22,0
929199,Serie A,29,14,1382,1,1,1.0726,1.45875977,6.9,14,4,6,0,31,15,0
91046,Serie A,9,6,500,0,0,0.3226,0.11092072,7.1571428571429,5,2,1,0,11,4,0
906275,Serie A,19,17,1565,2,1,2.2432,0.98007079,7.1105263157895,22,9,2,0,25,17,0
126816,Serie A,16,13,1207,0,0,0.3657,0.46919802,6.99375,3,1,3,0,10,17,0
16206,Serie A,30,30,2700,0,0,,0.02373557,6.9466666666667,0,0,0,0,0,0,62
845291,Serie A,3,3,270,0,0,,0.00107965,6.6666666666667,0,0,0,0,0,0,5
851284,Serie A,25,20,1640,9,3,9.6507,2.82175217,6.908,58,23,4,0,5,4,0
769333,Serie A,27,12,1140,5,3,6.7861,1.08458554,6.662962962963,21,11,0,0,5,1,0
817957,Serie A,26,17,1459,8,3,7.4672,4.054092,7.05,49,23,0,0,14,3,0
892141,Serie A,12,8,694,0,0,2.8828,0.50585435,6.4666666666667,22,7,2,0,6,1,0
132645,Serie A,16,3,536,1,0,3.8984,0.32333032,6.475,16,5,0,0,1,3,0
15466,Serie A,32,31,2713,2,3,1.4844,4.72539082,7.54375,18,8,4,0,48,38,0
250737,Serie A,24,23,2100,6,4,3.6875,2.54350559,7.2875,36,10,4,1,46,14,0
901891,Serie A,31,29,2468,2,3,2.7649,4.40997773,7.1774193548387,39,9,4,0,63,25,0
284441,Serie A,25,11,1058,3,1,3.1636,1.02520028,6.644,29,6,1,0,12,4,0
945062,Serie A,28,24,1923,2,3,3.2995,3.35728745,6.6571428571429,38,16,4,0,37,13,0
1034082,Serie A,10,4,483,0,1,0.2018,0.50472082,6.81,6,2,0,0,11,5,0
930189,Serie A,27,10,1146,1,3,1.5289,1.6756945,6.8703703703704,18,6,1,0,13,8,0
805465,Serie A,16,12,901,1,1,0.3916,1.23214142,6.7,9,1,3,1,13,10,0
965893,Serie A,29,28,2420,4,1,3.1038,1.08713472,7.0586206896552,22,5,3,0,44,19,0
788255,Serie A,29,27,2312,0,2,0.588,0.91305474,7.025,9,2,5,0,63,27,0
1390489,Serie A,27,23,2137,2,0,1.0313,3.88346156,6.9703703703704,20,6,2,0,45,11,0
826195,Serie A,25,23,2081,0,0,1.3372,0.13429903,6.972,18,3,3,0,16,12,0
1001828,Serie A,24,18,1733,1,1,0.6938,0.42023281,6.9260869565217,7,1,1,0,27,13,0
1409700,Serie A,23,6,655,1,2,0.1772,0.81418473,6.6571428571429,8,2,3,0,10,3,0
1424191,Serie A,2,0,9,0,0,,4.329e-05,6.7,0,0,0,0,0,0,0
191210,Serie A,32,32,2846,0,0,,0.02573255,7.20625,0,0,3,0,0,1,89
136856,Serie A,2,1,124,0,0,,0.00132412,7.05,0,0,0,0,0,0,4
1086417,Serie A,28,27,2340,10,3,9.2367,2.18554451,6.5142857142857,51,22,1,0,4,0,0
78893,Serie A,5,0,50,1,0,0.2633,0.27447494,6.575,2,1,1,0,0,0,0
850993,Serie A,16,10,925,3,3,1.5387,3.20852168,7.0125,17,4,3,0,10,1,0
1122835,Serie A,9,4,476,2,0,0.7987,0.42204135,7.1222222222222,19,11,0,0,15,2,0
1170773,Serie A,31,20,1778,3,5,3.5548,1.87305186,6.5225806451613,53,26,2,0,14,5,0
235672,Serie A,30,22,1906,2,5,2.186,4.44689023,6.9366666666667,45,12,2,0,13,3,0
1069560,Serie A,11,8,608,1,2,0.7664,0.81761363,6.87,10,3,2,0,12,4,0
70996,Serie A,14,11,923,4,0,3.5572,2.5676431,6.8642857142857,24,9,1,0,7,5,0
879346,Serie A,28,26,2343,8,3,7.6583,1.28099432,7,78,28,1,0,27,18,0
787941,Serie A,17,14,1226,4,1,2.536,1.30922099,6.9588235294118,23,9,1,0,18,12,0
150383,Serie A,27,24,2093,1,1,0.5119,1.51856719,6.9259259259259,8,4,3,0,24,12,0
907668,Serie A,14,8,700,1,0,0.6323,0.97922301,7.0916666666667,9,2,1,0,12,10,0
838232,Serie A,29,18,1610,1,2,2.8001,1.65130064,6.7379310344828,23,8,2,0,24,6,0
377512,Serie A,12,2,258,0,0,0.0451,0.267426,6.61,2,1,0,1,1,2,0
153257,Serie A,23,23,2010,1,1,1.8855,2.72553278,6.8826086956522,23,8,1,0,43,9,0
908716,Serie A,23,11,1122,1,1,0.6785,0.96160937,6.7863636363636,12,4,0,0,24,7,0
870263,Serie A,29,24,2190,0,1,1.4318,0.75511083,6.8068965517241,8,3,3,0,30,39,0
148899,Serie A,29,21,1806,3,3,1.1165,3.18382453,7.0321428571429,20,7,1,0,21,4,0
332155,Serie A,16,16,1360,1,1,0.6763,0.2322382,7.15,8,1,3,0,20,18,0
805078,Serie A,22,13,1240,0,0,1.3746,0.62873453,6.7272727272727,8,3,3,0,39,12,0
108484,Serie A,23,19,1639,0,0,0.3325,0.28066739,6.7130434782609,3,0,8,1,37,26,0
898815,Serie A,21,16,1469,2,0,1.6669,0.5090086,6.805,7,3,2,0,19,13,0
356160,Serie A,24,24,2160,0,0,,0.06965603,6.8333333333333,0,0,0,0,0,0,46
592794,Serie A,9,9,810,0,1,,0.00447377,6.5444444444444,0,0,1,0,0,0,17
1149011,Serie A,32,30,2566,10,6,7.8257,9.06615277,7.45,89,38,2,0,16,7,0
832208,Serie A,14,8,693,3,1,4.1235,0.68133253,6.6071428571429,30,11,0,0,3,2,0
935564,Serie A,31,18,1598,6,4,8.4408,1.5476344,6.4413793103448,38,16,0,0,15,5,0
979222,Serie A,26,22,1716,3,4,5.7194,3.95504803,6.9576923076923,58,16,2,0,26,6,0
835480,Serie A,24,6,675,1,0,3.5657,1.15895313,6.5095238095238,26,6,0,0,6,1,0
161325,Serie A,2,0,34,0,0,0.0872,0.02698012,6.3,2,2,0,0,0,0,0
887766,Serie A,14,0,321,0,0,0.5188,1.03879125,6.6692307692308,15,7,0,0,5,0,0
367056,Serie A,10,4,453,4,0,2.1917,1.6797897,7.1222222222222,15,9,0,0,6,2,0
904832,Serie A,31,27,2246,3,2,2.7937,3.33595507,6.9935483870968,46,15,2,0,58,12,0
363860,Serie A,31,31,2554,1,2,2.4569,4.0987055,7.6838709677419,38,11,7,0,89,36,0
881931,Serie A,31,27,2395,5,5,7.4202,4.93854135,6.8620689655172,41,15,5,0,33,20,0
803033,Serie A,28,16,1645,0,0,1.4845,1.18656145,6.7444444444444,27,6,5,0,27,18,0
917048,Serie A,31,30,2433,3,3,2.6464,4.15547004,6.858064516129,21,11,2,1,52,18,0
126588,Serie A,18,4,490,3,1,0.586,1.17549743,6.9,9,4,1,0,17,4,0
1149288,Serie A,10,1,193,1,0,0.2299,0.23095471,6.59,6,4,0,0,4,2,0
1010223,Serie A,20,5,589,1,2,2.0325,1.54582991,6.6631578947368,16,4,1,0,18,3,0
885197,Serie A,22,21,1815,4,3,1.9937,1.08936761,7.0954545454545,15,7,4,0,23,23,0
965330,Serie A,32,32,2832,2,4,1.7385,2.86546262,6.9375,12,4,1,1,53,23,0
1128063,Serie A,18,11,991,2,0,1.9499,0.11655731,6.8294117647059,12,6,3,0,10,12,0
988037,Serie A,12,2,296,2,0,0.7946,0.17708514,6.7416666666667,5,2,1,0,9,4,0
865167,Serie A,30,28,2567,1,1,0.7141,1.2779412,7.02,13,2,4,0,43,13,0
965264,Serie A,15,10,836,1,4,1.1246,1.66123414,6.84,11,1,1,1,28,7,0
844609,Serie A,26,25,2295,0,0,,0.01418819,6.8846153846154,0,0,1,0,0,0,53
79645,Serie A,8,8,675,0,0,,0.00332392,6.6625,0,0,0,0,0,0,10
125407,Serie A,22,9,895,0,1,4.4024,0.49432262,6.525,22,7,2,1,11,1,0
1493689,Serie A,12,8,668,1,1,0.8579,0.45424424,6.75,16,5,1,0,8,2,0
894863,Serie A,33,20,1862,11,1,9.1747,1.4035031,6.8121212121212,54,24,0,0,12,4,0
877835,Serie A,22,6,654,1,1,1.02,1.23571578,6.6142857142857,8,3,0,0,13,4,0
1171451,Serie A,32,30,2657,12,6,8.2989,4.02148478,7.359375,116,48,5,0,84,26,0
1090019,Serie A,24,13,1212,6,3,1.3004,3.88999293,7.1291666666667,20,7,0,0,14,5,0
123976,Serie A,17,5,529,0,0,0.9647,0.49886606,6.6235294117647,7,2,3,0,7,5,0
1086286,Serie A,31,28,2343,3,4,2.1121,2.67442962,7,16,8,8,0,52,19,0
1800245,Serie A,27,16,1578,1,7,3.7896,3.49471089,6.8148148148148,42,10,2,1,23,5,0
1177723,Serie A,12,7,688,3,0,1.5392,1.24869061,6.875,13,6,4,0,6,3,0
859027,Serie A,26,16,1318,2,4,2.04,2.19022051,6.8615384615385,16,4,2,0,31,10,0
911848,Serie A,31,26,2302,4,3,5.2224,4.37347039,7.0645161290323,32,12,4,0,47,16,0
1403348,Serie A,28,26,2383,2,0,4.1617,1.38844205,7.1428571428571,32,7,9,1,45,31,0
1142238,Serie A,25,20,1819,1,4,1.0388,1.09851836,6.74,11,2,3,0,48,22,0
604232,Serie A,23,18,1703,1,0,0.8271,0.13566007,6.8739130434783,6,2,7,0,27,18,0
974581,Serie A,23,16,1331,0,1,0.7787,0.49371365,6.865,10,4,8,0,35,19,0
798147,Serie A,27,18,1536,2,2,1.3624,2.70227793,6.7192307692308,18,7,2,0,13,14,0
226974,Serie A,30,24,2028,4,0,2.7354,0.7794615,6.9642857142857,18,6,2,0,16,10,0
229740,Serie A,15,11,1010,1,1,1.0828,0.43430634,6.7933333333333,9,3,2,0,19,3,0
989186,Serie A,16,10,840,0,1,0.0834,1.05974187,6.7666666666667,2,0,2,0,21,8,0
295133,Serie A,2,0,14,0,0,,0.00167724,7,0,0,0,0,0,0,0
599114,Serie A,33,33,2970,0,1,,0.11327962,7.1757575757576,0,0,3,0,1,1,81
256219,Serie A,17,12,1056,2,2,4.2342,3.11214113,6.7,36,14,0,0,7,2,0
803039,Serie A,13,13,1061,10,0,8.5923,0.66580655,7.1,53,21,1,0,2,0,0
798820,Serie A,13,3,388,3,1,2.345,0.44622872,6.5923076923077,10,5,0,0,3,1,0
1082406,Serie A,28,24,1891,6,5,3.3868,3.48440525,7.0892857142857,46,15,1,0,16,9,0
999231,Serie A,16,10,776,3,2,2.6228,0.93835688,6.5266666666667,27,15,1,0,7,1,0
1514800,Serie A,9,0,169,1,0,0.5053,0.04266904,6.6333333333333,5,2,0,0,0,2,0
555540,Serie A,24,20,1475,4,2,5.3196,3.04111176,6.8291666666667,32,12,2,0,12,14,0
45925,Serie A,17,5,568,0,2,1.0056,1.2233998,6.7176470588235,14,6,2,0,9,6,0
1084730,Serie A,4,2,135,0,1,0.0504,0.69838992,6.9,1,1,1,0,1,0,0
1618563,Serie A,11,1,239,0,0,0.1746,1.01202949,6.6909090909091,5,1,0,0,0,0,0
1128530,Serie A,21,6,739,0,1,0.1589,0.44954543,6.62,4,3,4,0,11,16,0
974087,Serie A,26,26,2302,2,2,2.1114,1.9481257,7.0230769230769,21,5,2,0,48,16,0
848355,Serie A,7,5,418,0,0,0.19,0.72279705,6.8285714285714,5,2,2,0,9,2,0
186855,Serie A,32,31,2684,2,1,2.0211,2.47278285,7.04375,40,8,6,0,62,25,0
1175821,Serie A,20,9,994,1,2,0.9808,0.71275393,6.635,13,4,3,0,22,16,0
1134200,Serie A,26,24,2117,4,0,1.3855,3.34629617,7.0615384615385,22,10,5,1,50,18,0
786259,Serie A,18,6,644,0,0,0.4216,0.42240865,6.6055555555556,7,0,1,0,11,8,0
848287,Serie A,27,27,2376,3,0,1.8315,0.82271205,6.9407407407407,21,5,5,0,21,37,0
611210,Serie A,31,31,2641,1,2,1.8386,1.39171995,6.9290322580645,16,5,9,0,47,44,0
1499991,Serie A,14,5,476,0,0,,0.11434225,6.85,0,0,2,0,19,8,0
893008,Serie A,29,27,2340,1,2,1.3857,1.82182625,6.8206896551724,20,4,2,1,51,16,0
353130,Serie A,22,20,1719,2,1,0.8547,0.65026152,6.9454545454545,14,5,6,0,30,26,0
982778,Serie A,20,11,993,0,4,0.2114,2.18822409,6.8277777777778,4,1,0,0,29,13,0
1384847,Serie A,19,8,960,0,0,0.1759,0.24680625,6.7722222222222,1,0,1,0,24,17,0
793986,Serie A,33,33,2970,0,0,,0.02760309,7.0757575757576,0,0,0,0,3,1,98
960441,Serie A,26,22,1862,3,5,3.2751,8.1487109,7.2961538461538,41,15,4,0,19,3,0
1019442,Serie A,23,8,900,2,1,2.0629,1.77278569,6.7260869565217,21,9,3,0,9,2,0
865651,Serie A,8,3,424,2,1,1.9339,0.87105013,6.85,16,7,0,0,4,1,0
807301,Serie A,21,14,1163,8,1,6.5246,0.70376583,6.6095238095238,53,19,2,0,7,3,0
839156,Serie A,29,15,1482,10,4,12.2285,1.73868572,6.7379310344828,85,28,2,0,12,3,0
984184,Serie A,29,21,1633,2,4,2.7069,4.00890167,6.9586206896552,34,6,3,0,22,13,0
946888,Serie A,26,23,1948,1,0,4.0721,1.34399808,6.95,32,9,2,0,51,23,0
190437,Serie A,28,19,1684,3,4,1.9621,2.40872882,6.9392857142857,16,6,2,0,24,10,0
980624,Serie A,23,10,939,2,1,2.817,2.43669781,6.7818181818182,22,7,1,0,11,8,0
983815,Serie A,17,4,529,1,0,0.5809,0.74535639,6.7625,6,1,1,0,8,4,0
826185,Serie A,21,13,1251,0,1,0.4756,1.78708747,6.7,13,5,1,0,18,7,0
132318,Serie A,30,26,2251,2,3,1.6187,4.43213181,6.8466666666667,33,7,3,0,18,19,0
100389,Serie A,29,27,2321,1,2,0.7656,1.7627567,7.1068965517241,14,4,6,1,72,18,0
1012177,Serie A,23,17,1572,0,3,0.4032,3.45036662,6.9782608695652,9,1,3,0,29,14,0
973437,Serie A,17,10,962,1,0,0.3877,0.14630651,6.65625,5,1,1,0,16,9,0
142148,Serie A,16,13,1059,0,0,0.1948,0.2734921,6.71875,3,0,3,0,24,8,0
1012176,Serie A,19,18,1432,3,0,2.5158,1.32368102,7.1473684210526,17,6,2,0,36,32,0
1157713,Serie A,25,18,1752,1,0,0.8017,0.30156464,6.852,8,3,4,0,43,22,0
1634980,Serie A,18,12,1082,0,0,1.5951,0.667515,6.6555555555556,10,2,1,1,28,14,0
151003,Serie A,30,26,2274,0,0,1.2309,0.67429969,6.9333333333333,13,2,4,0,46,27,0
865646,Serie A,33,33,2970,0,0,,0.05022936,7.3212121212121,0,0,0,0,0,0,100
1116577,Serie A,30,22,2045,7,2,6.6609,0.80526782,6.76,55,18,2,0,9,1,0
1065261,Serie A,23,14,1281,2,1,3.3709,1.45411867,6.7434782608696,38,13,2,0,19,6,0
905381,Serie A,21,9,805,2,2,2.9433,0.52576948,6.5285714285714,23,5,2,0,7,1,0
971005,Serie A,27,17,1516,3,4,2.1255,2.3798555,6.9518518518519,24,6,3,1,30,8,0
793645,Serie A,31,24,1915,8,1,8.4122,0.98936488,6.8548387096774,75,28,2,0,16,7,0
294597,Serie A,25,8,915,2,2,2.2899,1.78923689,6.836,28,8,2,0,7,4,0
1162611,Serie A,13,5,478,0,3,0.6574,0.36901782,6.4538461538462,11,1,1,0,7,2,0
814882,Serie A,26,18,1654,2,0,0.8797,2.12574855,7.1615384615385,20,2,1,0,28,15,0
907152,Serie A,22,13,1245,1,0,0.6277,1.13135,6.7190476190476,11,2,5,1,19,10,0
115516,Serie A,24,21,1791,1,2,0.8438,0.90658114,6.875,6,1,5,0,54,14,0
826064,Serie A,23,15,1272,5,1,2.3994,1.19199932,6.6782608695652,33,13,1,0,18,4,0
928796,Serie A,23,14,1235,2,1,1.6197,0.65702707,6.6086956521739,23,9,1,1,33,18,0
909991,Serie A,26,17,1384,0,1,0.6769,1.50642461,6.62,8,1,3,0,18,8,0
818481,Serie A,25,22,1940,1,0,0.8941,0.34360594,6.988,7,2,4,0,34,31,0
902031,Serie A,17,9,788,1,0,0.2411,0.77501955,6.89375,6,2,1,0,9,10,0
855829,Serie A,27,24,2168,1,2,0.4724,3.80679397,6.9703703703704,11,4,6,0,37,31,0
928104,Serie A,28,16,1711,0,2,0.4335,2.43118373,6.6678571428571,11,1,2,0,25,19,0
1085913,Serie A,18,14,1311,0,0,0.3603,0.11987508,6.7722222222222,8,2,3,0,35,10,0
933264,Serie A,23,21,1916,0,0,1.0865,0.11402488,6.6826086956522,10,2,0,1,27,19,0
1486808,Serie A,1,1,68,0,0,,0.00330671,6.6,0,0,0,0,1,0,0
98212,Serie A,10,7,627,0,1,0.2016,1.44664538,6.74,7,2,3,0,14,5,0
862697,Serie A,12,8,684,0,0,0.74,0.18139864,6.6416666666667,5,0,0,0,7,7,0
14718,Serie A,9,4,328,0,0,,0.08732179,6.7444444444444,0,0,2,0,1,4,0
44906,Serie A,17,17,1414,0,0,,0.01965895,6.7882352941176,0,0,1,1,0,0,30
850952,Serie A,16,15,1379,0,0,,0.02345385,7.225,0,0,4,0,3,1,52
1530540,Serie A,2,1,172,0,0,,0.00198946,7.1,0,0,0,0,0,0,2
960080,Serie A,22,12,1083,1,1,2.1258,0.41429249,6.4545454545455,11,6,1,0,12,3,0
35428,Serie A,24,7,785,3,1,2.1596,1.16718625,6.7583333333333,17,7,4,0,9,2,0
970928,Serie A,17,11,850,1,1,2.1935,1.01345194,6.6941176470588,20,5,1,0,12,3,0
293581,Serie A,25,25,2054,3,0,4.0652,2.36723066,6.96,34,14,6,1,37,18,0
976381,Serie A,26,17,1439,4,1,3.9881,0.96309204,6.7923076923077,41,15,0,0,15,7,0
1101942,Serie A,8,2,228,0,0,0.5896,0.02491113,6.525,6,1,0,0,3,1,0
1017649,Serie A,26,17,1475,4,2,3.7689,1.58767058,6.8884615384615,36,14,4,0,34,23,0
1069244,Serie A,24,5,801,3,0,3.4723,0.49254507,6.7375,25,9,2,1,5,2,0
1389689,Serie A,12,4,522,0,1,0.1294,0.88849093,6.6636363636364,1,1,1,1,10,2,0
959806,Serie A,14,14,1222,3,2,2.037,0.85402036,6.9357142857143,16,6,4,0,21,10,0
910121,Serie A,19,9,921,0,0,0.5636,0.28582404,6.5,7,1,0,0,16,2,0
937324,Serie A,8,4,342,0,1,0.0302,0.97839075,7.1625,1,0,2,0,9,6,0
798002,Serie A,18,18,1296,2,2,1.38,1.55305911,6.8111111111111,28,11,0,1,16,9,0
317301,Serie A,27,24,1992,3,3,2.9865,1.43547014,6.8740740740741,26,7,6,0,34,21,0
944973,Serie A,20,15,1299,0,0,0.617,1.79759537,6.91,15,1,3,0,25,16,0
227864,Serie A,28,27,2338,0,0,1.2905,0.4084455,7.0214285714286,7,3,5,0,23,29,0
965828,Serie A,28,28,2290,0,0,0.9422,0.62193586,7.2678571428571,11,3,3,1,44,23,0
826186,Serie A,21,14,1220,0,0,0.5082,1.26047297,6.6714285714286,5,3,6,0,25,14,0
136322,Serie A,5,1,170,0,0,,0.03313169,6.45,0,0,0,0,2,2,0
267619,Serie A,29,28,2447,1,2,1.261,1.38667736,6.7344827586207,14,7,1,1,35,29,0
273405,Serie A,19,8,835,0,0,0.1504,0.24351443,6.6421052631579,4,2,2,0,9,6,0
1160559,Serie A,21,10,1195,0,0,0.2032,0.18847527,6.9809523809524,3,1,2,0,9,11,0
217784,Serie A,11,4,513,0,0,0.2135,0.14654995,6.8545454545455,3,0,1,0,1,4,0
308182,Serie A,27,27,2430,0,0,,0.03482578,7.1777777777778,0,0,1,0,0,0,90
1518983,Serie A,6,6,540,0,0,,0.00542681,7.1666666666667,0,0,1,0,0,0,13
253367,Serie A,22,21,1722,7,4,5.6319,2.93862686,7.0545454545455,34,18,2,1,26,20,0
826198,Serie A,31,29,2299,8,3,6.9112,1.04280873,6.5225806451613,62,26,2,1,8,1,0
932643,Serie A,33,28,2199,5,8,3.0018,3.61093342,6.8757575757576,61,21,3,0,21,7,0
788061,Serie A,25,13,1319,4,1,6.429,0.56539458,6.648,34,9,2,1,8,3,0
1031548,Serie A,26,8,953,2,1,2.1004,1.17431867,6.68,13,4,4,0,33,7,0
949780,Serie A,13,1,229,0,0,0.6169,0.04782746,6.4818181818182,6,1,1,0,5,2,0
44241,Serie A,29,27,2364,1,1,0.3266,1.0451755,6.9586206896552,10,4,6,1,42,20,0
1134351,Serie A,30,29,2428,6,0,4.6773,1.6175834,7,20,10,3,1,26,13,0
924973,Serie A,27,22,2008,3,3,4.2813,1.62076299,6.8518518518519,35,12,7,0,36,26,0
1823916,Serie A,4,1,115,0,1,0.0427,0.07152247,6.775,2,0,0,0,5,1,0
989371,Serie A,15,9,690,0,0,0.1463,0.16390463,6.5533333333333,3,1,2,0,15,0,0
1155625,Serie A,19,9,899,2,4,0.8818,1.29702517,6.7736842105263,14,6,3,0,13,3,0
1154898,Serie A,19,8,785,0,0,0.6696,0.2697241,6.5368421052632,10,2,2,0,23,10,0
882592,Serie A,2,2,135,0,0,0.245,0.02305369,6.45,2,0,0,0,2,2,0
1013239,Serie A,15,1,269,1,0,0.4292,0.11607778,6.55,3,1,3,0,6,3,0
933641,Serie A,32,32,2879,0,0,0.1879,0.60520939,6.63125,5,0,3,0,28,41,0
1118177,Serie A,28,28,2475,2,2,1.4311,0.36270996,6.8642857142857,19,5,6,0,41,38,0
989894,Serie A,16,6,728,0,0,0.1061,0.23485245,6.60625,4,1,2,0,14,6,0
886243,Serie A,31,30,2585,0,1,0.2202,2.01736642,6.6967741935484,7,0,7,0,47,24,0
989276,Serie A,29,21,1851,0,0,0.6824,1.01900205,6.6035714285714,11,4,5,0,33,23,0
558320,Serie A,8,6,568,1,1,0.0565,0.89449919,6.9375,1,1,2,0,12,5,0
1485292,Serie A,1,0,1,0,0,,4.541e-05,0,0,0,0,0,0,0,0
892430,Serie A,12,5,512,0,0,0.2222,0.02800867,6.5666666666667,3,0,2,0,9,2,0
356032,Serie A,5,4,315,0,0,0.0391,0.02575332,6.76,2,0,0,0,1,5,0
888971,Serie A,31,31,2790,0,0,,0.07638398,7.1709677419355,0,0,4,0,0,0,117
893752,Serie A,2,2,180,0,0,,0.01059785,6.7,0,0,0,0,0,0,4
864898,Serie A,29,25,2011,5,6,5.1506,2.94228689,6.7964285714286,62,19,8,0,24,4,0
1138856,Serie A,20,3,649,2,0,1.029,0.41143073,6.7263157894737,9,4,2,0,8,2,0
796455,Serie A,13,4,424,0,1,1.2807,0.10167598,6.375,12,1,0,0,2,0,0
830858,Serie A,27,25,1903,10,3,9.1406,1.8008503,7.0444444444444,45,22,5,0,11,2,0
1536811,Serie A,14,0,258,0,0,0.7691,0.05855476,6.4785714285714,12,3,2,0,3,1,0
1444690,Serie A,27,24,2119,3,3,2.7978,2.07820141,6.862962962963,48,17,3,0,23,18,0
825271,Serie A,29,17,1510,1,1,2.166,0.66149934,6.6896551724138,32,6,2,0,41,15,0
1154894,Serie A,19,6,720,0,1,0.3547,0.36569635,6.6722222222222,8,1,3,0,16,6,0
904887,Serie A,29,25,2044,5,2,4.5862,1.70583719,6.8310344827586,29,14,1,0,43,15,0
351434,Serie A,22,18,1528,0,1,0.6474,1.17865387,6.6863636363636,16,5,4,0,28,21,0
922928,Serie A,19,16,1290,1,2,0.1005,1.05747883,6.8263157894737,3,1,1,0,25,7,0
964119,Serie A,15,12,1018,0,1,0.4649,0.95434291,6.6533333333333,5,1,3,0,29,7,0
227894,Serie A,33,33,2913,1,0,0.7842,1.03053993,6.7333333333333,18,2,5,0,51,34,0
609206,Serie A,28,16,1502,0,0,0.1958,0.30444462,6.562962962963,4,0,4,0,33,12,0
1009661,Serie A,21,2,458,0,0,0.2805,0.23808695,6.5684210526316,4,1,1,0,4,6,0
892979,Serie A,30,29,2511,3,1,2.4547,2.23173638,7.1733333333333,26,4,1,0,61,41,0
1831525,Serie A,4,1,85,0,0,,0.00395011,6.625,0,0,2,0,2,1,0
1476922,Serie A,6,0,105,0,0,0.0278,0.16860959,6.8166666666667,1,1,0,0,6,0,0
1063373,Serie A,23,23,2056,2,0,0.7734,0.21763936,6.8869565217391,9,4,4,0,24,21,0
58351,Serie A,26,24,1994,3,0,1.2405,0.0734048,6.8384615384615,9,6,4,0,14,32,0
1136399,Serie A,25,18,1668,0,1,0.5501,0.7229514,6.664,12,4,3,0,34,21,0
891656,Serie A,25,25,2167,0,0,,0.05808536,6.884,0,0,1,1,0,0,67
1001997,Serie A,7,6,619,0,0,,0.00850746,6.6714285714286,0,0,1,0,0,0,14
2899,Serie A,2,2,180,0,0,,0.00047204,6.85,0,0,0,0,0,0,3
341143,Serie A,27,22,1819,9,0,6.981,0.68042456,6.7814814814815,63,25,1,0,12,3,0
856737,Serie A,15,6,520,0,0,0.3365,0.37928878,6.6133333333333,7,2,4,0,22,1,0
38162,Serie A,24,9,956,3,1,3.4555,0.5240437,6.5958333333333,28,15,0,0,3,1,0
826026,Serie A,10,3,257,0,1,0.6662,0.04549117,6.4375,5,2,2,0,3,1,0
773409,Serie A,30,18,1764,5,2,5.1973,2.09190771,6.72,48,14,0,0,12,1,0
1493157,Serie A,10,1,157,1,1,0.2099,0.05055006,6.5555555555556,3,2,2,0,0,0,0
1016788,Serie A,29,18,1834,5,0,3.8481,1.43963079,6.7928571428571,32,15,5,0,33,10,0
357596,Serie A,32,31,2603,7,3,6.0509,2.88027103,6.90625,43,16,7,0,58,19,0
877371,Serie A,8,5,415,0,0,,0.50224755,6.675,0,0,2,0,8,6,0
1030829,Serie A,25,19,1471,0,1,0.6773,1.80629936,6.756,20,4,4,0,39,19,0
907667,Serie A,15,1,286,0,0,0.4921,0.1495053,6.5928571428571,4,1,1,0,9,6,0
1142612,Serie A,14,9,700,1,1,1.3186,0.46115209,6.7928571428571,8,3,2,1,19,11,0
233826,Serie A,28,23,2060,0,2,0.4656,3.32957213,6.7642857142857,7,2,4,0,44,22,0
1111640,Serie A,29,20,1709,1,0,1.2375,0.6920188,6.6241379310345,27,1,5,0,35,18,0
934409,Serie A,26,21,1961,0,2,1.1378,1.80631497,6.5,13,2,3,0,21,10,0
339909,Serie A,26,24,2106,2,0,1.5728,0.46964075,6.8846153846154,18,8,4,0,51,28,0
1142692,Serie A,11,9,729,0,2,0.1058,0.6013065,6.5636363636364,4,1,0,0,17,8,0
122848,Serie A,13,5,505,0,0,0.0672,0.73297347,6.6083333333333,2,0,0,0,9,2,0
1089453,Serie A,30,30,2677,1,1,0.8011,0.38923236,6.8833333333333,14,4,3,0,49,37,0
840414,Serie A,23,19,1735,0,1,0.3155,0.29563355,6.8739130434783,6,4,5,0,29,32,0
1165371,Serie A,8,4,429,0,1,0.017,0.1122889,6.7857142857143,1,0,1,0,12,7,0
941179,Serie A,9,3,325,0,1,0.1062,0.78363892,6.85,3,0,2,0,12,8,0
848279,Serie A,12,11,881,0,0,0.0488,0.17701937,6.6333333333333,1,0,2,0,8,8,0
139235,Serie A,23,12,1132,0,0,0.2584,0.28145573,6.5130434782609,5,0,3,0,15,20,0
1084846,Serie A,9,9,810,0,0,,0.01732538,6.6777777777778,0,0,1,0,0,0,24
259281,Serie A,24,24,2160,0,0,,0.07376885,7.1,0,0,1,0,0,0,65
930191,Serie A,33,26,2044,7,1,8.1917,0.8196364,6.5666666666667,61,26,2,0,16,1,0
1093695,Serie A,31,24,1898,5,1,5.4451,1.92319963,6.7709677419355,58,17,4,0,32,11,0
280439,Serie A,7,1,112,0,0,1.5371,0.14495532,6.2333333333333,4,2,0,0,5,0,0
888219,Serie A,18,5,621,3,1,1.6218,1.59736685,7.0055555555556,16,7,0,0,18,5,0
309156,Serie A,28,6,904,4,1,3.5228,0.80391842,6.6214285714286,26,10,0,0,3,5,0
1613917,Serie A,26,6,712,3,0,2.1178,0.20204301,6.5346153846154,16,4,3,0,11,1,0
195850,Serie A,30,27,2101,6,3,4.2927,3.06931772,6.9233333333333,49,15,10,0,29,15,0
1012172,Serie A,17,7,727,1,2,1.9896,1.44350141,6.7294117647059,19,7,2,0,16,5,0
918440,Serie A,31,30,2639,1,0,0.3966,0.86667978,6.9161290322581,8,3,5,0,87,36,0
978301,Serie A,3,0,45,0,0,0.0247,0.0048719,6.5333333333333,1,0,0,0,3,0,0
1511706,Serie A,6,1,182,0,0,0.1561,0.08251801,6.72,2,0,0,0,8,3,0
933203,Serie A,31,26,2327,1,1,2.2075,1.6587071,6.6322580645161,24,6,1,1,40,14,0
970998,Serie A,25,12,1328,0,1,1.5369,0.85862409,6.776,16,4,5,0,63,25,0
889785,Serie A,33,33,2947,0,0,1.0642,0.67305378,6.730303030303,23,5,2,0,51,43,0
879746,Serie A,27,27,2353,5,1,3.1754,0.70400996,7.1777777777778,19,11,7,0,31,25,0
1087514,Serie A,26,25,2184,2,1,1.6022,1.82510831,6.8307692307692,16,6,3,1,42,10,0
797286,Serie A,29,24,2033,1,5,1.3188,5.1897164,6.9214285714286,11,4,2,0,38,10,0
1435226,Serie A,1,0,1,0,0,,,0,0,0,0,0,0,0,0
1404639,Serie A,10,6,606,0,0,0.0685,0.01664283,6.6888888888889,2,1,1,0,8,8,0
1068885,Serie A,27,24,2171,0,2,0.143,0.47612014,6.5555555555556,3,2,4,0,20,16,0
184421,Serie A,13,9,702,0,0,0.447,0.40370728,6.7307692307692,5,0,1,0,18,3,0
556696,Serie A,12,12,1080,0,0,,0.03951608,6.8666666666667,0,0,0,0,0,0,34
98059,Serie A,20,20,1713,0,0,,0.04147096,6.895,0,0,2,1,1,1,55
595572,Serie A,2,1,175,0,0,,0.01757101,6.7,0,0,0,0,0,0,8
1099296,Serie A,32,30,2617,8,1,7.9267,0.83574101,6.746875,66,20,5,0,15,3,0
1004790,Serie A,16,9,776,0,0,1.1642,0.47699499,6.53125,21,7,2,0,7,3,0
965009,Serie A,20,8,857,1,0,2.0127,0.90445959,6.6,24,4,1,0,9,2,0
1486729,Serie A,5,1,154,1,1,0.7328,0.06315407,6.84,2,1,0,0,1,0,0
1423452,Serie A,1,0,18,0,0,,1.259e-05,6.6,0,0,0,0,1,0,0
856065,Serie A,9,4,399,0,0,0.3347,0.6878904,6.6888888888889,3,2,0,0,8,5,0
1459459,Serie A,8,2,144,0,0,0.022,0.03060873,6.55,1,0,0,0,2,0,0
877201,Serie A,10,9,762,1,2,0.5678,0.9249534,6.9,17,4,2,0,14,4,0
934384,Serie A,30,29,2340,3,1,2.2478,2.94555242,7.0333333333333,50,12,0,0,37,16,0
876259,Serie A,21,12,1066,0,3,0.5714,1.47698238,6.745,12,2,4,0,19,4,0
1110136,Serie A,32,31,2615,0,1,0.3371,0.35772221,6.909375,13,2,1,0,65,41,0
1086199,Serie A,3,0,14,0,0,,2.969e-05,6.6,0,0,0,0,0,0,0
891346,Serie A,29,25,2301,0,2,0.5195,3.75374445,6.8724137931034,18,4,2,0,43,20,0
1201388,Serie A,23,9,797,1,0,0.4124,0.15228081,6.4681818181818,7,2,3,1,15,6,0
957921,Serie A,30,19,1770,1,0,1.5636,0.40784155,6.5034482758621,14,3,2,0,17,17,0
895868,Serie A,29,9,1002,0,0,0.5668,0.68131746,6.7769230769231,9,1,3,0,16,6,0
1516324,Serie A,16,13,1186,1,0,0.6464,0.6539566,6.96875,8,2,5,2,19,11,0
984527,Serie A,8,7,571,0,0,0.2942,0.05806972,6.4625,4,0,2,1,14,11,0
1155423,Serie A,26,26,2216,1,0,0.9341,0.43155426,7.0307692307692,7,1,6,0,30,21,0
928103,Serie A,31,30,2618,2,0,1.9962,0.6237105,6.7354838709677,16,8,5,0,32,23,0
958517,Serie A,24,22,2010,0,0,0.4834,0.51142031,6.8541666666667,16,4,6,0,42,25,0
1963449,Serie A,27,21,2015,0,2,0.4205,1.2839019,6.5814814814815,13,3,4,0,33,8,0
905351,Serie A,16,16,1440,0,0,,0.09742337,6.98125,0,0,1,0,0,0,50
990411,Serie A,16,16,1440,0,0,,0.0176211,6.98125,0,0,1,0,1,0,44
1002428,Serie A,1,1,90,0,0,,0.00080129,7.6,0,0,1,0,0,0,4
835601,Serie A,26,23,2047,8,1,15.0577,0.18227396,6.6807692307692,98,27,4,0,6,7,0
804909,Serie A,27,23,1957,5,4,4.769,2.14763973,6.7703703703704,35,13,3,1,7,2,0
958982,Serie A,28,13,1399,3,1,5.2883,0.63259249,6.5178571428571,41,14,1,0,7,3,0
1012179,Serie A,17,5,542,0,0,1.0582,0.7292275,6.6647058823529,9,1,1,0,14,6,0
862223,Serie A,10,5,499,2,0,0.4471,0.96489111,7.13,5,2,0,0,6,1,0
901850,Serie A,28,25,2165,2,3,2.3687,3.33645143,7.2071428571429,30,7,5,0,37,13,0
807400,Serie A,1,0,25,0,0,0.0124,0.217417,6.8,1,0,0,0,2,0,0
822518,Serie A,30,30,2599,1,2,2.0228,3.7801702,6.9933333333333,21,3,7,0,22,23,0
377118,Serie A,21,19,1552,3,1,2.7214,1.43216517,6.9047619047619,15,7,2,0,25,16,0
1114422,Serie A,27,15,1439,2,0,2.1675,1.10541983,6.6555555555556,18,6,2,0,21,10,0
548178,Serie A,29,26,2093,6,2,4.3217,2.42921627,7.0275862068965,55,13,6,0,39,13,0
1067204,Serie A,24,11,1018,2,0,1.9999,0.81368216,6.6238095238095,16,5,2,0,9,6,0
829570,Serie A,10,6,640,0,3,0.3571,0.99196221,6.59,6,1,0,0,4,0,0
928800,Serie A,21,7,810,2,0,1.8143,0.47585969,6.7052631578947,13,4,2,0,13,2,0
1526934,Serie A,16,2,546,0,0,0.2453,0.81832764,6.69375,8,2,0,0,22,4,0
914691,Serie A,2,1,32,0,0,,0.090593,6.75,0,0,0,0,2,0,0
847467,Serie A,30,29,2579,0,0,0.6996,0.49047575,6.76,8,1,9,0,29,33,0
139273,Serie A,10,5,437,0,0,,0.03698204,6.5,0,0,2,0,6,7,0
1210848,Serie A,23,17,1524,1,0,1.0063,0.18023741,6.6545454545455,9,2,2,0,31,20,0
893998,Serie A,29,24,2055,1,0,1.6861,1.09532877,6.825,15,3,7,0,30,19,0
972886,Serie A,20,16,1364,1,1,0.8651,1.52330911,6.97,22,6,5,0,17,20,0
1499054,Serie A,2,0,24,0,0,,0.0012743,6.9,0,0,0,0,1,0,0
1526933,Serie A,3,0,80,0,0,,0.00216136,6.7666666666667,0,0,0,0,4,1,0
69378,Serie A,32,32,2880,0,0,,0.04797769,6.971875,0,0,0,0,0,0,102
1142606,Serie A,22,11,984,4,0,1.863,0.19579845,6.5761904761905,17,8,1,0,5,1,0
965008,Serie A,31,29,2309,6,5,4.1328,3.6513996,7.0096774193548,46,13,6,0,47,13,0
220223,Serie A,5,3,200,2,0,1.9247,0.02549719,7,6,4,0,0,0,3,0
132704,Serie A,13,1,246,1,1,1.1948,0.03572886,6.475,6,1,1,0,2,1,0
979479,Serie A,25,12,1167,3,1,2.1952,0.3546717,6.7,23,7,4,0,15,3,0
975811,Serie A,11,4,408,2,1,0.6203,0.34823391,6.7181818181818,9,6,3,0,11,5,0
1615784,Serie A,7,0,94,1,0,0.4764,0.16057854,6.6666666666667,5,1,0,0,1,1,0
2049928,Serie A,4,0,88,0,0,0.1769,0.02192228,6.6,4,0,0,0,0,0,0
1397736,Serie A,32,31,2781,1,4,1.3456,3.06873734,7.053125,23,5,3,0,49,19,0
105905,Serie A,14,7,758,1,0,1.4373,0.13976307,6.6,8,2,2,0,15,5,0
869795,Serie A,23,21,1736,2,0,2.8532,0.89344527,6.4739130434783,28,8,3,0,21,7,0
902019,Serie A,28,16,1462,2,3,1.517,1.54992146,6.8142857142857,26,8,4,0,19,13,0
928777,Serie A,33,28,2626,1,1,2.1685,0.80628445,6.6151515151515,26,11,3,0,50,24,0
1910527,Serie A,4,4,266,0,0,,0.03954028,6.425,0,0,0,0,5,8,0
369866,Serie A,18,9,785,2,2,0.733,0.30036351,6.8555555555556,15,5,3,0,20,11,0
328109,Serie A,16,13,1191,0,2,0.9445,0.31480096,6.68125,16,5,3,0,32,13,0
1464187,Serie A,1,0,14,0,0,,0.00482275,6.7,0,0,0,0,0,0,0
360396,Serie A,22,22,1793,1,0,0.847,0.60810868,6.9272727272727,8,2,3,1,29,20,0
1485391,Serie A,13,13,1082,0,0,0.3645,0.54515078,6.6461538461538,1,1,3,0,30,14,0
964153,Serie A,30,28,2340,0,3,1.4302,1.9160073,6.8166666666667,10,3,8,1,54,38,0
945448,Serie A,19,16,1408,0,1,0.184,0.28593225,6.6421052631579,3,0,4,0,27,15,0
927304,Serie A,27,16,1392,0,3,0.5313,1.37365741,6.5791666666667,9,0,2,0,27,15,0
870211,Serie A,7,6,541,0,1,0.5986,0.3402965,6.7,4,1,5,0,7,4,0
1123175,Serie A,23,4,781,2,0,0.5345,0.20816983,6.6391304347826,6,6,3,0,21,8,0
1469998,Serie A,1,0,12,0,0,,0.00019185,6.6,0,0,0,0,0,0,0
947954,Serie A,33,33,2970,0,0,,0.0561277,7.0515151515151,0,0,2,0,0,0,105
173827,Serie A,25,21,1828,5,2,4.3796,0.73770582,6.66,26,12,4,0,11,3,0
333261,Serie A,23,9,862,1,1,2.831,0.21996602,6.5136363636364,11,4,2,0,2,1,0
1029456,Serie A,5,0,88,0,0,0.3885,0.01167902,6.3,2,0,0,0,0,0,0
284363,Serie A,30,26,2108,7,1,7.6877,1.4468424,6.9433333333333,65,23,3,0,24,8,0
831290,Serie A,7,2,307,1,0,0.5759,0.16372211,6.5714285714286,6,4,0,0,2,0,0
76132,Serie A,22,3,487,0,1,0.8824,0.6011427,6.7555555555556,15,5,2,0,1,0,0
1000366,Serie A,25,21,1695,0,0,0.1923,0.33241827,6.612,6,0,5,0,31,8,0
1100354,Serie A,24,10,997,0,0,0.4083,0.70668582,6.5909090909091,5,1,2,0,21,4,0
849274,Serie A,18,14,1245,1,0,0.9049,0.50422408,6.6388888888889,18,3,4,1,33,12,0
869888,Serie A,28,15,1473,0,2,1.5367,1.89067323,6.5464285714286,19,7,2,0,38,3,0
318645,Serie A,28,22,1754,1,4,2.0737,4.05872122,6.875,19,7,2,0,36,18,0
895592,Serie A,23,15,1339,1,0,1.7445,0.67782524,6.5391304347826,21,7,8,0,17,9,0
280991,Serie A,21,14,1222,3,1,2.2543,0.42791831,6.6809523809524,21,8,3,0,21,4,0
814589,Serie A,26,25,2172,0,1,0.1241,1.79107435,6.7192307692308,4,0,8,1,45,10,0
993389,Serie A,24,16,1519,0,1,0.6259,0.82189116,6.7583333333333,12,1,6,0,42,12,0
839925,Serie A,6,5,310,0,0,0.0636,0.02491156,6.46,2,1,1,0,3,1,0
186845,Serie A,25,14,1397,0,0,1.0231,0.71060824,6.6958333333333,10,3,3,0,16,26,0
1002564,Serie A,8,2,250,0,0,0.0371,0.28313993,6.7625,2,0,1,0,7,6,0
1034303,Serie A,31,28,2569,2,0,1.8626,0.67685966,6.7870967741935,13,4,6,0,27,48,0
786175,Serie A,27,27,2430,2,0,1.0607,0.15181764,6.8222222222222,12,5,2,0,26,24,0
352736,Serie A,29,29,2601,1,1,0.6156,0.69678761,6.7896551724138,10,4,4,0,31,25,0
158037,Serie A,23,22,1858,0,2,0.3579,0.36749707,6.8,6,1,3,0,41,12,0
1424353,Serie A,16,7,704,1,0,0.1242,0.04380819,6.68,1,1,0,0,8,2,0
139410,Serie A,9,6,489,0,1,0.2036,0.30845575,6.5666666666667,5,2,1,1,7,7,0
318603,Serie A,29,29,2610,0,0,,0.06328168,7.1103448275862,0,0,0,0,0,0,114
43970,Serie A,4,4,360,0,0,,0.00506966,6.8,0,0,0,0,0,0,15
1520771,Serie A,17,7,641,1,0,1.7171,0.61949459,6.4411764705882,13,3,1,0,2,0,0
917485,Serie A,27,7,854,1,0,1.6694,0.70940238,6.516,19,4,1,0,3,0,0
893640,Serie A,21,13,1072,1,2,0.6665,2.72226621,6.7619047619048,20,3,1,0,4,2,0
1029748,Serie A,30,19,1610,3,0,3.6649,1.29269436,6.4833333333333,30,8,1,0,12,2,0
984998,Serie A,31,25,2096,1,0,2.6367,1.19416299,6.458064516129,26,6,2,0,71,16,0
978327,Serie A,22,0,429,2,0,0.7104,0.415644,6.6136363636364,14,5,2,0,9,1,0
911350,Serie A,26,16,1371,3,3,1.6567,1.44985514,6.6846153846154,27,7,6,1,22,6,0
804621,Serie A,27,25,2155,3,1,2.1095,0.87113917,6.762962962963,21,7,3,0,39,6,0
1142149,Serie A,13,12,880,2,3,1.2236,1.99739635,7.2,24,5,0,0,21,5,0
1019125,Serie A,14,9,828,2,0,1.3967,0.32744799,6.5,10,3,0,0,8,3,0
841977,Serie A,31,31,2680,1,0,0.9057,1.39444606,6.8806451612903,28,5,7,0,71,40,0
1175854,Serie A,9,5,473,0,0,0.1636,0.06452476,6.65,4,1,1,0,16,10,0
1130662,Serie A,5,1,94,0,0,0.1579,0.12182813,6.375,2,0,0,0,2,0,0
886628,Serie A,7,1,125,0,0,0.115,0.14137387,6.5571428571429,2,1,0,0,1,2,0
1157382,Serie A,9,2,182,0,1,0.254,0.34753294,6.5444444444444,4,2,0,0,4,3,0
1651825,Serie A,32,31,2770,1,0,3.3467,0.11801914,6.896875,18,3,4,0,59,43,0
1090374,Serie A,22,21,1829,0,0,0.8866,0.19584955,6.7904761904762,9,1,6,1,23,17,0
1801193,Serie A,1,1,32,0,0,,0.00502381,7,0,0,0,0,0,0,0
945616,Serie A,31,28,2523,0,3,0.4608,1.93330609,6.7645161290323,5,1,2,0,54,14,0
1002045,Serie A,30,27,2507,0,1,0.2384,1.14214576,6.6933333333333,6,2,7,0,83,24,0
1014287,Serie A,15,12,1167,1,0,0.4105,0.17132617,6.8142857142857,6,2,3,0,19,10,0
981470,Serie A,13,6,542,0,0,0.1216,0.05228639,6.5166666666667,2,0,0,0,7,4,0
1392819,Serie A,2,0,22,0,0,,0.00120142,6.8,0,0,0,0,0,0,0
256667,Serie A,32,32,2880,0,0,,0.09543506,6.946875,0,0,2,0,2,0,89
1217613,Serie A,28,23,2036,7,2,10.5476,1.43043363,6.5035714285714,85,28,4,1,4,4,0
964154,Serie A,6,0,103,0,0,0.1204,0.01939385,6.3,4,0,1,1,1,1,0
1018179,Serie A,22,5,610,0,2,0.7055,0.31598629,6.3761904761905,16,5,1,0,5,2,0
1022204,Serie A,31,9,1011,0,1,1.2136,0.82904431,6.5129032258065,17,5,0,1,14,3,0
1471239,Serie A,2,0,27,0,0,,0.01127375,6.55,0,0,0,0,0,0,0
983601,Serie A,9,9,754,2,0,2.62,0.16241466,6.6444444444444,19,6,1,0,5,0,0
1152477,Serie A,2,0,53,0,0,0.0483,0.01514742,6.45,2,1,0,0,0,0,0
1474846,Serie A,1,0,1,0,0,,0.00037866,0,0,0,0,0,0,0,0
1103488,Serie A,21,17,1521,2,0,2.1107,2.34867723,6.7095238095238,19,6,6,0,18,14,0
868958,Serie A,17,8,815,0,1,0.2771,0.46522494,6.61875,8,1,4,1,13,8,0
897594,Serie A,26,22,1874,0,0,0.6089,2.37002116,6.6461538461538,12,6,2,0,30,9,0
972523,Serie A,20,11,983,0,1,0.1728,0.77115609,6.575,6,1,1,0,21,14,0
915812,Serie A,20,10,804,1,0,1.1866,0.60704026,6.4789473684211,11,2,2,0,21,1,0
575852,Serie A,9,2,319,0,1,0.2931,0.93477279,6.6555555555556,5,1,1,0,11,5,0
800408,Serie A,20,12,1116,2,0,2.1485,0.82911292,6.725,19,7,3,0,31,9,0
287057,Serie A,25,21,1856,1,0,1.2325,0.78293293,6.96,15,3,8,0,61,50,0
164511,Serie A,17,13,1155,1,0,0.7376,0.22819085,6.7470588235294,11,3,8,0,38,18,0
837080,Serie A,28,25,2045,1,2,1.1116,1.44082564,6.6607142857143,19,4,1,0,63,11,0
846148,Serie A,33,32,2865,0,0,0.3815,0.29706083,6.6969696969697,6,0,4,0,56,59,0
1116570,Serie A,17,12,1137,0,0,0.4991,0.8031609,6.7,10,4,4,0,23,11,0
976025,Serie A,17,13,1272,0,0,0.108,0.37029213,6.7235294117647,3,0,3,0,17,32,0
844480,Serie A,5,3,302,0,0,,0.05415551,6.42,0,0,1,0,5,4,0
1133236,Serie A,7,4,424,0,0,0.1357,0.08830127,6.7428571428571,3,1,0,0,13,3,0
874812,Serie A,26,22,1988,2,0,1.6822,2.22800499,6.7384615384615,19,10,6,0,60,22,0
906963,Serie A,10,10,870,0,0,0.1931,0.11470062,6.63,4,1,3,0,14,17,0
1945133,Serie A,6,3,235,0,0,0.3506,0.09911876,6.5833333333333,5,2,0,0,14,4,0
998830,Serie A,15,8,606,0,0,0.0664,0.17791484,6.6357142857143,3,1,2,0,16,7,0
253391,Serie A,30,30,2700,0,1,,0.0674965,6.5066666666667,0,0,0,0,0,0,70
253369,Serie A,3,3,270,0,0,,0.0037603,6.6,0,0,0,0,0,0,8
996919,Serie A,5,1,107,0,0,,0.07646156,6.475,0,0,0,0,2,0,0
1152386,Serie A,11,4,421,1,1,0.849,0.19379475,6.38,9,5,0,1,0,1,0
887275,Serie A,27,21,1615,2,2,3.253,2.3461476,6.7777777777778,28,9,3,0,32,16,0
346948,Serie A,32,24,1943,6,1,5.0582,1.62394862,6.7774193548387,45,18,2,0,14,17,0
1184248,Serie A,24,15,1413,2,0,3.4676,0.10221073,6.4434782608696,19,7,1,0,5,0,0
959003,Serie A,8,3,336,0,0,0.6353,0.44557444,6.425,4,2,0,0,0,0,0
47743,Serie A,15,2,443,1,0,0.942,0.9178701,6.8466666666667,9,2,3,0,16,4,0
1459764,Serie A,8,0,103,1,0,1.0229,0.08224172,6.5625,3,1,0,0,4,3,0
1125917,Serie A,9,5,452,1,0,0.6501,0.06417769,6.4555555555556,8,1,0,0,8,7,0
1525367,Serie A,19,11,1107,0,1,0.6221,1.19339332,6.8368421052632,11,3,2,0,30,21,0
857480,Serie A,4,0,61,0,0,0.0779,0.0364929,6.5,2,1,0,0,2,0,0
851222,Serie A,29,16,1579,1,3,1.4786,1.6817815,6.8310344827586,21,6,2,0,53,15,0
797596,Serie A,23,18,1292,0,0,0.1151,0.59549118,6.6913043478261,3,0,7,0,45,13,0
850891,Serie A,31,29,2569,1,1,0.5643,2.15064484,6.9258064516129,16,3,7,0,60,30,0
1210995,Serie A,10,5,463,0,0,0.1164,0.06683788,6.73,3,0,3,0,5,2,0
826326,Serie A,28,25,2125,1,0,1.943,2.89104111,6.7481481481481,27,7,4,1,38,22,0
1174457,Serie A,30,26,2217,0,2,1.3749,3.54907677,6.88,13,2,2,0,40,22,0
997583,Serie A,14,8,696,0,0,0.7337,0.21947188,6.4615384615385,4,2,1,0,12,7,0
970778,Serie A,20,5,731,0,0,1.4149,0.8388864,6.6,16,6,2,0,17,1,0
3041,Serie A,8,5,502,0,1,0.0678,0.29373517,6.675,1,0,1,0,7,6,0
1152943,Serie A,5,4,340,0,0,0.0101,0.07025193,6.5,1,1,1,0,3,8,0
911355,Serie A,32,31,2751,1,0,1.0644,0.40699971,6.653125,13,2,3,0,36,26,0
116666,Serie A,31,30,2714,2,0,2.0254,0.1357985,6.641935483871,23,5,8,0,67,40,0
1494096,Serie A,7,5,461,0,0,0.099,0.16138162,6.2833333333333,2,0,3,0,13,4,0
284367,Serie A,23,15,1316,0,0,0.1991,0.22983584,6.5782608695652,4,1,6,0,15,18,0
1922473,Serie A,2,2,123,0,0,,0.00107934,6.5,0,0,1,0,3,1,0
814876,Serie A,20,20,1800,0,0,,0.04655451,6.985,0,0,0,0,0,0,64
284349,Serie A,7,7,630,0,0,,0.01824604,7.0428571428571,0,0,0,0,0,0,14
150611,Serie A,6,6,540,0,0,,0.01245623,6.5,0,0,0,0,0,0,12
108579,Bundesliga,27,23,2112,32,5,24.9097,3.8202388,7.8925925925926,110,62,1,0,17,7,0
1085381,Bundesliga,19,9,785,6,1,5.6559,1.09377936,6.7,28,15,1,1,5,4,0
1976732,Bundesliga,4,0,37,0,0,0.0913,0.00823125,6.4333333333333,2,1,0,0,0,1,0
883537,Bundesliga,28,25,2240,15,13,14.1727,6.9875082,7.3464285714286,82,34,5,1,21,12,0
978838,Bundesliga,28,22,2108,12,18,10.9828,15.1951803,7.775,92,46,7,0,24,13,0
1010231,Bundesliga,11,4,461,2,4,3.04,1.58137306,6.7454545454545,21,5,1,0,6,2,0
1861975,Bundesliga,24,15,1207,5,4,7.013,4.05818171,6.8217391304348,39,20,1,0,24,12,0
259117,Bundesliga,26,22,2055,2,6,2.4114,9.3811277,7.7038461538462,25,10,4,0,28,22,0
187433,Bundesliga,21,16,1228,8,6,6.2595,5.0849575,7.0904761904762,50,17,1,0,18,4,0
1142251,Bundesliga,22,14,1370,3,1,1.5344,2.1672542,7.2409090909091,9,5,2,0,26,13,0
184661,Bundesliga,27,21,1646,3,2,3.8156,3.28721641,7.072,26,8,4,0,23,23,0
1129935,Bundesliga,24,12,1140,2,3,1.6286,2.40132254,6.7954545454545,27,7,2,0,17,11,0
2427970,Bundesliga,2,0,26,0,0,,0.01249751,6.75,0,0,0,0,1,0,0
1489220,Bundesliga,2,0,27,0,0,0.0624,0.0249795,6.6,1,0,0,0,0,0,0
1994983,Bundesliga,1,0,3,0,0,,0.00037074,0,0,0,0,0,0,1,0
843665,Bundesliga,11,5,464,1,2,0.2698,1.40821172,6.9,3,1,1,0,9,3,0
896569,Bundesliga,22,16,1396,1,1,0.4021,1.28529569,7.22,3,2,1,0,17,30,0
798583,Bundesliga,22,20,1662,1,1,1.0277,1.49955331,7.15,8,2,4,0,40,18,0
227672,Bundesliga,24,21,1833,2,1,0.7083,1.6579636,7.2695652173913,8,5,6,0,22,25,0
927407,Bundesliga,22,17,1642,2,3,1.3638,4.4874356,6.9409090909091,7,4,1,0,23,17,0
246999,Bundesliga,16,7,726,5,2,3.1722,1.34679748,6.85,10,5,0,0,7,2,0
355492,Bundesliga,25,19,1727,3,6,2.4057,4.74523506,6.828,16,8,6,0,37,17,0
873106,Bundesliga,13,7,668,1,2,0.8182,0.93257721,6.8,9,3,0,0,1,9,0
1994978,Bundesliga,1,0,1,0,0,,0.00017555,0,0,0,0,0,0,0,0
8959,Bundesliga,21,21,1800,0,0,,0.03651836,6.9190476190476,0,0,0,0,0,0,31
1130647,Bundesliga,10,8,810,0,0,,0.04000169,7.16,0,0,0,0,0,0,19
26768,Bundesliga,1,1,90,0,0,,0.00053662,7.6,0,0,1,0,0,0,6
328027,Bundesliga,29,23,2027,14,1,14.4808,3.19142314,6.8321428571429,71,33,3,0,2,0,0
940054,Bundesliga,26,15,1186,7,3,4.8722,2.92525678,6.8826086956522,31,14,5,0,5,8,0
226978,Bundesliga,25,14,1364,7,3,5.3585,4.15926278,7,32,16,0,0,13,5,0
954076,Bundesliga,24,7,778,1,6,2.1558,2.46740655,6.5909090909091,20,6,3,0,7,2,0
980628,Bundesliga,28,20,1727,8,4,6.9132,3.90405476,6.7357142857143,46,19,3,0,21,8,0
1134083,Bundesliga,28,16,1479,0,1,0.8214,0.99697647,6.7222222222222,14,4,1,1,39,36,0
994556,Bundesliga,25,8,895,2,0,1.9015,2.11897319,6.704347826087,17,2,2,0,21,6,0
133908,Bundesliga,23,18,1564,1,2,1.0417,1.62898734,6.8636363636364,18,4,3,0,20,17,0
1002813,Bundesliga,17,11,990,1,2,0.6791,3.01152976,6.8352941176471,8,3,4,0,20,7,0
907463,Bundesliga,27,24,2078,2,3,3.3038,4.15535731,6.9555555555556,31,7,0,0,35,26,0
800951,Bundesliga,27,22,1920,0,12,0.5824,8.68868754,7.0884615384615,9,0,8,0,29,13,0
1021272,Bundesliga,30,26,2317,2,2,1.7902,5.15384961,6.7766666666667,12,4,0,0,37,20,0
795005,Bundesliga,8,0,65,0,0,0.1047,0.15028858,6.7,1,0,0,0,1,0,0
1861666,Bundesliga,3,0,60,0,0,0.0616,0.04903483,6.5666666666667,1,0,1,0,2,0,0
577726,Bundesliga,20,14,1439,4,1,2.7473,1.7032251,7.2722222222222,15,6,6,0,24,18,0
940871,Bundesliga,24,24,2160,4,1,3.2859,2.18280256,7.6458333333333,31,8,7,0,42,23,0
138156,Bundesliga,9,7,621,3,0,2.4487,0.40105743,7.2222222222222,5,4,3,0,12,16,0
168937,Bundesliga,10,7,485,0,1,0.0337,0.2035221,6.8777777777778,2,1,3,0,8,5,0
799046,Bundesliga,28,28,2520,2,0,1.6894,1.13900021,7.2642857142857,15,6,3,0,65,21,0
1137131,Bundesliga,4,2,132,0,0,,0.15120966,6.15,0,0,0,1,1,2,0
1937833,Bundesliga,5,3,245,1,0,0.1682,0.0538744,6.85,2,1,1,0,8,2,0
1418620,Bundesliga,1,0,15,0,0,0.1012,0.0153723,6.8,1,0,0,0,1,0,0
556866,Bundesliga,30,30,2700,0,0,,0.08549634,7.1133333333333,0,0,2,0,0,0,77
2087085,Bundesliga,29,24,2137,12,6,6.5986,9.16014324,7.8,49,24,2,0,27,15,0
1121923,Bundesliga,27,22,1863,4,3,4.0685,4.88258787,7.1333333333333,53,16,0,0,23,10,0
1088896,Bundesliga,18,8,758,2,0,1.63,1.11041106,6.7235294117647,21,8,1,0,5,2,0
1494826,Bundesliga,26,7,799,3,3,3.8629,1.15874409,6.5818181818182,38,12,3,0,8,6,0
1133743,Bundesliga,26,24,1964,8,4,12.4071,2.79948451,6.6730769230769,56,24,3,0,26,8,0
1418623,Bundesliga,15,10,722,3,3,2.088,1.74487445,6.9857142857143,21,10,0,0,7,3,0
1406171,Bundesliga,8,0,88,0,0,0.0796,0.1747671,6.6,2,0,0,0,0,0,0
1198075,Bundesliga,9,6,546,3,2,2.6063,1.65523973,7.2444444444444,16,9,1,0,8,0,0
825956,Bundesliga,29,28,2429,12,7,12.0931,3.63382898,6.9758620689655,68,29,6,0,49,20,0
976575,Bundesliga,30,29,2544,0,2,1.7493,1.64234698,6.9166666666667,18,7,2,0,58,55,0
1155383,Bundesliga,24,2,597,0,1,1.4007,0.36962623,6.6434782608696,15,4,3,0,15,8,0
791079,Bundesliga,23,18,1567,2,1,1.9676,2.30352033,6.8869565217391,19,6,5,0,30,8,0
1426577,Bundesliga,16,2,338,1,0,0.4889,0.34881045,6.5571428571429,9,3,1,0,4,0,0
136924,Bundesliga,29,29,2590,1,0,2.3561,0.90390422,7.2137931034483,19,8,4,0,36,36,0
976421,Bundesliga,23,22,1952,1,0,1.163,0.62099055,7.0826086956522,8,2,2,0,24,29,0
856076,Bundesliga,29,28,2487,3,6,2.203,12.15607329,7.3310344827586,24,8,6,0,48,30,0
1152923,Bundesliga,5,3,252,0,0,,0.08898714,6.3,0,0,0,0,1,1,0
1048009,Bundesliga,9,6,537,0,0,0.1593,0.10605428,6.7777777777778,2,0,0,0,6,5,0
856553,Bundesliga,28,25,2224,1,3,2.1213,5.6300702,6.9071428571429,27,5,4,0,55,26,0
319857,Bundesliga,13,2,233,1,0,0.2218,0.08118476,6.7111111111111,4,2,0,0,6,5,0
319853,Bundesliga,5,1,102,0,1,0.0871,0.02383193,6.95,2,1,0,0,3,1,0
1146250,Bundesliga,9,2,217,0,1,0.0778,0.41658102,6.82,1,0,1,0,7,5,0
37096,Bundesliga,22,22,1919,0,0,,0.02634892,6.9227272727273,0,0,1,0,0,0,52
934385,Bundesliga,9,8,781,0,0,,0.03962613,7.3333333333333,0,0,0,0,0,0,26
794298,Bundesliga,25,21,1909,18,5,15.3005,3.19247884,7.24,108,43,5,0,16,4,0
878081,Bundesliga,21,15,1262,9,3,5.7574,1.91329852,6.855,31,16,4,0,12,1,0
1464642,Bundesliga,7,0,59,0,1,0.1291,0.03064644,6.52,3,1,0,0,0,0,0
983540,Bundesliga,23,9,939,4,3,4.5463,1.06437884,6.7434782608696,31,9,3,0,12,4,0
1126569,Bundesliga,22,17,1456,4,4,2.7643,4.92339477,7.0272727272727,36,14,5,0,26,9,0
1153265,Bundesliga,13,5,469,0,0,0.9294,0.93224335,6.5615384615385,15,3,1,0,4,4,0
1464641,Bundesliga,22,11,1058,2,0,0.9942,0.84470861,6.9368421052632,12,4,4,0,24,25,0
901882,Bundesliga,30,26,2390,2,5,2.7721,6.7189408,7.2333333333333,13,6,1,0,40,26,0
990201,Bundesliga,28,22,2034,7,7,3.852,4.35931112,7.0535714285714,42,17,4,0,20,13,0
891510,Bundesliga,29,17,1440,6,6,3.8221,7.02195227,7.1448275862069,38,20,1,0,14,2,0
801030,Bundesliga,27,21,1829,0,1,0.726,1.70889793,6.8375,7,2,5,0,42,13,0
1427148,Bundesliga,3,0,43,0,0,0.0699,0.33543196,6.5333333333333,1,0,0,0,0,0,0
861981,Bundesliga,25,12,1096,3,2,2.2589,2.23333803,6.8565217391304,20,10,2,0,13,10,0
1009334,Bundesliga,21,11,1028,0,0,0.5661,1.29327966,6.5263157894737,12,4,3,1,22,11,0
788949,Bundesliga,28,21,1919,5,4,3.3793,5.49450877,7.2214285714286,27,14,3,0,61,34,0
1418649,Bundesliga,22,17,1503,0,1,0.1457,0.34115653,6.7571428571429,3,0,3,0,24,19,0
826205,Bundesliga,2,2,165,0,0,0.2831,0.0921155,7.95,5,1,0,0,5,3,0
863271,Bundesliga,24,23,2061,0,0,1.0624,0.70760711,7.1458333333333,17,6,3,0,31,34,0
906278,Bundesliga,24,17,1511,1,3,2.8863,1.878177,6.4761904761905,19,11,3,0,30,3,0
1979970,Bundesliga,8,3,390,0,0,0.0647,0.05697837,6.6,1,0,1,0,8,4,0
916943,Bundesliga,27,19,1718,0,2,0.254,1.00661719,6.7730769230769,4,0,3,0,31,17,0
1127823,Bundesliga,10,8,691,0,1,0.066,0.39187189,6.9444444444444,2,0,1,0,5,8,0
352562,Bundesliga,2,2,107,0,0,0.3101,0.0350152,6.45,3,1,2,0,0,2,0
584722,Bundesliga,30,30,2700,0,1,,0.08458318,7.1466666666667,0,0,0,0,0,1,93
67647,Bundesliga,30,22,1914,12,5,10.1869,4.52231626,7.0566666666667,57,28,1,0,6,7,0
1010117,Bundesliga,29,27,2047,9,6,7.3115,3.48578561,6.7724137931034,64,24,2,0,15,6,0
963801,Bundesliga,3,0,21,0,0,0.09,0.00086883,6.3,1,1,0,0,0,0,0
1418703,Bundesliga,20,1,392,2,0,0.7511,0.55361398,6.5315789473684,6,3,2,0,7,0,0
1014290,Bundesliga,25,20,1676,7,2,6.9294,2.15758543,6.592,45,18,1,0,20,6,0
254297,Bundesliga,16,0,215,0,0,0.5374,0.68949469,6.5,5,2,1,0,1,3,0
1440627,Bundesliga,1,0,1,0,0,,,0,0,0,0,0,0,0,0
1568123,Bundesliga,26,25,2017,3,8,3.553,4.5419205,6.8576923076923,37,9,2,0,30,6,0
1134578,Bundesliga,3,0,45,0,0,0.1163,0.24330537,6.4,1,0,0,0,0,0,0
1493305,Bundesliga,29,28,2478,0,1,0.5654,1.69183674,7.0137931034483,13,2,4,0,43,28,0
916946,Bundesliga,26,26,2081,4,5,2.9378,4.4230723,7.0961538461538,28,12,6,1,66,14,0
978062,Bundesliga,28,12,1234,3,2,1.1649,3.16398513,6.8666666666667,17,10,3,0,32,7,0
1128638,Bundesliga,14,2,301,0,0,1.2362,0.83177762,6.6,12,8,0,0,5,1,0
253993,Bundesliga,30,16,1700,7,2,5.0285,2.9319805,6.8966666666667,42,13,4,0,34,15,0
2216257,Bundesliga,1,0,9,0,0,,0.0014377,6.7,0,0,0,0,0,0,0
857740,Bundesliga,21,14,1403,4,0,3.5262,0.62020841,6.9333333333333,29,11,3,0,17,22,0
138024,Bundesliga,30,30,2657,1,7,0.7868,7.4918199,7.1,23,5,4,0,49,33,0
790977,Bundesliga,1,1,44,0,0,,0.00945544,6.3,0,0,1,0,1,1,0
1000269,Bundesliga,26,24,2105,1,1,1.6299,1.20668311,6.9846153846154,17,4,9,0,54,33,0
828571,Bundesliga,25,23,2036,0,0,0.2452,1.12439851,6.88,8,0,7,0,61,32,0
187423,Bundesliga,6,1,43,0,0,,0.00725182,5.3333333333333,0,0,0,1,3,1,0
957615,Bundesliga,27,25,2187,1,0,2.1391,0.47596838,6.7333333333333,8,3,4,0,24,16,0
40244,Bundesliga,30,30,2700,0,0,,0.34788643,6.86,0,0,2,0,0,0,88
2029648,Bundesliga,27,11,1190,5,3,6.7398,0.95751318,6.7,45,19,3,0,13,2,0
280609,Bundesliga,24,19,1636,11,3,12.2407,2.60881649,6.8541666666667,56,24,2,0,5,2,0
1119502,Bundesliga,27,16,1459,5,5,3.0464,4.34282889,6.8666666666667,27,9,0,0,13,8,0
920379,Bundesliga,15,8,743,0,2,2.0076,1.61515618,6.8642857142857,19,5,2,0,9,4,0
846445,Bundesliga,18,7,672,4,1,2.5543,0.9859637,6.8111111111111,17,6,1,0,11,1,0
142390,Bundesliga,22,11,987,2,2,1.5972,2.34137036,6.7590909090909,22,7,3,0,13,2,0
1568522,Bundesliga,8,5,464,1,0,1.721,0.39880513,6.725,5,1,0,0,19,4,0
1407524,Bundesliga,24,16,1533,3,3,3.9415,3.99417195,7.1333333333333,44,14,2,0,34,15,0
1394353,Bundesliga,7,2,204,0,0,0.1227,0.87704127,6.7428571428571,4,1,2,0,3,1,0
177177,Bundesliga,25,25,2164,8,7,6.2057,8.707948,7.28,52,19,5,0,37,15,0
822600,Bundesliga,14,8,737,0,1,0.396,1.04605739,6.9928571428571,8,2,2,0,15,4,0
975798,Bundesliga,25,17,1563,6,0,4.3767,2.43649094,6.9666666666667,32,11,1,0,35,16,0
1003012,Bundesliga,18,12,973,0,1,0.6835,1.12870695,6.8,11,1,2,1,29,11,0
796047,Bundesliga,29,27,2370,2,6,1.936,5.23428541,7.3896551724138,27,4,6,0,22,21,0
1174761,Bundesliga,16,13,1048,1,3,0.9189,1.38899715,6.6375,10,2,2,0,18,17,0
255239,Bundesliga,11,6,484,1,2,0.5011,1.90783477,6.9636363636364,4,1,2,0,6,2,0
883262,Bundesliga,25,25,2216,5,3,2.2745,1.18803654,7.22,27,10,6,0,25,19,0
1003339,Bundesliga,24,21,1957,3,0,2.2772,1.23009079,6.9291666666667,12,6,9,0,25,22,0
168903,Bundesliga,28,25,2215,2,0,0.5229,1.29096211,6.8555555555556,10,3,4,1,38,29,0
1006489,Bundesliga,22,19,1647,0,0,1.2853,0.88295447,7.2227272727273,12,4,5,0,33,21,0
1937795,Bundesliga,6,2,221,0,0,0.2243,0.02539143,6.3333333333333,3,1,1,0,1,1,0
1138778,Bundesliga,2,0,16,0,0,,0.00405704,6.3,0,0,0,0,1,0,0
171919,Bundesliga,21,21,1860,0,0,,0.04693795,6.8761904761905,0,0,1,0,0,0,66
96832,Bundesliga,10,9,840,0,0,,0.00790436,7.12,0,0,0,0,0,0,33
1019321,Bundesliga,27,11,1295,8,1,8.7535,0.42563146,6.6923076923077,48,17,0,0,21,8,0
280009,Bundesliga,29,22,1809,3,1,4.2715,1.79939206,6.7137931034483,30,14,3,0,21,10,0
1131002,Bundesliga,27,10,1102,4,1,2.2518,2.40057728,6.7037037037037,32,12,2,0,14,7,0
1508537,Bundesliga,9,3,328,0,0,0.2697,0.14530218,6.6555555555556,6,1,3,0,9,3,0
1518931,Bundesliga,24,23,1874,5,2,3.4701,4.62804639,7.2166666666667,46,11,4,2,29,26,0
1020422,Bundesliga,24,17,1555,4,2,3.8056,2.51563987,6.7666666666667,37,14,3,0,20,10,0
171961,Bundesliga,29,18,1462,7,3,5.6403,4.39500991,6.9793103448276,28,11,0,0,8,13,0
836711,Bundesliga,24,17,1484,1,2,2.9258,3.8403875,6.8208333333333,22,12,5,0,34,16,0
569784,Bundesliga,30,30,2700,3,1,3.5407,1.57111798,6.8933333333333,42,13,4,0,58,27,0
914755,Bundesliga,20,13,1197,1,0,0.9536,0.77914296,6.65,7,2,4,0,14,17,0
49639,Bundesliga,9,0,134,0,0,0.0629,0.02974634,6.6,2,1,0,0,2,1,0
142259,Bundesliga,29,29,2603,2,4,2.0399,2.80998165,6.9586206896552,17,6,2,0,22,23,0
576266,Bundesliga,16,12,1086,0,0,0.8853,0.52476995,6.94375,6,1,2,1,14,14,0
1131339,Bundesliga,18,11,1067,0,0,,0.73153357,6.5666666666667,0,0,1,0,19,10,0
142231,Bundesliga,22,16,1411,0,3,0.3571,2.47264006,6.6318181818182,8,0,3,0,18,8,0
1596573,Bundesliga,14,11,952,0,0,0.3723,0.18958984,6.6928571428571,5,2,1,0,20,7,0
1131337,Bundesliga,12,5,507,0,0,0.0154,0.03182365,6.5333333333333,1,0,0,0,8,5,0
142525,Bundesliga,19,17,1387,2,1,3.1476,1.39189051,6.6631578947368,18,4,2,0,36,32,0
979820,Bundesliga,25,21,1924,1,2,1.054,1.40891472,6.68,16,4,2,0,38,6,0
103442,Bundesliga,10,4,494,0,0,0.0271,0.76468331,6.58,1,0,2,0,2,7,0
980626,Bundesliga,30,30,2700,0,0,,0.46693681,7.1466666666667,0,0,1,0,0,0,91
147745,Bundesliga,6,1,140,1,0,1.1322,0.20258969,6.4,5,1,0,0,1,0,0
939830,Bundesliga,18,14,1239,10,0,9.5547,0.75300433,6.9055555555556,36,18,1,0,6,1,0
954061,Bundesliga,15,13,1118,6,1,3.9791,1.07442998,6.9133333333333,28,16,3,0,6,4,0
997012,Bundesliga,24,11,1119,4,1,3.5949,1.55767982,6.5958333333333,32,13,3,0,12,8,0
1474296,Bundesliga,4,2,131,1,0,0.5995,0.05384499,6.45,4,1,0,0,0,1,0
1898148,Bundesliga,14,5,529,2,3,0.5223,0.36001124,6.6857142857143,12,7,1,0,3,3,0
1192318,Bundesliga,24,20,1664,2,9,2.5698,3.84866835,6.85,31,7,1,0,29,14,0
1440948,Bundesliga,17,11,857,6,3,2.584,2.38919153,7.0647058823529,27,10,2,0,11,1,0
790965,Bundesliga,28,26,2162,4,5,3.0226,5.26182197,6.8642857142857,35,13,4,0,38,15,0
66518,Bundesliga,19,7,786,0,0,0.565,2.31451328,6.5578947368421,5,0,1,0,12,5,0
591706,Bundesliga,21,12,1119,0,0,0.5393,0.4729851,6.6047619047619,7,0,0,1,14,19,0
1142211,Bundesliga,23,19,1652,2,2,1.3497,1.23805728,6.7608695652174,11,5,0,0,18,22,0
1146148,Bundesliga,24,14,1256,3,4,1.8923,3.21903194,6.9791666666667,25,8,1,0,29,12,0
341589,Bundesliga,13,7,639,2,2,0.8136,0.28332981,6.6307692307692,15,2,0,0,10,9,0
1149113,Bundesliga,22,10,950,1,1,0.293,0.72749206,6.552380952381,5,2,1,1,26,7,0
1977245,Bundesliga,4,0,32,0,0,,0.01409778,6.5666666666667,0,0,1,0,2,0,0
965778,Bundesliga,23,23,2053,1,0,1.0955,1.26503346,6.8086956521739,15,7,8,0,33,27,0
1159759,Bundesliga,29,25,2298,4,4,2.5012,2.66406229,6.848275862069,17,9,3,0,68,22,0
581302,Bundesliga,28,28,2475,3,1,1.2983,1.5842675,7.0035714285714,13,5,1,1,32,39,0
921789,Bundesliga,19,18,1434,2,0,0.6536,1.13840623,7.0368421052632,14,5,4,0,45,18,0
1048569,Bundesliga,23,16,1508,1,2,0.4522,0.45735003,6.6869565217391,4,1,4,0,49,25,0
1403018,Bundesliga,5,0,71,0,0,,0.04680617,6.6,0,0,0,0,1,1,0
999276,Bundesliga,20,14,1333,0,0,0.6764,0.78988955,6.7166666666667,8,1,4,0,12,22,0
1134203,Bundesliga,13,13,1085,0,0,,0.02225239,6.6166666666667,0,0,0,0,1,0,37
190161,Bundesliga,18,17,1615,0,0,,0.05147419,7,0,0,1,0,0,0,49
1215904,Bundesliga,10,6,532,2,0,2.9074,0.10839236,6.55,21,7,1,0,3,4,0
111483,Bundesliga,13,7,645,4,1,2.8845,0.265149,6.7615384615385,19,7,2,0,5,2,0
822877,Bundesliga,26,23,1920,5,4,6.6511,2.64711814,6.8615384615385,67,25,3,0,35,5,0
1996846,Bundesliga,4,0,37,0,0,,0.00530685,6.4333333333333,0,0,0,0,0,0,0
1113488,Bundesliga,6,0,92,0,0,0.2289,0.10066753,6.5,3,0,0,0,1,0,0
796206,Bundesliga,23,17,1520,1,1,1.1835,1.41457728,6.7869565217391,17,5,4,0,31,13,0
929620,Bundesliga,28,24,1999,6,3,4.1628,3.80656377,6.8444444444444,37,13,4,0,28,13,0
354878,Bundesliga,24,22,1731,2,4,1.1711,3.4720884,6.9083333333333,10,6,8,0,26,19,0
1390682,Bundesliga,25,15,1324,2,3,3.2014,2.02082397,6.65,39,13,1,0,14,6,0
927340,Bundesliga,29,27,2263,2,1,1.1752,1.5667147,6.8241379310345,18,6,2,0,37,36,0
254119,Bundesliga,25,10,876,1,0,1.0141,1.75879858,6.6708333333333,12,4,3,0,11,10,0
842188,Bundesliga,26,10,1120,2,0,0.5331,1.15758773,6.6269230769231,11,5,4,0,18,5,0
1129365,Bundesliga,24,14,1386,3,0,3.9747,2.37947671,6.7083333333333,35,15,3,0,21,10,0
877842,Bundesliga,4,1,164,0,0,,0.01076561,6.725,0,0,2,0,4,1,0
860461,Bundesliga,30,28,2481,2,2,1.8852,2.10348984,6.8333333333333,25,6,2,0,55,21,0
1597260,Bundesliga,22,20,1709,1,1,1.132,1.00213356,6.8954545454545,9,5,8,0,39,15,0
963198,Bundesliga,14,14,1260,1,1,0.3857,0.42922413,6.8642857142857,6,1,5,0,15,29,0
1122806,Bundesliga,13,10,954,2,0,1.0734,0.1279576,6.7307692307692,5,2,2,0,20,10,0
891651,Bundesliga,23,22,2016,0,1,1.3706,1.08525654,6.9739130434783,12,3,5,1,40,32,0
798926,Bundesliga,23,16,1480,0,0,0.5729,1.14737145,6.6826086956522,9,1,7,0,28,14,0
146853,Bundesliga,7,6,519,0,1,0.1843,0.60530229,6.5428571428571,3,2,3,0,7,9,0
809219,Bundesliga,6,1,184,0,0,0.0928,0.32604219,6.7,2,0,0,0,5,1,0
822564,Bundesliga,30,30,2700,0,0,0.3174,0.17702953,7.0333333333333,1,0,1,0,3,0,89
352544,Bundesliga,10,7,652,1,2,2.447,2.16091082,6.74,18,8,1,0,0,3,0
980621,Bundesliga,26,20,1746,4,1,3.7763,3.47189144,6.5923076923077,27,6,2,2,40,12,0
1152505,Bundesliga,20,3,542,0,0,2.7281,0.28828781,6.5222222222222,12,6,1,0,3,3,0
1021075,Bundesliga,8,2,214,0,1,0.0223,0.53731023,6.65,1,0,1,0,5,2,0
1005834,Bundesliga,19,3,507,2,0,2.1048,0.59028432,6.4722222222222,16,6,1,0,7,0,0
822340,Bundesliga,25,15,1468,4,2,7.0874,1.50082803,6.3541666666667,46,22,4,0,6,6,0
975800,Bundesliga,14,13,882,1,2,2.0241,1.24562598,6.5285714285714,22,6,0,0,13,1,0
1065051,Bundesliga,2,1,78,0,0,0.0734,0.021997,6.2,1,0,0,0,0,0,0
949062,Bundesliga,8,4,342,1,0,1.6829,0.22367903,6.6875,8,7,1,0,3,0,0
327755,Bundesliga,22,20,1769,11,2,8.0114,5.8985843,7.4318181818182,41,17,6,0,28,17,0
537552,Bundesliga,26,26,2156,4,2,3.2483,3.18183708,6.7384615384615,30,9,3,0,36,23,0
1028307,Bundesliga,30,30,2699,1,1,1.0299,2.81390581,7.0166666666667,17,4,1,0,46,63,0
157377,Bundesliga,24,19,1594,2,0,2.3685,2.04597424,6.7791666666667,19,4,5,0,33,14,0
1028306,Bundesliga,10,3,325,0,0,0.0789,0.27640384,6.68,1,0,1,0,11,1,0
138126,Bundesliga,25,20,1712,0,2,0.8596,2.45256009,6.728,6,0,4,0,22,9,0
846471,Bundesliga,6,5,405,0,0,0.3025,1.11959787,7.1666666666667,5,0,2,0,11,3,0
893962,Bundesliga,18,4,486,0,0,0.2609,0.2067693,6.5294117647059,3,1,1,0,10,7,0
1548910,Bundesliga,12,7,820,1,0,1.1534,0.10823157,6.725,9,2,3,0,9,17,0
355486,Bundesliga,12,12,1080,0,0,0.2578,0.94856926,7.0833333333333,7,2,4,0,38,12,0
794294,Bundesliga,13,8,850,0,1,0.3527,0.08739104,6.6461538461538,6,3,3,0,8,15,0
152206,Bundesliga,25,25,2066,1,0,1.2781,2.01548258,6.836,12,2,8,2,45,38,0
97926,Bundesliga,30,27,2456,2,3,1.5141,2.85495061,6.85,12,5,3,0,39,29,0
1138150,Bundesliga,20,6,640,0,1,0.1029,1.12773378,6.6222222222222,4,1,3,0,17,10,0
106662,Bundesliga,18,13,1049,2,1,1.7317,0.62857991,6.6777777777778,12,5,4,0,12,18,0
842869,Bundesliga,3,2,162,0,0,0.0182,0.0224145,6.6666666666667,1,0,0,0,3,5,0
174345,Bundesliga,9,9,787,0,0,,0.08829695,6.9444444444444,0,0,2,1,0,0,25
94312,Bundesliga,18,18,1620,0,0,,0.05596629,7.4055555555556,0,0,1,0,0,0,62
1069252,Bundesliga,4,3,291,0,0,,0.01315417,6.575,0,0,0,0,0,0,15
1462742,Bundesliga,29,20,1695,5,1,3.0593,0.98324606,6.6620689655172,30,10,1,0,15,5,0
927405,Bundesliga,26,13,1150,3,1,2.013,0.81656349,6.7153846153846,21,7,0,0,18,7,0
953767,Bundesliga,28,21,1989,2,8,8.9979,2.00437981,6.6071428571429,60,19,5,0,2,0,0
608362,Bundesliga,25,17,1337,5,1,3.9734,1.67128805,6.7416666666667,28,13,3,0,9,5,0
1513469,Bundesliga,14,4,482,0,0,1.1566,0.84832117,6.65,12,1,3,0,11,2,0
791642,Bundesliga,7,2,212,0,0,0.0671,0.87064628,6.9714285714286,3,0,1,0,4,1,0
877302,Bundesliga,24,13,1181,1,0,1.8224,0.68966443,6.5583333333333,23,8,2,1,35,22,0
886737,Bundesliga,28,21,1880,1,2,2.153,3.73737024,6.7214285714286,28,5,4,1,34,8,0
149479,Bundesliga,29,29,2567,5,1,2.0121,1.30975883,6.7586206896552,22,10,7,0,56,34,0
327863,Bundesliga,3,3,223,0,0,0.0197,0.1074563,6.5666666666667,1,0,0,0,6,2,0
825740,Bundesliga,19,2,454,0,0,0.3096,0.48031425,6.5684210526316,7,3,1,0,9,4,0
1198074,Bundesliga,26,20,1667,0,1,0.8015,1.56097847,6.7346153846154,12,2,3,0,33,15,0
48557,Bundesliga,25,19,1637,0,2,0.0494,4.67088624,6.924,4,0,7,0,33,8,0
800252,Bundesliga,19,4,575,1,0,0.8556,0.65956414,6.5578947368421,13,5,0,0,7,1,0
168985,Bundesliga,27,19,1598,0,1,0.5791,2.46099664,6.6962962962963,11,1,8,0,32,8,0
1086547,Bundesliga,29,29,2610,3,0,3.6884,1.76296416,6.851724137931,29,10,6,0,48,35,0
855663,Bundesliga,19,19,1610,0,0,1.2061,0.99129475,6.7157894736842,10,1,2,0,23,34,0
1210666,Bundesliga,17,6,709,1,0,0.9169,0.85382714,6.4588235294118,14,4,1,1,14,17,0
830803,Bundesliga,30,30,2700,4,0,3.7362,1.5697396,6.7066666666667,40,9,4,0,38,35,0
904991,Bundesliga,12,9,756,1,2,0.1614,0.28692825,6.5833333333333,3,1,2,0,11,19,0
137692,Bundesliga,29,29,2610,0,0,,0.23846026,6.7586206896552,0,0,2,0,1,1,75
842718,Bundesliga,1,1,90,0,0,,0.00432923,9.7,0,0,0,0,0,0,6
877544,Bundesliga,29,18,1725,7,4,10.1478,1.04124876,6.8793103448276,52,22,3,0,13,4,0
2245371,Bundesliga,7,1,118,0,0,0.0273,0.19758809,6.58,1,0,0,0,0,0,0
319861,Bundesliga,21,6,572,4,3,4.6239,1.11606783,6.7571428571429,19,9,1,0,8,3,0
378340,Bundesliga,28,14,1305,3,4,3.782,4.37211985,6.8392857142857,35,13,3,0,4,5,0
2197599,Bundesliga,6,2,166,0,0,0.3333,0.06773427,6.52,5,1,0,0,3,0,0
1823913,Bundesliga,2,1,83,0,0,,0.00415624,6.25,0,0,0,0,2,1,0
801263,Bundesliga,30,30,2679,7,3,5.3163,5.29134353,7.1833333333333,56,23,4,0,42,20,0
1482457,Bundesliga,7,0,92,0,0,0.1292,0.43469969,6.6428571428571,3,0,0,0,1,2,0
1800475,Bundesliga,30,16,1626,11,3,9.0254,2.00323448,6.9433333333333,60,25,3,0,19,5,0
988639,Bundesliga,28,27,2299,2,2,1.8486,1.12392075,6.8392857142857,19,3,9,1,42,31,0
1064842,Bundesliga,15,9,737,0,0,0.4192,0.32747971,6.6733333333333,6,0,1,0,17,4,0
1112327,Bundesliga,28,19,1629,1,2,1.4153,3.52692477,6.7851851851852,12,3,4,0,27,7,0
78781,Bundesliga,13,2,256,1,1,0.7203,0.55643177,6.7833333333333,7,3,1,0,4,4,0
921033,Bundesliga,20,7,835,2,0,1.1139,1.4764362,6.735,17,7,0,0,8,2,0
930272,Bundesliga,24,17,1653,0,1,0.3744,1.37820163,6.9125,9,2,4,0,66,26,0
1010726,Bundesliga,23,20,1493,3,1,2.1396,1.06342744,6.7565217391304,27,11,4,0,17,14,0
839898,Bundesliga,11,6,551,1,3,1.1684,1.69435388,6.9,6,1,2,0,15,4,0
1402924,Bundesliga,8,7,596,0,0,0.3137,0.11757412,6.6375,5,3,1,1,5,10,0
1014493,Bundesliga,14,12,1138,0,1,,0.12230436,6.6142857142857,0,0,0,1,14,14,0
953097,Bundesliga,21,16,1442,0,0,0.7499,0.24941813,6.6904761904762,10,4,2,0,27,18,0
963043,Bundesliga,29,22,1958,0,1,0.7049,1.85538033,6.7,19,3,2,0,33,25,0
387220,Bundesliga,8,8,669,0,0,,0.0965264,6.9625,0,0,0,0,14,11,0
1020206,Bundesliga,27,24,2145,0,0,1.2691,2.72611446,6.4851851851852,26,3,5,0,40,14,0
965950,Bundesliga,13,11,954,0,0,0.2177,0.19768528,6.3307692307692,4,0,4,0,11,10,0
136922,Bundesliga,8,5,390,0,0,,0.05930561,6.825,0,0,0,0,3,5,0
187185,Bundesliga,30,30,2700,0,0,,0.18230093,7.24,0,0,1,0,1,0,88
259803,Bundesliga,29,25,2142,11,2,11.2865,0.82408348,6.6758620689655,58,22,3,0,9,0,0
1482433,Bundesliga,5,0,118,0,0,0.2195,0.0682339,6.46,3,0,0,0,1,0,0
228981,Bundesliga,2,0,9,0,0,,0.00182063,6.6,0,0,0,0,1,1,0
925910,Bundesliga,28,8,979,3,1,2.7393,1.57050837,6.7,24,11,1,0,7,3,0
1521250,Bundesliga,3,0,40,0,0,,0.01129912,6.5,0,0,0,0,0,0,0
989056,Bundesliga,15,4,438,0,0,0.2669,1.59437617,6.68,5,1,1,0,9,4,0
1048650,Bundesliga,28,28,2367,0,2,2.2485,3.4793482,6.7678571428571,43,13,7,1,56,47,0
1019312,Bundesliga,25,19,1509,3,1,3.656,1.65967379,6.696,29,12,2,1,55,17,0
1995809,Bundesliga,12,3,372,2,0,0.817,0.47429335,6.725,8,5,0,0,3,1,0
837205,Bundesliga,17,11,939,0,1,1.062,1.525281,6.7,22,6,0,0,12,9,0
1142210,Bundesliga,10,4,428,0,1,0.675,0.29932317,6.62,11,2,0,0,3,1,0
95381,Bundesliga,25,11,1069,1,1,2.1065,2.49915611,6.7458333333333,16,6,2,0,32,12,0
280453,Bundesliga,24,21,1752,2,6,0.9061,5.83855066,6.8666666666667,17,5,0,0,17,5,0
876858,Bundesliga,4,3,248,0,0,0.4631,0.74287447,6.6,8,2,0,0,1,1,0
990209,Bundesliga,27,25,2137,2,2,1.4887,1.2798835,6.7444444444444,17,5,7,0,39,29,0
939880,Bundesliga,26,25,2098,2,0,1.4711,2.34792735,6.9807692307692,23,7,2,0,60,45,0
583806,Bundesliga,27,26,2267,4,0,5.012,1.11497754,6.9222222222222,21,12,6,0,41,21,0
1144143,Bundesliga,7,3,356,0,0,0.1637,0.09222513,6.5285714285714,3,2,1,0,11,5,0
1002920,Bundesliga,28,25,2251,2,3,1.1327,1.69588633,6.6107142857143,13,8,7,0,41,15,0
282229,Bundesliga,30,30,2697,0,0,0.3956,1.22294939,6.9733333333333,8,0,4,0,38,35,0
1130067,Bundesliga,12,5,473,0,0,0.5818,0.13255924,6.6,4,1,0,0,13,9,0
1083382,Bundesliga,21,13,1180,0,0,0.5754,1.33856986,6.5,10,2,2,0,24,20,0
254449,Bundesliga,6,1,156,0,0,,0.07624256,6.525,0,0,0,0,6,1,0
578166,Bundesliga,30,30,2700,0,0,,0.06459336,7.3566666666667,0,0,1,0,1,1,121
1012235,Bundesliga,30,26,2090,5,0,7.2212,1.49527059,6.6133333333333,61,22,2,0,4,4,0
135264,Bundesliga,12,1,298,1,0,0.7568,0.32136929,6.6166666666667,7,3,4,0,3,1,0
168987,Bundesliga,17,5,508,2,2,1.891,0.37566956,6.58125,15,6,0,0,1,0,0
1146091,Bundesliga,10,6,526,0,0,0.5908,0.14153512,6.42,7,4,0,0,6,0,0
789192,Bundesliga,20,12,1136,3,0,2.0813,4.02033476,7.0263157894737,25,12,0,0,5,0,0
1568535,Bundesliga,7,0,120,0,0,0.3962,0.00413586,6.6666666666667,5,1,0,0,2,0,0
991824,Bundesliga,25,12,1202,5,0,4.6283,1.38404923,6.6125,34,14,2,0,20,4,0
1546267,Bundesliga,14,3,417,0,1,0.4461,0.36029385,6.5692307692308,6,3,1,0,14,0,0
904835,Bundesliga,25,21,1869,5,5,3.7201,3.63691393,7.092,47,16,2,2,15,11,0
901892,Bundesliga,22,17,1448,5,0,1.8542,1.31100623,6.9952380952381,15,9,2,0,28,13,0
1000263,Bundesliga,3,2,149,0,0,0.0301,0.01925863,6.4666666666667,2,1,0,0,4,5,0
988476,Bundesliga,9,7,477,1,1,1.1088,1.24988295,6.65,7,3,3,1,2,3,0
798303,Bundesliga,28,27,2410,0,4,1.1884,4.24426152,6.9571428571429,23,7,7,1,62,27,0
1862226,Bundesliga,11,5,332,0,1,0.0763,0.44123279,6.5363636363636,2,2,1,1,9,0,0
842526,Bundesliga,12,9,710,0,1,0.4129,0.5693709,6.6833333333333,6,2,1,0,11,6,0
1064305,Bundesliga,28,28,2520,0,1,0.9834,1.26812146,6.9035714285714,15,7,10,0,55,38,0
1405212,Bundesliga,25,25,2250,5,0,4.13,0.99331712,7.256,29,8,5,0,21,31,0
1035752,Bundesliga,22,9,920,0,1,0.7578,0.46064684,6.647619047619,14,2,1,1,23,6,0
973564,Bundesliga,22,20,1649,1,2,1.1559,1.44519485,6.7272727272727,17,4,7,0,55,33,0
801003,Bundesliga,21,18,1703,0,0,0.3683,0.69856191,6.7904761904762,5,1,2,0,30,26,0
999030,Bundesliga,16,13,1262,0,0,0.121,0.19613626,6.58125,3,1,0,0,14,17,0
945532,Bundesliga,20,15,1255,0,0,0.4053,0.38929754,6.56,4,1,4,1,22,20,0
1102528,Bundesliga,24,14,1319,0,4,1.1449,2.06105579,6.5347826086957,12,6,3,0,33,5,0
113442,Bundesliga,30,30,2700,0,0,0.2599,0.11493714,7.16,1,0,3,0,0,0,98
978521,Bundesliga,11,2,325,0,2,1.0752,0.61140364,6.6727272727273,16,6,1,0,2,0,0
1154491,Bundesliga,11,3,391,3,1,1.861,0.36426985,6.6818181818182,11,4,1,0,3,1,0
1166832,Bundesliga,20,7,659,1,1,2.0356,0.7176305,6.415,25,3,4,0,9,1,0
1005343,Bundesliga,29,20,1705,5,0,5.3656,0.97796622,6.6964285714286,52,21,1,0,22,6,0
815612,Bundesliga,30,23,1953,3,1,3.3627,2.78939225,6.7633333333333,40,12,5,0,37,14,0
1864786,Bundesliga,4,0,82,1,0,0.7389,0.01740903,6.775,4,2,0,0,1,1,0
1100836,Bundesliga,22,12,1086,3,2,1.2121,1.6764662,6.8772727272727,15,7,0,0,16,4,0
916176,Bundesliga,24,18,1583,1,2,1.7271,2.09127545,6.7208333333333,34,8,5,0,52,15,0
830127,Bundesliga,30,30,2649,3,8,7.5681,9.1089206,6.8466666666667,53,19,4,0,40,10,0
830142,Bundesliga,25,25,2134,9,2,5.364,2.8184212,7.012,48,19,5,0,36,17,0
1596105,Bundesliga,14,2,328,1,0,1.3167,0.51947131,6.6,5,2,1,0,11,4,0
933398,Bundesliga,11,9,746,0,0,0.0592,0.77409131,6.6636363636364,2,1,1,0,20,11,0
826171,Bundesliga,27,27,2397,0,0,0.7888,1.53305646,6.7851851851852,21,4,4,0,51,59,0
111969,Bundesliga,16,5,624,0,1,0.2792,1.29935139,6.64375,7,0,5,0,16,8,0
905347,Bundesliga,28,26,2258,0,5,1.8197,2.8723065,6.6142857142857,28,10,2,0,33,11,0
1797852,Bundesliga,24,21,1897,1,0,0.6601,0.44092706,6.4791666666667,6,1,3,1,26,21,0
825771,Bundesliga,27,27,2324,1,0,0.6777,1.05473174,6.9148148148148,8,2,8,1,41,32,0
1087043,Bundesliga,11,5,540,0,0,0.0297,0.45093804,6.4363636363636,2,0,3,0,15,5,0
1015164,Bundesliga,17,5,556,1,0,0.9949,0.76819038,6.63125,5,2,2,0,12,8,0
960114,Bundesliga,12,10,895,1,1,0.4366,1.3704131,6.8333333333333,7,2,3,0,25,7,0
851254,Bundesliga,15,15,1189,0,0,0.4179,0.447127,7.04,9,3,4,0,27,23,0
229544,Bundesliga,13,8,662,0,0,0.4063,0.24486911,6.5166666666667,3,1,4,2,14,13,0
1568521,Bundesliga,2,0,36,0,0,,0.111732,7.5,0,0,0,0,1,1,0
991591,Bundesliga,2,2,180,0,0,,0.00231154,7.6,0,0,0,0,0,0,11
1083390,Bundesliga,28,28,2520,0,0,,0.04725004,7.0107142857143,0,0,0,0,0,0,85
1112796,Bundesliga,17,11,838,4,0,3.1013,0.27890436,6.4823529411765,18,11,2,0,6,1,0
861850,Bundesliga,25,12,1118,3,0,3.0326,0.71553343,6.488,21,9,1,0,7,0,0
887500,Bundesliga,27,21,1934,5,3,4.7556,4.15971103,6.7538461538462,47,18,4,0,24,7,0
1888501,Bundesliga,16,0,239,0,0,0.5061,0.11054454,6.45,4,1,2,0,1,0,0
925790,Bundesliga,3,0,30,0,0,0.1437,0.00130071,6.4,1,0,0,0,0,0,0
831400,Bundesliga,28,25,2030,2,2,4.3306,1.46783717,6.5678571428571,43,15,3,0,38,16,0
994529,Bundesliga,8,3,336,2,0,1.6236,0.45061593,6.6375,11,6,1,0,3,1,0
1002461,Bundesliga,28,27,2356,1,3,1.0933,3.7758631,6.6964285714286,27,6,5,0,54,29,0
971481,Bundesliga,27,26,2220,0,1,0.9639,1.78119503,6.6444444444444,16,3,3,0,32,21,0
181581,Bundesliga,20,14,1279,0,0,0.9633,0.96695363,6.71,16,3,0,1,22,24,0
885892,Bundesliga,24,23,1941,1,0,1.0012,0.73109695,6.7458333333333,16,4,4,0,42,42,0
280551,Bundesliga,16,11,1047,1,3,0.5961,1.34599434,6.96875,15,3,3,0,28,12,0
834244,Bundesliga,9,7,646,0,0,0.7643,0.5958608,6.6888888888889,6,2,0,0,13,7,0
888854,Bundesliga,21,1,375,0,1,0.4737,0.88378569,6.5631578947368,12,3,1,0,11,4,0
57627,Bundesliga,21,20,1754,1,0,0.5046,0.53806117,6.6095238095238,5,1,2,0,25,18,0
1125024,Bundesliga,11,10,901,0,1,0.2695,0.35329583,6.6090909090909,6,2,3,0,20,13,0
252343,Bundesliga,17,13,1173,1,1,0.1356,0.2719617,6.7117647058824,4,2,5,0,44,19,0
542038,Bundesliga,24,24,2115,2,2,0.5098,1.02540791,6.9041666666667,11,5,4,1,30,20,0
253469,Bundesliga,26,26,2295,2,1,0.563,1.38223847,6.8230769230769,9,4,1,0,39,24,0
1137900,Bundesliga,21,15,1462,1,0,0.856,1.75000749,6.5952380952381,14,3,0,0,22,8,0
873347,Bundesliga,18,10,834,0,0,0.3758,0.52096372,6.5647058823529,3,1,1,0,34,14,0
325061,Bundesliga,30,30,2700,0,0,,0.04916828,7.08,0,0,0,0,1,0,108
1107591,Bundesliga,27,22,1853,8,3,8.4452,2.48808474,6.7666666666667,57,17,2,0,36,7,0
826069,Bundesliga,11,5,480,1,0,1.1674,0.52080456,6.72,9,6,1,0,0,0,0
1499696,Bundesliga,10,2,303,1,0,1.5158,0.15694525,6.5,9,6,1,0,7,2,0
1127790,Bundesliga,26,12,1123,7,0,5.4321,0.34703497,6.692,34,15,1,0,9,0,0
1180758,Bundesliga,23,9,1112,2,3,1.3834,2.34272194,6.695652173913,19,5,1,0,23,12,0
105734,Bundesliga,27,23,2084,3,7,4.4326,5.78370043,6.8740740740741,32,11,4,0,30,13,0
841947,Bundesliga,25,16,1331,2,3,3.0632,2.50455818,6.6333333333333,26,7,5,0,23,9,0
947929,Bundesliga,12,4,389,0,0,0.9359,0.42771839,6.4166666666667,8,5,2,0,8,0,0
979290,Bundesliga,20,18,1452,0,0,0.0693,0.4828119,6.8789473684211,4,1,4,0,45,23,0
1418624,Bundesliga,1,0,34,0,0,,0.00145676,6.7,0,0,0,0,1,1,0
987504,Bundesliga,22,18,1412,4,3,2.5928,1.32233307,6.8454545454545,21,8,4,0,37,22,0
147289,Bundesliga,25,20,1860,1,4,0.4329,4.09499554,7.104,14,5,5,0,22,24,0
1016810,Bundesliga,5,1,159,0,0,0.0608,0.15155579,6.78,2,1,1,0,4,2,0
796987,Bundesliga,21,7,774,3,1,2.0226,0.63731685,6.6333333333333,17,7,3,1,10,6,0
169255,Bundesliga,16,12,1029,1,0,0.7752,0.5481762,6.5857142857143,10,1,1,0,14,8,0
2114948,Bundesliga,5,1,88,0,0,0.024,0.03306199,6.5333333333333,1,0,0,0,1,0,0
1184855,Bundesliga,25,23,2129,2,1,2.8122,1.12656805,6.66,22,10,5,0,34,34,0
1218056,Bundesliga,4,1,137,0,0,0.0813,0.10623193,6.2,3,0,1,0,2,1,0
842364,Bundesliga,12,10,871,1,2,0.6025,1.34687984,6.6272727272727,11,3,1,0,24,15,0
1173172,Bundesliga,18,13,1187,0,1,0.4303,0.64647487,6.4882352941176,3,0,3,0,22,11,0
1155226,Bundesliga,20,17,1516,0,5,0.0946,1.79045335,6.425,3,0,2,0,38,15,0
293127,Bundesliga,13,9,850,1,0,0.7896,0.1684454,6.6538461538462,10,4,2,0,6,9,0
1088897,Bundesliga,9,8,696,0,0,0.2048,0.05525575,6.6777777777778,2,0,0,0,13,5,0
1127788,Bundesliga,19,16,1395,2,0,1.0625,1.63266082,6.5882352941176,10,4,0,0,15,17,0
920525,Bundesliga,21,20,1788,1,0,0.5445,0.21128358,6.615,5,1,6,1,32,12,0
995316,Bundesliga,11,10,803,0,0,0.107,0.32069977,6.2909090909091,2,0,0,0,20,12,0
1568511,Bundesliga,7,2,259,0,0,0.0742,0.13989525,6.4833333333333,2,1,0,0,3,1,0
902080,Bundesliga,30,30,2700,0,0,0.0388,0.09311721,7.17,1,0,1,0,1,1,110
149728,Bundesliga,16,10,803,3,0,3.1756,0.54162295,6.525,19,9,1,1,9,1,0
1067120,Bundesliga,18,12,1064,1,1,1.5392,1.19298803,6.6611111111111,18,4,2,0,21,8,0
909485,Bundesliga,23,16,1353,4,1,4.4716,1.19530584,6.7608695652174,24,7,2,0,16,8,0
918437,Bundesliga,15,6,537,1,1,1.4182,0.60937981,6.55,11,3,2,0,3,1,0
933833,Bundesliga,6,4,345,0,0,0.2228,1.025835,6.6666666666667,3,0,0,0,2,2,0
800400,Bundesliga,15,3,619,2,1,2.8036,0.7188869,6.62,10,3,1,0,7,4,0
842922,Bundesliga,23,3,765,5,1,5.066,0.61797655,6.6130434782609,30,10,1,0,8,3,0
2189165,Bundesliga,4,0,45,0,0,0.0187,0.50633539,6.625,1,0,0,0,1,0,0
1142248,Bundesliga,28,22,1958,1,2,5.7278,4.94641968,6.7392857142857,42,17,2,0,28,19,0
794995,Bundesliga,28,23,1933,0,1,0.5888,2.35207986,6.8642857142857,14,3,2,0,52,15,0
575952,Bundesliga,25,15,1229,2,1,3.1736,1.65801043,6.552,31,8,1,0,20,17,0
933707,Bundesliga,27,25,1900,1,2,1.3301,1.22850298,6.5296296296296,19,5,5,0,23,31,0
1097453,Bundesliga,15,8,664,2,0,1.6867,0.21502119,6.5933333333333,8,3,3,0,13,3,0
1066042,Bundesliga,23,17,1387,3,0,1.2632,0.86495803,6.7478260869565,19,5,1,0,17,21,0
845742,Bundesliga,22,8,811,1,1,0.8273,1.11967625,6.7363636363636,10,4,1,0,16,4,0
962898,Bundesliga,5,1,190,0,0,0.0929,0.01412342,6.6,1,0,0,0,7,2,0
151581,Bundesliga,1,1,7,0,0,,0.00019812,0,0,0,0,0,0,0,0
254429,Bundesliga,30,30,2700,2,2,3.3033,1.28852324,6.8433333333333,33,7,1,0,41,29,0
1864760,Bundesliga,12,11,959,1,2,0.2083,1.6850129,6.9,6,3,0,0,23,8,0
798936,Bundesliga,21,18,1448,0,0,0.2512,0.35915496,6.4285714285714,5,2,6,0,35,13,0
988252,Bundesliga,14,12,1081,0,0,0.4709,0.37228389,6.5785714285714,5,3,2,0,23,20,0
920022,Bundesliga,24,15,1393,0,2,0.4337,1.33495595,6.3913043478261,10,2,2,0,18,13,0
168861,Bundesliga,26,17,1687,1,3,0.8346,2.92100946,6.7692307692308,10,2,3,0,34,27,0
311676,Bundesliga,23,21,1967,1,1,0.5496,2.67703593,6.5521739130435,5,1,3,0,35,25,0
2192753,Bundesliga,6,0,89,1,0,0.6488,0.06567885,6.375,2,1,1,0,1,1,0
981562,Bundesliga,29,29,2610,0,0,,0.17139916,6.9275862068966,0,0,1,0,1,0,95
1083359,Bundesliga,1,1,90,0,0,,0.00762016,7,0,0,0,0,0,0,4
818244,Ligue 1,18,8,865,10,5,6.2081,3.7633231,7.5111111111111,39,16,0,0,5,0,0
889259,Ligue 1,24,15,1259,5,4,5.7985,4.47072227,7.1291666666667,60,25,1,0,23,9,0
1154605,Ligue 1,19,13,1064,5,2,7.306,2.6931832,7.0263157894737,44,16,0,0,26,8,0
996952,Ligue 1,23,16,1400,10,1,9.3923,3.9799188,7.3130434782609,58,27,2,0,24,11,0
1590918,Ligue 1,19,9,837,1,2,2.0617,1.92707845,6.7111111111111,18,7,0,0,13,5,0
934510,Ligue 1,26,11,1104,6,1,8.2313,1.33612447,6.6307692307692,52,24,2,0,11,3,0
1861665,Ligue 1,10,3,354,1,1,1.4943,0.34774611,6.56,9,3,1,0,2,2,0
1926085,Ligue 1,6,3,232,1,0,0.7226,0.37571019,6.7166666666667,3,2,0,0,1,5,0
902029,Ligue 1,27,23,2008,1,7,1.0025,3.71375845,7.6222222222222,32,10,2,0,23,25,0
1190933,Ligue 1,15,11,1035,5,1,2.4534,1.832511,7.28,22,6,0,0,23,5,0
1473491,Ligue 1,20,17,1277,3,4,3.0692,2.01220218,6.725,24,7,2,0,38,6,0
784655,Ligue 1,14,9,813,1,3,1.0191,1.5125949,7.0285714285714,13,4,2,0,10,8,0
917087,Ligue 1,23,15,1257,2,3,2.3014,4.60469666,6.9782608695652,32,12,3,0,15,3,0
1142672,Ligue 1,28,25,2261,2,4,1.2139,3.3992388,6.9785714285714,18,6,2,0,45,12,0
814594,Ligue 1,16,13,1269,2,1,2.0365,2.2134639,6.725,23,7,3,1,16,11,0
989768,Ligue 1,19,13,1233,4,5,4.2961,3.62734183,7.2444444444444,29,14,1,0,25,13,0
155995,Ligue 1,11,8,779,0,0,0.0932,0.33266075,7.2181818181818,1,0,0,0,15,6,0
979480,Ligue 1,21,19,1735,0,0,0.9957,0.42735413,6.9809523809524,8,1,0,0,39,24,0
1108441,Ligue 1,14,12,1030,1,0,0.9784,0.65984534,7.2538461538462,9,2,2,0,20,14,0
1023567,Ligue 1,23,21,1937,1,0,0.5021,0.40068123,6.9739130434783,4,3,4,0,25,15,0
352370,Ligue 1,20,16,1435,0,2,0.3034,0.62981104,7.035,7,2,3,0,19,17,0
996953,Ligue 1,17,17,1530,0,0,,0.00273934,6.9529411764706,0,0,0,0,0,0,33
800749,Ligue 1,11,11,990,0,0,,0.00477413,6.8272727272727,0,0,0,0,0,0,21
347010,Ligue 1,7,1,247,1,3,0.2639,1.17513177,7.1,9,1,0,0,2,0,0
148824,Ligue 1,29,27,2245,9,5,10.4773,8.55029644,7.2620689655172,67,25,5,0,24,10,0
795228,Ligue 1,25,23,1595,12,3,10.3428,1.61915036,6.976,51,26,1,0,10,1,0
1029018,Ligue 1,16,3,448,1,2,0.7485,1.02029135,6.6933333333333,12,4,2,0,7,1,0
227862,Ligue 1,25,22,1728,10,2,8.5886,3.69956675,7.104,51,22,2,0,20,9,0
1545376,Ligue 1,24,6,769,5,0,5.5559,0.20905406,6.75,35,12,0,0,11,2,0
788921,Ligue 1,22,2,355,0,0,0.6001,0.56159875,6.4388888888889,12,0,2,0,4,3,0
966849,Ligue 1,22,12,1192,2,3,0.5177,2.87205286,6.9681818181818,7,3,3,0,30,11,0
822708,Ligue 1,5,0,131,1,0,0.1384,0.10129347,6.9,2,2,0,0,0,2,0
1064697,Ligue 1,26,24,2057,3,3,2.7345,1.79778439,7.0923076923077,41,11,4,0,75,36,0
1423504,Ligue 1,16,4,596,0,2,0.399,1.09185476,6.7333333333333,6,4,1,0,27,7,0
231946,Ligue 1,28,28,2391,3,8,6.2806,6.06648718,6.9214285714286,38,12,9,0,82,16,0
1426222,Ligue 1,3,1,78,0,0,,0.02473351,6.9333333333333,0,0,0,0,8,3,0
787827,Ligue 1,29,29,2598,1,7,4.2682,8.57545469,7.0724137931034,42,15,2,0,42,46,0
579576,Ligue 1,21,18,1513,2,2,0.9153,2.00230094,6.9428571428571,13,3,3,1,35,25,0
1545297,Ligue 1,9,0,112,0,0,0.1423,0.37674753,6.6666666666667,3,1,0,0,0,3,0
174975,Ligue 1,2,1,86,0,0,0.0263,0.0920665,6.7,1,1,1,0,3,0,0
1408080,Ligue 1,18,18,1603,3,0,1.7806,0.79899011,7.0722222222222,16,3,2,1,27,21,0
826203,Ligue 1,28,28,2520,0,1,1.2021,0.6126165,7.2357142857143,20,5,2,0,55,63,0
1099117,Ligue 1,19,17,1555,2,1,1.6224,0.38489797,7.2052631578947,16,4,2,0,27,22,0
1399503,Ligue 1,7,7,528,0,0,0.0342,0.06604746,6.5428571428571,1,1,1,0,18,8,0
1842137,Ligue 1,1,0,14,0,0,,0.00928184,6.7,0,0,0,0,1,0,0
369650,Ligue 1,10,10,809,0,0,0.1068,0.20010182,6.7,2,0,2,1,17,16,0
1546405,Ligue 1,2,1,120,0,0,0.0609,0.02259372,7.2,1,0,1,0,4,5,0
1387161,Ligue 1,29,29,2610,0,1,,0.01374856,7.1172413793103,0,0,2,0,0,0,73
39070,Ligue 1,27,17,1549,7,1,8.166,1.56589994,6.6296296296296,40,15,2,0,11,4,0
1140859,Ligue 1,13,4,428,5,1,3.5735,0.81313186,6.9384615384615,23,9,2,0,7,2,0
1149144,Ligue 1,25,23,2026,7,5,7.3981,4.36724533,7.104,61,28,4,0,18,7,0
1130111,Ligue 1,11,3,288,1,1,0.9795,0.40718733,6.5818181818182,4,3,0,0,10,2,0
1512354,Ligue 1,15,3,365,0,0,0.7695,0.68254186,6.5533333333333,10,3,0,0,11,3,0
1936816,Ligue 1,10,1,202,1,1,1.2536,0.38881721,6.62,10,4,0,0,3,1,0
1402698,Ligue 1,14,4,459,3,1,1.5148,1.20335401,6.85,14,7,1,0,10,1,0
368120,Ligue 1,24,12,1197,2,2,1.2844,2.10886213,6.9708333333333,17,5,3,0,15,15,0
1391541,Ligue 1,26,15,1303,1,0,2.0584,0.55192999,6.5769230769231,18,4,3,0,25,11,0
1564180,Ligue 1,26,24,2029,0,1,1.5924,1.34269875,6.6961538461538,15,4,5,1,52,24,0
965357,Ligue 1,17,4,479,1,2,0.8178,1.2925278,6.7294117647059,11,4,0,0,5,3,0
1138804,Ligue 1,28,25,2136,7,1,7.2453,4.31207493,6.9142857142857,42,13,5,0,18,10,0
934498,Ligue 1,30,22,1778,4,5,4.663,4.32314505,6.8896551724138,29,8,2,0,24,19,0
51665,Ligue 1,23,22,1973,2,2,2.4429,2.23309175,7.1130434782609,22,4,7,0,54,27,0
827506,Ligue 1,8,3,293,1,0,0.417,1.56491533,6.8142857142857,6,3,1,0,8,2,0
238612,Ligue 1,13,9,953,0,0,0.5211,0.12088546,6.7666666666667,7,3,3,0,14,14,0
361780,Ligue 1,15,7,734,0,0,0.0467,0.84460691,6.7142857142857,2,0,3,1,14,17,0
122810,Ligue 1,25,24,2075,1,0,1.0526,0.93183378,7.248,11,2,7,0,32,38,0
1049775,Ligue 1,8,7,515,0,0,0.3651,0.04426231,6.675,7,2,0,1,10,11,0
128587,Ligue 1,22,18,1650,1,2,1.1366,2.82572057,6.8363636363636,15,3,2,0,27,14,0
1119487,Ligue 1,25,23,2052,1,2,1.0582,0.85601762,6.848,18,5,8,1,30,32,0
1087364,Ligue 1,14,8,715,0,0,0.3892,0.52948142,6.6642857142857,8,0,0,0,13,6,0
827519,Ligue 1,26,23,1955,3,3,1.873,3.24725212,6.85,29,12,4,1,39,22,0
1513466,Ligue 1,1,1,52,0,0,,0.00297348,6.1,0,0,0,0,1,2,0
1937040,Ligue 1,1,0,38,0,0,,0.0106999,6.7,0,0,0,0,1,0,0
847494,Ligue 1,28,28,2474,0,1,,0.05196922,7.2857142857143,0,0,4,0,3,0,64
878898,Ligue 1,3,2,226,0,0,,0.006696,6.7333333333333,0,0,0,0,0,0,4
1174937,Ligue 1,12,10,900,4,6,5.0547,2.02040641,7.2,35,21,2,1,9,3,0
829296,Ligue 1,7,2,286,1,1,0.7692,0.4201639,6.5,8,2,0,0,0,0,0
957604,Ligue 1,23,16,1403,11,3,8.1149,1.66026509,7.0142857142857,41,16,2,0,22,7,0
1215906,Ligue 1,23,14,1364,3,7,1.6825,4.69299377,6.9590909090909,30,11,3,0,26,10,0
2369898,Ligue 1,4,0,28,0,0,0.058,0.03221636,6.5333333333333,2,0,0,0,1,0,0
979118,Ligue 1,26,26,2299,2,2,1.5627,3.41599642,7.2076923076923,24,6,6,1,45,20,0
1195784,Ligue 1,10,9,740,2,1,2.7095,1.83611366,7.02,18,9,1,0,11,3,0
2127096,Ligue 1,19,12,939,0,1,0.7623,0.97297269,6.6111111111111,4,3,2,0,16,5,0
343067,Ligue 1,26,23,2004,8,1,8.4437,3.11623544,7.05,45,23,5,0,31,16,0
123228,Ligue 1,10,2,219,0,0,0.2894,0.14593564,6.475,4,1,0,0,7,1,0
1195782,Ligue 1,9,5,532,2,0,0.9171,0.29377718,6.8111111111111,4,2,0,0,9,2,0
793988,Ligue 1,7,3,321,0,0,0.2096,0.17916854,6.6142857142857,4,1,0,0,5,6,0
1000175,Ligue 1,21,11,940,1,0,1.6518,1.95613821,6.7052631578947,9,5,3,0,4,1,0
1022084,Ligue 1,28,22,1904,1,0,2.2623,1.246272,6.8392857142857,26,8,2,0,28,13,0
1961628,Ligue 1,6,1,139,1,0,1.0513,0.02508763,6.775,10,1,0,0,3,0,0
1545023,Ligue 1,10,3,293,0,0,0.4366,0.13937913,6.8125,7,2,1,0,7,4,0
158243,Ligue 1,19,14,1307,0,3,1.514,1.05179244,6.7,15,1,4,2,28,20,0
758168,Ligue 1,28,26,2398,0,2,0.3041,1.68900842,7.2357142857143,4,0,3,0,30,26,0
973838,Ligue 1,22,21,1805,3,0,1.4806,1.79604057,6.8136363636364,15,6,4,1,28,4,0
1937750,Ligue 1,2,0,11,0,0,,0.00247152,6.3,0,0,0,0,0,0,0
1014540,Ligue 1,13,8,733,1,2,0.2144,0.47022426,6.5833333333333,1,1,3,0,13,9,0
352768,Ligue 1,26,24,2171,1,3,2.3283,2.61267784,6.7846153846154,13,6,5,1,54,29,0
152813,Ligue 1,28,28,2476,0,0,0.1063,0.67795947,6.9928571428571,3,0,5,0,36,20,0
356352,Ligue 1,15,8,728,0,0,0.6381,0.21171871,6.2307692307692,6,1,0,1,12,8,0
1627804,Ligue 1,4,1,86,0,0,,0.03454499,6.75,0,0,0,0,2,0,0
791046,Ligue 1,25,25,2250,0,1,,0.02184034,7.108,0,0,1,0,1,0,72
788180,Ligue 1,5,5,450,0,0,,0.00119905,7.66,0,0,0,0,0,0,14
1606013,Ligue 1,4,0,43,0,0,0.5701,0.00677367,6.525,2,1,0,0,2,0,0
876600,Ligue 1,29,21,1891,5,5,4.6923,3.62262613,6.875,54,21,4,0,23,10,0
352296,Ligue 1,27,18,1633,8,3,7.7732,1.17868156,6.6444444444444,34,15,3,0,17,4,0
966621,Ligue 1,30,29,2348,17,4,13.0705,1.01975542,6.9833333333333,72,32,2,0,6,2,0
806076,Ligue 1,28,12,1315,5,4,4.5933,4.85985967,6.8321428571429,42,13,0,0,17,14,0
848458,Ligue 1,8,7,526,1,1,0.919,0.75090695,6.6625,18,4,1,0,8,0,0
1891021,Ligue 1,5,0,75,1,0,0.1062,0.01946919,6.625,3,1,0,0,1,0,0
847983,Ligue 1,12,7,582,1,3,0.5975,1.24461783,6.8416666666667,10,4,1,0,19,2,0
286909,Ligue 1,19,15,1215,1,2,0.4964,2.51895504,6.9833333333333,9,3,5,0,40,8,0
1102502,Ligue 1,29,23,2172,1,4,1.2186,4.00806848,6.9241379310345,24,7,1,0,48,30,0
1445628,Ligue 1,22,12,981,0,0,0.7934,1.08081485,6.6727272727273,24,6,3,0,32,6,0
581314,Ligue 1,27,27,2385,1,5,0.9422,3.8565819,7.2222222222222,20,9,5,0,64,37,0
916041,Ligue 1,28,27,2303,3,1,2.8429,2.17951075,6.65,24,10,4,1,50,30,0
292665,Ligue 1,4,0,63,0,0,,0.01798957,6.6,0,0,0,0,0,0,0
2111258,Ligue 1,6,0,41,0,0,0.1461,0.33414844,6.425,1,0,0,0,2,1,0
1445625,Ligue 1,19,19,1673,0,0,1.0439,0.48027248,6.9894736842105,11,3,4,1,27,19,0
1597145,Ligue 1,16,13,1055,2,1,1.438,0.37361821,6.84375,8,3,2,1,17,16,0
1049515,Ligue 1,18,11,1032,0,1,0.1353,0.84781362,6.9058823529412,5,1,1,0,33,16,0
1545409,Ligue 1,15,5,603,0,0,0.5047,0.34234633,6.6214285714286,11,3,2,0,16,15,0
991479,Ligue 1,19,17,1544,1,0,1.206,0.34790324,7.1105263157895,8,3,5,0,25,16,0
988907,Ligue 1,25,23,2072,0,1,0.7551,1.12717627,6.836,9,1,2,0,28,36,0
164055,Ligue 1,29,29,2610,0,0,,0.05548777,6.9344827586207,0,0,4,0,1,0,76
1513605,Ligue 1,1,1,90,0,0,,0.00011686,5.7,0,0,0,0,0,0,0
942116,Ligue 1,28,26,2175,15,6,12.8626,5.29213798,7.3857142857143,102,42,4,0,12,4,0
51498,Ligue 1,27,20,1821,9,5,11.395,3.41250481,6.9555555555556,49,26,1,0,7,5,0
859026,Ligue 1,19,13,1124,7,3,5.4358,2.67535489,6.9736842105263,33,15,0,0,11,3,0
1401702,Ligue 1,9,3,322,2,1,0.7146,0.92608549,6.7875,9,3,1,0,3,4,0
981815,Ligue 1,27,20,1774,6,5,5.8589,2.44007421,6.9333333333333,47,19,3,0,23,14,0
855810,Ligue 1,27,24,2085,2,2,1.5878,2.30118541,6.6925925925926,25,10,4,0,45,16,0
959805,Ligue 1,11,11,890,0,0,0.9971,0.6113787,6.6272727272727,10,2,3,0,26,6,0
945830,Ligue 1,20,12,1087,2,0,2.1327,0.78213105,6.8526315789474,15,6,2,0,24,15,0
1129527,Ligue 1,20,5,596,0,4,0.485,1.57326809,6.5789473684211,7,1,4,1,17,7,0
1149127,Ligue 1,16,8,660,0,1,0.0541,0.36887184,6.5133333333333,2,0,1,1,20,8,0
149593,Ligue 1,28,26,2363,2,4,2.526,2.30580739,7.125,38,12,3,0,31,24,0
892924,Ligue 1,12,6,530,2,1,2.138,1.00420523,6.7909090909091,11,5,1,0,8,4,0
96544,Ligue 1,10,9,593,0,0,0.2713,0.25311396,6.95,4,1,3,0,14,10,0
1191892,Ligue 1,4,0,34,0,0,,0.02871126,6.6,0,0,0,0,1,1,0
877102,Ligue 1,16,16,1399,1,0,0.633,0.29724477,7.125,10,1,4,0,22,21,0
787505,Ligue 1,24,20,1763,1,2,0.8196,0.78700627,6.7958333333333,11,3,5,0,27,23,0
928236,Ligue 1,22,17,1640,0,1,1.2296,0.28277354,6.85,12,4,5,0,37,20,0
860307,Ligue 1,13,12,1016,0,1,0.2957,0.5929735,6.7,4,1,5,0,14,12,0
155997,Ligue 1,24,19,1792,0,3,0.4476,4.45966633,6.9041666666667,13,2,2,0,36,31,0
1131448,Ligue 1,11,8,626,0,0,,0.41923246,6.67,0,0,1,1,10,1,0
128383,Ligue 1,26,26,2340,0,0,,0.02730711,7.1269230769231,0,0,2,0,2,0,69
803034,Ligue 1,4,4,360,0,0,,0.00105968,6.675,0,0,0,0,0,0,11
962883,Ligue 1,21,8,872,9,0,9.0487,1.21258916,6.8285714285714,37,20,1,0,14,4,0
934237,Ligue 1,26,22,1905,12,4,12.8561,1.73151852,6.8,69,30,4,1,5,4,0
1083007,Ligue 1,28,12,1057,2,2,3.3054,1.43950733,6.5111111111111,19,7,0,0,11,0,0
1403216,Ligue 1,6,1,113,0,0,0.1314,0.02508896,6.34,2,0,1,0,2,1,0
111802,Ligue 1,4,0,64,0,0,,0.07262784,6.85,0,0,0,0,3,1,0
1110842,Ligue 1,10,6,592,3,0,1.9944,1.28499395,6.82,15,4,0,0,8,4,0
1389846,Ligue 1,20,18,1523,0,4,1.6186,3.935695,7.1,19,1,5,0,45,35,0
873534,Ligue 1,18,10,1026,0,1,1.1994,2.30850163,6.9,7,1,2,0,31,16,0
318963,Ligue 1,22,19,1499,5,5,3.5425,1.7654995,6.8954545454545,31,18,2,1,24,22,0
155818,Ligue 1,15,11,961,3,2,3.1756,1.99362734,6.6133333333333,21,7,4,0,3,4,0
1130939,Ligue 1,27,24,2088,6,4,6.7422,4.9523109,7.0555555555556,43,16,3,0,36,15,0
770677,Ligue 1,20,19,1673,2,1,1.4238,0.85991695,6.875,14,2,4,1,26,28,0
1410148,Ligue 1,22,15,1295,3,3,1.5103,1.77158932,6.8,10,4,5,1,35,16,0
1868591,Ligue 1,15,9,671,0,1,0.0969,1.46994385,6.88,1,1,2,0,29,6,0
1606641,Ligue 1,4,0,73,0,0,0.5332,0.05856165,6.6,3,2,0,0,2,1,0
1149152,Ligue 1,8,0,164,1,1,0.5635,0.1581179,6.7375,6,2,0,0,3,0,0
1566349,Ligue 1,1,0,1,0,0,,,0,0,0,0,0,0,0,0
1090694,Ligue 1,14,7,613,0,2,0.1146,1.58735386,6.7714285714286,3,0,4,0,24,23,0
946158,Ligue 1,12,12,1080,1,0,0.7704,0.20025447,7.0333333333333,8,2,3,0,25,17,0
146101,Ligue 1,8,7,672,1,0,0.4895,0.3393804,7.075,3,2,0,0,7,10,0
845170,Ligue 1,21,17,1527,0,1,0.2463,3.48758456,6.7380952380952,2,0,2,0,22,11,0
281277,Ligue 1,24,24,2077,0,0,1.5984,0.49939745,6.9125,15,1,6,2,56,29,0
361696,Ligue 1,11,11,929,0,0,0.3964,0.54364431,6.8272727272727,5,1,3,0,9,14,0
825846,Ligue 1,29,24,2167,0,2,0.4842,4.91309683,6.9551724137931,12,3,8,0,56,25,0
1407848,Ligue 1,14,9,841,0,0,0.3178,0.7113016,6.7642857142857,1,1,1,0,21,15,0
1397558,Ligue 1,15,12,983,0,3,0.9245,2.17878931,6.5733333333333,12,0,3,0,27,16,0
15219,Ligue 1,13,13,1081,0,0,,0.01753206,6.9230769230769,0,0,0,0,1,0,38
868964,Ligue 1,19,17,1619,0,0,,0.00646053,6.9263157894737,0,0,1,0,0,1,49
1410925,Ligue 1,27,24,2195,16,1,14.2071,1.47986044,6.8888888888889,59,31,3,0,26,12,0
1048333,Ligue 1,8,4,427,4,2,3.6006,0.12435541,7.0375,16,8,3,0,0,0,0
1090458,Ligue 1,5,3,180,0,0,0.9566,0.02684399,6.42,3,1,0,0,2,1,0
1407484,Ligue 1,21,6,762,1,2,0.5644,1.04468663,6.745,9,1,2,0,16,3,0
1127057,Ligue 1,25,22,2022,1,4,2.1531,6.3016628,7.148,24,8,5,1,52,13,0
973556,Ligue 1,22,18,1537,2,2,5.6916,3.71336676,7.0409090909091,47,18,2,0,19,5,0
1638338,Ligue 1,9,4,324,0,1,0.7775,1.21815191,7.0571428571429,7,1,0,0,18,2,0
1142233,Ligue 1,23,21,1838,3,4,1.4583,3.76028602,6.9695652173913,23,9,4,0,41,17,0
1605921,Ligue 1,29,22,1849,1,2,0.3054,2.25050044,6.9793103448276,11,1,4,0,66,24,0
1153355,Ligue 1,5,3,222,1,0,0.1019,0.03404343,6.925,1,1,1,0,3,4,0
1426224,Ligue 1,10,2,268,0,0,0.1748,0.12445807,6.6625,2,1,1,0,10,1,0
1190938,Ligue 1,24,15,1328,8,1,7.4182,1.82624015,6.8625,36,14,2,0,15,11,0
962068,Ligue 1,15,7,709,3,1,2.5948,0.7058276,6.7133333333333,13,7,0,0,8,4,0
1930811,Ligue 1,23,15,1437,2,0,2.1694,0.88326937,6.6739130434783,23,9,2,0,19,14,0
1153333,Ligue 1,9,4,360,0,0,0.0582,0.38426609,6.6375,1,1,0,0,12,2,0
1197153,Ligue 1,19,19,1566,1,1,1.2026,1.1655734,6.7842105263158,10,3,2,1,37,12,0
1861695,Ligue 1,1,0,8,0,0,,0.00405382,6.6,0,0,0,0,0,1,0
1500263,Ligue 1,3,0,24,0,0,,3.905e-05,6.6,0,0,0,0,0,1,0
1002033,Ligue 1,21,20,1793,2,6,2.1096,1.92306069,6.9047619047619,12,5,3,0,43,25,0
802695,Ligue 1,20,19,1602,0,2,0.3165,0.96995937,6.61,5,3,4,0,25,22,0
1426597,Ligue 1,19,17,1436,0,0,0.2514,0.50864394,6.7,4,1,1,1,15,9,0
1049517,Ligue 1,21,21,1760,0,1,0.4164,0.41933746,6.5904761904762,6,3,3,2,17,20,0
983066,Ligue 1,21,11,1151,0,0,0.2126,0.09293348,6.8285714285714,2,1,4,0,7,13,0
1149148,Ligue 1,28,28,2520,0,0,,0.0260704,6.95,0,0,3,0,0,0,86
40973,Ligue 1,1,1,90,0,0,,0.00025816,7.3,0,0,0,0,0,0,2
1102503,Ligue 1,18,12,982,9,1,7.1241,0.17511766,6.85,37,20,3,0,7,2,0
1130307,Ligue 1,26,14,1252,1,2,1.119,0.96961748,6.7423076923077,15,2,3,0,21,11,0
875548,Ligue 1,23,10,932,4,0,4.8528,0.59641077,6.6727272727273,25,10,1,0,5,2,0
1405239,Ligue 1,18,7,685,1,2,2.3767,0.96739274,6.4944444444444,13,6,3,0,4,2,0
1103141,Ligue 1,29,8,910,4,2,5.367,0.78512063,6.5714285714286,28,10,2,0,5,4,0
1174462,Ligue 1,24,19,1521,8,3,6.4069,2.60882502,7.0541666666667,52,16,1,0,23,15,0
802138,Ligue 1,27,20,1573,3,2,2.4771,0.98883503,6.8148148148148,33,12,1,0,25,8,0
1855502,Ligue 1,27,26,2252,2,5,0.5385,2.95348535,6.9111111111111,7,4,4,0,23,20,0
1465307,Ligue 1,27,21,1982,1,1,1.0484,2.90104373,7.0259259259259,20,5,3,0,54,28,0
2266256,Ligue 1,1,0,1,0,0,,,0,0,0,0,0,0,0,0
1402217,Ligue 1,12,4,405,1,0,0.8522,1.28802142,6.7545454545455,7,4,2,0,6,9,0
296434,Ligue 1,24,23,2008,1,0,0.7317,0.90815313,6.9541666666667,20,5,6,0,33,24,0
1131540,Ligue 1,28,22,1898,2,2,1.741,1.74205391,6.8357142857143,17,7,0,0,40,17,0
993952,Ligue 1,24,16,1521,1,1,0.8071,1.4854952,6.8333333333333,14,7,1,0,22,21,0
2430329,Ligue 1,1,0,10,0,0,,0.00089767,6.4,0,0,0,0,0,1,0
879618,Ligue 1,26,26,2340,0,1,0.5447,0.45929803,6.8846153846154,11,2,3,0,20,23,0
1529051,Ligue 1,13,12,1114,0,0,0.5734,0.14454835,6.5923076923077,7,1,7,0,25,23,0
998241,Ligue 1,22,14,1302,0,1,0.4676,1.52035582,6.5318181818182,10,2,3,1,32,11,0
1131541,Ligue 1,23,21,1876,0,3,0.7135,0.45144378,6.6652173913043,7,1,5,0,24,13,0
1103079,Ligue 1,11,5,497,0,0,0.2704,0.04932049,6.7125,1,0,0,0,6,5,0
831246,Ligue 1,15,13,1206,1,0,0.4599,0.77892081,6.7666666666667,8,1,1,0,20,13,0
149656,Ligue 1,27,27,2430,0,0,,0.03015188,7.0111111111111,0,0,0,0,1,1,63
583312,Ligue 1,3,3,270,0,0,,0.00439269,6.2,0,0,0,0,0,0,8
45923,Ligue 1,9,8,610,2,2,1.5443,1.40916246,6.7666666666667,13,5,1,0,0,1,0
330051,Ligue 1,26,22,1798,3,3,2.5239,3.61445354,6.7769230769231,29,10,0,0,11,9,0
940328,Ligue 1,25,12,1099,2,2,3.4315,2.3970958,6.588,27,10,0,0,13,1,0
1216282,Ligue 1,12,2,385,2,0,1.1643,0.30210766,6.825,11,7,0,0,18,3,0
802142,Ligue 1,19,10,855,3,0,2.8759,0.74370244,6.7894736842105,20,6,1,0,13,3,0
877979,Ligue 1,21,9,815,3,0,5.0049,0.64704719,6.495,26,6,0,0,2,4,0
842399,Ligue 1,21,8,843,3,1,1.9545,0.53172971,6.5761904761905,12,3,1,0,17,8,0
857471,Ligue 1,2,1,79,0,0,,0.00797794,6.25,0,0,0,0,0,1,0
826492,Ligue 1,5,0,50,0,0,,0.09352762,6.475,0,0,0,0,0,1,0
1049442,Ligue 1,25,24,2075,9,4,5.7139,5.3654467,7.484,47,19,6,0,32,8,0
894733,Ligue 1,12,8,789,4,1,3.4392,0.32338708,6.8916666666667,16,8,0,0,9,3,0
352802,Ligue 1,22,21,1822,0,3,1.0767,4.2969304,6.8909090909091,10,6,9,0,21,9,0
801306,Ligue 1,21,19,1708,1,2,1.2091,1.80708303,6.9428571428571,29,6,5,0,57,18,0
1961626,Ligue 1,23,11,1070,0,0,0.3665,0.2413256,6.5409090909091,9,2,4,1,18,9,0
1507384,Ligue 1,26,24,1978,1,0,1.7831,0.95972705,6.7269230769231,17,4,8,0,51,32,0
816810,Ligue 1,10,1,159,0,0,0.3959,0.25584369,6.575,7,1,0,0,0,0,0
795508,Ligue 1,20,9,799,2,0,2.1807,0.30274222,6.6473684210526,24,7,1,0,16,4,0
981168,Ligue 1,14,12,1065,1,0,1.7076,0.35131454,6.4846153846154,12,4,1,0,18,7,0
362014,Ligue 1,14,12,985,0,1,0.1752,0.56258558,6.5571428571429,4,0,3,0,26,16,0
982319,Ligue 1,28,27,2446,0,1,0.5511,0.4792134,6.8928571428571,7,2,3,0,49,34,0
1050692,Ligue 1,9,9,810,0,2,0.1495,0.14610779,6.9,3,1,1,0,10,5,0
1069159,Ligue 1,22,20,1824,1,0,0.5781,0.23918397,6.8863636363636,12,3,6,1,42,27,0
1426221,Ligue 1,23,15,1482,0,0,0.2633,1.07393033,6.595652173913,4,1,0,0,20,12,0
844744,Ligue 1,17,13,1147,0,1,0.1887,0.55200237,6.4529411764706,4,0,3,2,23,8,0
930813,Ligue 1,9,3,312,0,0,0.0721,0.78332853,6.625,3,0,0,0,2,1,0
41605,Ligue 1,11,7,674,0,0,0.1181,0.09711124,6.48,1,1,2,0,9,8,0
38440,Ligue 1,18,18,1620,0,0,,0.01500166,6.95,0,0,2,0,0,1,51
1015872,Ligue 1,12,12,1080,0,0,,0.00789165,6.4333333333333,0,0,0,0,0,0,27
1169436,Ligue 1,17,16,1264,5,1,4.4838,0.92483052,6.7058823529412,33,12,3,0,8,3,0
911851,Ligue 1,29,28,2437,8,2,5.7624,4.33581268,7.0724137931034,52,15,1,1,19,14,0
1199247,Ligue 1,25,11,1072,4,5,2.2154,0.78921538,6.676,27,9,4,0,29,4,0
1128844,Ligue 1,24,18,1432,4,2,6.5181,0.70021094,6.4625,46,17,5,1,20,7,0
1002267,Ligue 1,10,2,275,0,0,0.4394,0.18667636,6.42,6,1,0,0,4,1,0
1657108,Ligue 1,12,1,206,2,0,1.4376,0.43710829,6.7166666666667,8,7,0,0,3,0,0
1410217,Ligue 1,13,12,1067,1,2,1.3055,1.29782155,6.9923076923077,27,11,2,0,30,28,0
988801,Ligue 1,8,7,532,0,0,0.1324,0.1652716,6.7,6,0,2,0,19,8,0
878938,Ligue 1,27,25,2229,2,1,1.6579,3.35103048,7.1259259259259,22,6,7,0,71,30,0
1198264,Ligue 1,12,5,500,0,0,,0.62224716,6.7916666666667,0,0,2,0,10,12,0
863133,Ligue 1,25,25,2165,4,4,4.6117,5.90938662,7.224,35,12,7,0,37,24,0
1386065,Ligue 1,23,6,664,1,0,1.733,0.54907311,6.5772727272727,13,3,3,0,11,9,0
1894003,Ligue 1,24,19,1656,0,0,0.6047,1.28591964,6.425,12,5,7,0,47,23,0
2193194,Ligue 1,20,9,871,1,1,0.5733,0.38938465,6.4894736842105,8,2,3,1,9,6,0
1048366,Ligue 1,21,7,821,0,1,0.5542,0.69640892,6.6428571428571,9,1,1,0,18,8,0
1020744,Ligue 1,26,25,2263,3,2,2.7842,0.8503746,6.9769230769231,30,9,6,0,23,24,0
922759,Ligue 1,26,24,2135,0,2,0.3152,0.94210119,6.7846153846154,6,1,6,1,39,20,0
123388,Ligue 1,30,25,2138,3,4,2.8251,1.83075813,6.7633333333333,8,5,1,0,48,17,0
798124,Ligue 1,29,27,2298,1,0,0.8467,0.48904635,6.6931034482759,15,5,3,0,18,38,0
2077075,Ligue 1,8,4,440,1,0,0.2496,0.01879133,6.6125,3,1,0,0,9,3,0
1154630,Ligue 1,30,30,2670,0,0,,0.07044736,6.8066666666667,0,0,3,0,0,1,76
792318,Ligue 1,1,0,30,0,0,,7.865e-05,6.2,0,0,0,0,0,0,1
343971,Ligue 1,27,27,2373,7,8,7.7377,1.86012887,6.9259259259259,46,15,9,1,20,10,0
557166,Ligue 1,14,8,660,2,2,2.7408,0.5624817,6.7071428571429,29,5,0,0,11,4,0
1401005,Ligue 1,23,11,1060,5,1,4.5847,1.75245618,6.7478260869565,28,14,2,0,14,6,0
1922996,Ligue 1,2,0,26,0,0,0.1321,0.0459844,6.55,1,0,0,0,0,0,0
1156353,Ligue 1,20,19,1528,5,3,4.5009,2.4020063,6.845,38,12,6,0,54,18,0
904994,Ligue 1,23,12,929,4,0,3.1121,0.59497306,6.5913043478261,22,7,2,0,18,3,0
1410231,Ligue 1,24,8,957,1,0,2.8263,0.6907854,6.4136363636364,20,10,6,0,16,11,0
1597197,Ligue 1,13,1,220,0,0,0.0329,0.24048149,6.575,2,0,0,0,4,3,0
825681,Ligue 1,27,27,2254,8,3,7.8807,5.31914181,6.7666666666667,29,12,2,1,56,24,0
976396,Ligue 1,28,27,2415,2,0,1.2612,1.04580064,6.9464285714286,23,7,2,0,60,40,0
787889,Ligue 1,19,5,543,0,0,0.3708,0.35174969,6.6210526315789,6,2,0,0,21,7,0
861324,Ligue 1,28,27,2346,1,1,0.4962,1.56316849,6.8464285714286,18,3,5,0,63,39,0
1001858,Ligue 1,15,14,1249,0,0,0.3472,0.1171821,6.6133333333333,6,2,3,0,14,14,0
1135887,Ligue 1,21,15,1350,0,0,1.1048,0.35980443,6.3571428571429,17,4,4,1,33,20,0
1499870,Ligue 1,7,2,200,0,0,0.0367,0.26775507,6.8,2,0,0,0,5,2,0
1129382,Ligue 1,20,14,1294,0,2,0.1242,1.22018205,6.705,2,1,0,0,53,11,0
141080,Ligue 1,28,27,2432,0,2,0.2472,3.63960451,6.8392857142857,9,1,3,0,38,25,0
1400993,Ligue 1,17,15,1370,0,0,0.2695,0.19491931,6.9588235294118,5,0,4,0,23,21,0
328035,Ligue 1,26,26,2277,1,3,0.7026,1.3437805,6.9884615384615,11,6,4,0,31,29,0
1894085,Ligue 1,2,0,20,0,0,,0.0002978,6.45,0,0,0,0,0,1,0
849114,Ligue 1,10,10,865,0,0,,0.01880031,6.65,0,0,0,1,0,0,26
891508,Ligue 1,20,19,1741,0,0,,0.05238477,7.175,0,0,1,0,0,0,61
891505,Ligue 1,9,6,505,0,0,1.4573,0.13778543,6.4333333333333,15,5,0,0,3,2,0
2137784,Ligue 1,26,11,1099,5,0,4.9824,0.49186931,6.5807692307692,22,14,0,0,7,4,0
2318284,Ligue 1,15,1,323,2,1,1.0519,0.60280761,6.68,7,3,2,0,7,4,0
2142283,Ligue 1,18,3,431,1,0,1.5738,0.10460456,6.4642857142857,12,3,0,0,7,0,0
580642,Ligue 1,29,29,2520,0,0,0.283,0.4220962,6.8,5,0,7,0,64,27,0
1195241,Ligue 1,27,26,2149,2,2,2.345,1.25016913,6.762962962963,33,14,5,0,59,36,0
190883,Ligue 1,11,10,886,0,1,0.3534,1.5159773,7.1090909090909,11,4,3,0,14,5,0
1392829,Ligue 1,22,20,1631,2,1,3.5357,2.15544495,6.6954545454545,30,14,1,0,20,7,0
1172936,Ligue 1,29,23,1805,2,1,2.8428,2.23732076,6.5392857142857,35,8,2,1,36,14,0
209768,Ligue 1,12,2,358,0,0,0.3053,0.31221284,6.7,6,1,0,0,15,4,0
794373,Ligue 1,24,24,2015,0,3,0.2864,1.4918971,6.6791666666667,9,1,6,0,36,31,0
1049538,Ligue 1,29,28,2449,1,0,0.3631,0.23887786,6.8931034482759,9,4,3,0,44,31,0
363042,Ligue 1,30,30,2700,0,2,0.521,1.22540492,6.7933333333333,9,1,2,0,42,42,0
1170532,Ligue 1,28,22,1945,0,0,0.9499,0.99668725,6.5740740740741,8,3,3,0,47,28,0
1462778,Ligue 1,28,17,1647,2,4,0.7881,2.54862564,6.8357142857143,16,5,3,0,41,12,0
1493480,Ligue 1,3,0,31,0,0,0.1218,0.00878273,6.4,1,0,0,0,0,0,0
121180,Ligue 1,3,1,100,0,0,0.0176,0.00527502,6.9,1,1,0,0,1,2,0
1506932,Ligue 1,18,3,373,0,0,0.0694,0.1143021,6.5875,2,1,0,0,15,3,0
1442036,Ligue 1,6,2,277,0,0,0.0165,0.01092088,6.4166666666667,1,0,0,0,6,3,0
1862843,Ligue 1,7,4,391,0,0,,0.1115758,6.5285714285714,0,0,1,0,13,1,0
170129,Ligue 1,21,8,784,0,0,0.0263,0.50208549,6.6388888888889,2,0,0,0,13,10,0
867299,Ligue 1,26,26,2340,0,0,,0.01444059,7.3538461538462,0,0,1,0,1,0,103
1651830,Ligue 1,2,2,180,0,0,,0.00134506,6.55,0,0,1,0,0,0,6
963201,Ligue 1,2,2,180,0,0,,0.00090832,7.15,0,0,0,0,1,0,7
825088,Ligue 1,23,13,1192,1,1,3.4904,1.04349021,6.4130434782609,37,13,4,0,9,3,0
257205,Ligue 1,13,10,795,1,3,0.4982,1.42831616,6.7538461538462,13,3,1,0,12,2,0
1001458,Ligue 1,30,29,2589,6,4,12.9371,3.03247785,7.07,70,24,2,0,27,8,0
910076,Ligue 1,16,7,548,1,0,0.6605,0.47552438,6.5066666666667,6,2,1,0,12,3,0
975300,Ligue 1,12,3,376,1,1,1.0825,0.27530087,6.6833333333333,6,2,0,0,6,0,0
2198657,Ligue 1,9,4,387,1,0,0.7462,0.07167247,6.5222222222222,8,2,1,0,0,1,0
1895833,Ligue 1,5,0,99,1,0,0.1253,0.02239208,6.82,4,3,0,0,0,1,0
149732,Ligue 1,11,8,741,2,0,1.5,0.92113871,6.8727272727273,13,4,2,0,12,9,0
1000442,Ligue 1,26,12,1160,1,1,1.4495,1.57468518,6.5,17,7,4,0,27,16,0
992026,Ligue 1,30,27,2348,4,4,2.9573,2.36826989,6.9933333333333,32,9,2,0,58,14,0
1035695,Ligue 1,22,11,964,2,1,1.927,2.13006977,6.8318181818182,18,7,2,0,30,8,0
1012657,Ligue 1,12,12,1051,0,0,0.193,0.3489292,6.8833333333333,8,2,3,0,20,13,0
995671,Ligue 1,8,1,223,0,0,0.2128,0.8140522,6.725,6,3,0,0,7,0,0
1490783,Ligue 1,26,19,1564,1,0,1.7654,0.58100325,6.5961538461538,20,4,6,0,33,19,0
1895829,Ligue 1,6,0,109,0,0,,0.02195226,6.62,0,0,0,0,2,1,0
1035988,Ligue 1,26,26,2154,1,1,0.4342,0.80089103,6.8,9,5,4,2,37,35,0
873221,Ligue 1,27,26,2355,0,0,1.0371,1.12993697,6.8740740740741,17,6,4,0,41,32,0
54308,Ligue 1,27,24,2150,0,0,0.7503,1.42360908,6.8,16,3,3,0,44,31,0
1824137,Ligue 1,10,2,281,0,0,0.3883,0.07812003,6.6333333333333,4,2,1,0,7,2,0
1397882,Ligue 1,27,25,2114,0,1,0.5432,2.94101833,6.6592592592593,13,3,6,0,39,23,0
980406,Ligue 1,7,3,335,0,0,,0.04496881,6.8166666666667,0,0,2,0,6,0,0
2073555,Ligue 1,8,6,504,1,0,0.0722,0.02542834,6.7625,1,1,0,1,11,2,0
287887,Ligue 1,25,24,2040,1,1,0.8996,0.41977779,7.008,10,4,1,1,35,39,0
599192,Ligue 1,4,3,315,0,0,,0.00462319,7.825,0,0,2,0,0,0,15
580226,Ligue 1,26,26,2295,0,1,,0.06730494,7.0038461538462,0,0,1,0,2,2,68
1426218,Ligue 1,1,1,90,0,0,,0.0009485,6.7,0,0,0,0,0,0,2
979315,Ligue 1,11,9,733,4,1,2.3036,0.52374532,6.73,18,11,3,0,4,2,0
1063235,Ligue 1,20,17,1422,4,3,2.9212,2.67562748,6.815,24,12,1,0,15,3,0
976410,Ligue 1,15,5,540,0,0,0.846,0.1398144,6.4866666666667,12,4,3,0,8,9,0
1518669,Ligue 1,10,1,396,1,0,2.1399,0.34301838,6.58,9,2,0,0,10,5,0
1035619,Ligue 1,19,9,838,0,0,1.7612,0.1493229,6.3833333333333,21,7,3,0,2,1,0
962064,Ligue 1,19,7,609,1,0,1.5756,1.04149082,6.5611111111111,15,9,3,0,10,5,0
1214843,Ligue 1,1,0,9,0,0,,,6.5,0,0,0,0,0,0,0
985923,Ligue 1,21,15,1380,1,2,1.5536,1.91830526,6.7571428571429,19,8,6,0,22,16,0
919027,Ligue 1,18,12,1016,2,0,1.6372,0.60819991,6.55,9,2,2,1,19,10,0
944164,Ligue 1,29,23,1857,7,2,5.7251,3.43299361,6.8586206896552,46,15,5,0,20,17,0
845486,Ligue 1,8,3,279,0,1,0.5445,0.23298481,6.7142857142857,5,1,0,0,3,1,0
993455,Ligue 1,15,10,760,0,0,0.0259,0.13320865,6.5,1,0,3,0,11,10,0
821728,Ligue 1,27,25,2273,1,6,1.2942,6.3199871,6.9703703703704,23,6,0,0,62,43,0
928033,Ligue 1,23,20,1731,0,2,0.1807,0.88602495,6.8086956521739,4,1,6,0,45,19,0
250133,Ligue 1,27,16,1500,0,2,2.3341,1.28164025,6.5740740740741,15,4,4,0,25,24,0
1127313,Ligue 1,24,13,1248,3,2,2.9755,2.5144087,6.8208333333333,21,6,1,1,31,8,0
1893993,Ligue 1,4,1,100,0,0,0.0837,0.17181884,6.7333333333333,3,1,0,0,4,0,0
2020789,Ligue 1,2,0,27,0,0,,0.00653085,6.6,0,0,0,0,0,1,0
1120615,Ligue 1,21,20,1738,1,0,2.1663,0.42020135,6.7904761904762,15,7,5,0,44,15,0
1606792,Ligue 1,23,19,1691,0,0,0.6539,0.94324874,6.7521739130435,6,1,6,0,27,22,0
985934,Ligue 1,2,1,72,0,0,,0.00298487,6.2,0,0,0,1,0,2,0
1473092,Ligue 1,25,24,2068,1,0,1.5942,0.33453516,6.752,11,3,3,0,39,25,0
3577,Ligue 1,11,8,762,0,1,0.1653,0.09955288,6.6363636363636,5,1,1,0,7,9,0
1469180,Ligue 1,2,2,146,0,0,,0.00425851,6.6,0,0,1,0,2,2,0
906075,Ligue 1,26,23,2166,2,1,1.0737,1.18099025,6.6615384615385,15,5,3,0,50,34,0
845183,Ligue 1,22,22,1980,0,0,,0.00940691,7.0545454545455,0,0,1,0,0,2,79
96542,Ligue 1,8,8,720,0,0,,0.00259149,6.5,0,0,0,0,0,0,20
927005,Ligue 1,28,28,2435,8,3,10.6003,2.7536015,6.8607142857143,79,31,6,0,36,20,0
867440,Ligue 1,26,25,2203,3,3,5.1572,1.79401748,6.6961538461538,57,16,7,0,28,10,0
1047484,Ligue 1,23,11,972,0,1,2.0408,1.0278903,6.5,25,8,0,0,12,2,0
1927696,Ligue 1,3,0,34,0,0,,0.00224557,6.4333333333333,0,0,0,0,0,0,0
1035986,Ligue 1,27,16,1477,1,0,2.8306,1.35346303,6.562962962963,21,11,3,1,29,10,0
1127191,Ligue 1,11,10,813,1,0,0.5211,0.48613338,6.8818181818182,5,1,1,1,19,16,0
904424,Ligue 1,25,23,1993,0,0,0.0902,0.53061348,6.812,4,0,7,0,58,22,0
913942,Ligue 1,9,6,512,0,2,0.5467,0.93894431,6.8666666666667,8,3,0,0,7,2,0
1151803,Ligue 1,29,28,2478,3,1,1.6141,4.38328256,7.0275862068966,22,7,3,0,63,35,0
997104,Ligue 1,11,5,413,0,0,0.2921,0.30982272,6.6545454545455,4,0,0,0,6,2,0
1126588,Ligue 1,15,1,300,0,0,0.2412,0.35548554,6.6785714285714,4,1,1,0,6,5,0
782240,Ligue 1,14,1,234,0,0,0.1216,0.29777494,6.6272727272727,4,1,3,0,5,5,0
1927719,Ligue 1,2,0,18,0,0,,0.06664587,6.6,0,0,0,0,0,0,0
844942,Ligue 1,26,22,1985,0,1,0.0032,1.31079533,6.8,1,0,7,0,44,26,0
805096,Ligue 1,10,9,862,1,0,1.033,0.16725997,6.8,7,2,2,0,14,8,0
1387156,Ligue 1,23,21,1829,0,0,0.2071,0.76769894,6.7260869565217,6,0,2,1,31,21,0
1177351,Ligue 1,20,14,1269,0,0,0.9174,0.75831103,6.66,9,1,1,0,37,16,0
1087805,Ligue 1,22,19,1698,1,0,1.3793,0.48336153,6.8636363636364,15,5,5,0,54,33,0
996951,Ligue 1,20,20,1774,1,1,1.4098,0.23020722,6.875,6,2,2,1,28,29,0
987491,Ligue 1,10,9,818,2,0,0.6174,0.124602,7.08,7,2,1,0,11,19,0
1005648,Ligue 1,22,14,1210,0,0,0.4986,0.97168548,6.5409090909091,10,2,1,1,25,13,0
1897492,Ligue 1,3,3,225,0,0,0.0205,0.01817427,6.4333333333333,1,0,0,0,4,4,0
159837,Ligue 1,27,27,2284,0,0,,0.03996111,7.037037037037,0,0,0,2,2,0,91
1095836,Ligue 1,6,3,416,0,0,,0.01175484,6.8833333333333,0,0,0,0,0,0,11
873551,Ligue 1,21,12,1085,4,0,2.7833,0.73725939,6.6285714285714,33,7,1,0,8,8,0
45512,Ligue 1,22,11,948,3,0,2.5281,0.96287773,6.5909090909091,15,9,0,0,11,3,0
1406007,Ligue 1,19,9,805,2,1,1.6947,0.41123006,6.6210526315789,14,7,2,0,21,5,0
999070,Ligue 1,28,23,2158,5,3,5.3875,3.12054218,6.9321428571429,69,18,5,0,19,7,0
1516047,Ligue 1,10,1,168,0,0,0.4256,0.13383979,6.5111111111111,6,0,0,0,4,1,0
890329,Ligue 1,9,7,557,1,0,2.1393,0.23104418,6.6555555555556,11,5,1,0,4,1,0
822110,Ligue 1,16,13,980,0,1,0.7164,0.73996102,6.64,12,2,2,0,18,9,0
829093,Ligue 1,9,5,462,0,0,0.0744,0.18759619,6.4888888888889,3,0,4,0,8,6,0
72998,Ligue 1,10,5,505,1,0,2.0903,1.0648064,6.95,6,3,1,0,13,4,0
963299,Ligue 1,23,19,1832,0,1,0.7665,1.45121556,6.8173913043478,17,5,4,0,68,21,0
1127590,Ligue 1,9,8,705,0,1,0.4234,0.57667657,6.8888888888889,5,1,2,0,23,9,0
40672,Ligue 1,15,8,634,0,1,0.1477,0.17662247,6.6533333333333,6,1,2,0,17,5,0
1405912,Ligue 1,24,14,1226,1,0,1.8965,1.56747609,6.6166666666667,27,7,4,1,30,17,0
1405998,Ligue 1,19,14,1281,1,1,1.4876,0.80078406,6.6210526315789,13,3,2,0,29,4,0
1562126,Ligue 1,10,1,228,0,0,0.1927,0.16563569,6.44,6,2,1,0,4,2,0
1107439,Ligue 1,9,8,753,0,0,0.3477,0.17794596,6.8666666666667,4,1,3,0,8,16,0
804764,Ligue 1,23,23,2041,1,2,0.5231,1.25801295,6.9434782608696,9,4,7,0,23,19,0
2193204,Ligue 1,20,20,1724,0,0,0.2698,0.17045031,6.42,3,0,5,1,19,17,0
1170197,Ligue 1,3,1,65,0,0,0.2769,0.00921386,6.05,2,0,0,0,0,0,0
151900,Ligue 1,4,0,35,0,0,,0.00136587,6.3666666666667,0,0,0,0,0,0,0
372430,Ligue 1,4,3,277,0,0,0.1122,0.0850964,7.125,2,0,0,0,8,9,0
802143,Ligue 1,23,22,1962,0,1,0.3935,1.20520756,6.6136363636364,10,2,3,0,28,7,0
886286,Ligue 1,25,21,1943,0,0,0.8467,0.63370225,6.5625,7,2,1,0,33,15,0
802034,Ligue 1,15,9,765,3,0,1.3492,0.94298496,6.8066666666667,8,3,4,0,31,23,0
1415436,Ligue 1,1,0,45,0,0,,0.00071041,6.8,0,0,0,0,0,3,0
48535,Ligue 1,28,28,2519,0,0,0.0845,0.03380381,7.1321428571429,1,0,4,0,1,1,87
156236,Ligue 1,2,1,98,0,0,,0.00014278,6.1,0,0,0,0,0,0,3
802159,Ligue 1,23,21,1875,4,1,6.6643,0.50842463,6.7391304347826,37,12,0,0,9,2,0
1470032,Ligue 1,16,5,555,1,1,0.3589,0.72127195,6.73125,6,3,2,0,7,1,0
1154647,Ligue 1,10,2,269,0,0,0.7747,0.05737042,6.3222222222222,8,2,1,0,0,0,0
300412,Ligue 1,6,1,185,1,0,0.7129,0.12508437,6.65,7,5,0,0,3,0,0
2195736,Ligue 1,10,2,262,2,0,0.7062,0.44466619,6.8,11,4,0,0,5,0,0
875677,Ligue 1,30,25,2187,3,2,1.4101,4.51673624,6.7758620689655,28,8,2,0,17,12,0
982613,Ligue 1,19,16,1366,1,0,0.9322,0.34044857,6.7157894736842,18,3,3,0,47,14,0
1597191,Ligue 1,28,14,1481,0,1,1.0627,0.38790666,6.5178571428571,16,1,5,0,33,9,0
842391,Ligue 1,25,22,1994,6,5,6.3167,3.06514766,6.888,33,10,1,1,14,6,0
985199,Ligue 1,19,5,551,2,0,0.6208,0.59377036,6.6055555555556,16,6,1,0,12,3,0
2076689,Ligue 1,8,4,332,0,0,0.2151,0.15197194,6.575,4,0,1,0,8,4,0
1928232,Ligue 1,3,0,35,0,0,,0.00362027,6.4666666666667,0,0,0,0,2,1,0
105951,Ligue 1,15,8,764,0,0,0.2121,0.73834834,6.825,5,1,0,0,20,7,0
902657,Ligue 1,28,22,1768,1,0,0.8105,0.67273288,6.6740740740741,14,6,4,0,40,17,0
158233,Ligue 1,8,6,537,0,0,1.1034,0.6990021,6.475,8,3,1,0,12,5,0
788170,Ligue 1,13,11,843,0,0,0.2213,0.99671701,6.4769230769231,5,1,2,0,21,5,0
326343,Ligue 1,27,27,2279,1,1,2.011,0.83118165,6.5814814814815,14,7,2,1,50,24,0
1471683,Ligue 1,19,18,1583,2,1,0.2828,0.41531846,6.9315789473684,5,2,4,2,39,31,0
1200442,Ligue 1,20,18,1606,0,1,0.6517,0.26895658,6.475,4,1,3,0,15,16,0
867575,Ligue 1,26,26,2208,2,1,1.7454,1.61660783,6.8615384615385,23,10,10,0,70,29,0
1397934,Ligue 1,12,9,696,0,0,0.1101,0.18046816,6.75,2,1,2,0,11,12,0
128285,Ligue 1,21,17,1610,0,0,0.396,0.36112732,6.4904761904762,7,2,1,0,38,24,0
1463509,Ligue 1,5,5,437,0,0,,0.00272303,7.56,0,0,0,0,1,0,24
1004550,Ligue 1,26,25,2263,0,0,,0.02568892,6.9769230769231,0,0,0,0,0,0,90
1136110,Eredivisie,25,5,810,2,2,1.5915,2.32895983,6.8173913043478,29,9,0,0,16,3,0
1047395,Eredivisie,25,3,747,3,4,2.3852,1.74080847,6.6869565217391,30,10,3,0,16,1,0
986395,Eredivisie,22,12,1104,11,1,9.0738,1.40964396,6.8681818181818,47,25,1,0,5,1,0
856744,Eredivisie,9,2,279,2,0,3.3778,0.17168777,6.6625,12,5,0,0,3,0,0
1063767,Eredivisie,26,26,2126,15,8,12.5961,7.21007,7.1884615384615,89,37,2,0,33,9,0
38710,Eredivisie,27,25,2047,5,10,4.7868,7.00244995,7.1740740740741,50,17,4,0,35,23,0
812145,Eredivisie,23,19,1401,6,6,4.7358,4.57719552,7.095652173913,41,14,1,0,10,5,0
1146018,Eredivisie,19,16,1409,2,2,3.559,3.56732119,6.9315789473684,28,12,5,0,39,5,0
850816,Eredivisie,27,25,2223,8,14,2.2601,9.3450197,8,32,14,4,0,54,24,0
845798,Eredivisie,25,21,1920,13,3,8.796,3.58981332,6.936,54,24,2,0,26,2,0
1212550,Eredivisie,6,6,381,3,0,2.1608,1.06681882,7.2833333333333,8,6,1,0,10,6,0
192308,Eredivisie,2,2,112,0,1,0.3995,0.88971026,7.05,2,0,0,0,2,1,0
844234,Eredivisie,28,28,2381,1,2,1.1259,2.3968274,7.1035714285714,19,6,2,1,44,50,0
1540010,Eredivisie,2,0,33,0,0,,0.093873,6.6,0,0,1,0,4,1,0
961684,Eredivisie,15,12,1022,0,0,0.546,0.93841869,6.6733333333333,7,2,3,1,27,10,0
906021,Eredivisie,24,24,2019,1,4,0.8359,4.0301474,6.9916666666667,14,5,4,0,51,13,0
1184317,Eredivisie,24,21,1784,3,1,1.8927,0.38039159,7.075,10,7,0,0,21,29,0
1046960,Eredivisie,29,11,1323,2,1,1.2779,0.51880422,6.9068965517241,17,5,4,0,22,12,0
893499,Eredivisie,24,22,1916,1,9,1.4437,4.7697522,7.1458333333333,19,7,2,0,54,35,0
1014222,Eredivisie,17,9,949,2,1,2.2922,1.56512411,6.7941176470588,15,5,2,0,26,4,0
825838,Eredivisie,17,9,821,2,0,1.4859,0.27306367,6.8875,11,6,1,0,6,6,0
927366,Eredivisie,28,28,2520,0,0,,0.10878651,7.0214285714286,0,0,0,0,0,1,75
1134720,Eredivisie,2,2,180,0,0,,0.00212533,6.9,0,0,0,0,0,0,5
138534,Eredivisie,6,4,333,0,1,0.7808,0.4113228,6.4666666666667,6,2,1,0,4,2,0
985823,Eredivisie,28,28,2267,23,1,16.6607,1.5360884,7.2035714285714,93,41,1,0,11,3,0
957937,Eredivisie,16,1,336,3,0,3.0293,0.21949074,6.70625,15,7,0,0,1,2,0
979221,Eredivisie,11,4,459,2,1,1.5084,1.00098154,6.72,14,4,0,1,9,1,0
2014656,Eredivisie,1,0,13,0,0,,0.00327132,6.4,0,0,0,0,0,0,0
1218066,Eredivisie,26,26,2193,8,6,4.8694,9.0968663,7.4346153846154,66,28,3,1,23,8,0
1095731,Eredivisie,21,17,1562,2,2,0.3052,1.37956605,7.1857142857143,6,3,4,0,54,34,0
886242,Eredivisie,10,9,803,1,1,2.5322,0.9615138,6.86,21,7,3,0,19,8,0
889689,Eredivisie,17,12,991,1,3,1.2766,3.05070738,6.9058823529412,16,5,2,0,19,12,0
944467,Eredivisie,19,12,1086,7,2,7.8167,3.62956102,7.0944444444444,38,17,0,0,8,1,0
1918931,Eredivisie,3,2,160,0,0,0.169,0.15401349,6.6333333333333,6,2,0,0,3,1,0
1150938,Eredivisie,20,17,1419,3,2,2.173,3.35365307,6.905,33,14,1,0,15,5,0
1121400,Eredivisie,28,26,2196,2,5,2.9976,7.00470415,7.0142857142857,35,12,7,1,41,28,0
1479467,Eredivisie,19,3,478,1,0,1.0525,1.53240235,6.6526315789474,11,3,0,0,4,2,0
1546216,Eredivisie,1,0,13,0,0,,0.00195126,6.5,0,0,0,0,0,0,0
1384486,Eredivisie,11,4,474,0,0,0.0952,0.13998366,6.9,3,0,1,0,13,5,0
1388535,Eredivisie,12,10,784,0,3,0.9721,1.36168599,6.7416666666667,13,2,2,0,17,10,0
825899,Eredivisie,26,26,2210,0,1,1.3024,1.67067613,6.8115384615385,15,1,5,1,26,36,0
942213,Eredivisie,27,27,2383,1,0,2.0782,1.8099466,7.0740740740741,21,8,1,0,28,23,0
787640,Eredivisie,4,1,108,0,0,,0.00878122,6.45,0,0,0,0,1,1,0
1144138,Eredivisie,24,20,1725,3,7,1.9763,3.69191582,7.1708333333333,33,11,0,0,63,20,0
121588,Eredivisie,1,0,1,0,0,,,0,0,0,0,0,0,0,0
796279,Eredivisie,17,7,859,0,1,0.4396,0.72530371,6.55,4,2,0,0,13,8,0
794013,Eredivisie,29,29,2565,1,5,2.7544,2.44175012,6.7965517241379,16,9,5,0,40,13,0
860160,Eredivisie,15,10,802,0,1,1.1469,1.09906641,6.95,11,2,0,0,19,11,0
797279,Eredivisie,17,5,556,1,0,0.7396,1.51007878,6.8375,5,2,3,0,20,9,0
1484975,Eredivisie,1,1,45,0,0,,0.00419322,6.8,0,0,0,0,1,2,0
253875,Eredivisie,29,29,2610,0,0,,0.14373147,7,0,0,6,0,0,0,83
860764,Eredivisie,1,1,90,0,0,,0.00162129,6.7,0,0,0,0,0,0,0
831860,Eredivisie,23,17,1211,8,3,7.1037,1.43635907,6.8454545454545,38,18,1,0,11,4,0
940647,Eredivisie,7,1,195,1,0,1.3301,0.27711329,6.5857142857143,9,3,0,0,1,1,0
35208,Eredivisie,29,29,2420,9,6,8.3426,4.8049644,6.9642857142857,87,39,3,1,8,5,0
958317,Eredivisie,17,1,458,3,2,2.0891,1.93063924,6.7625,22,8,0,0,7,0,0
47753,Eredivisie,28,27,1957,10,7,9.7473,3.87724716,6.9321428571429,62,29,5,0,24,10,0
148623,Eredivisie,17,4,541,1,2,0.4666,1.65143074,6.7529411764706,11,4,1,0,5,1,0
1184054,Eredivisie,30,30,2700,3,7,1.4637,5.54681161,7.15,27,7,3,0,68,41,0
1019011,Eredivisie,3,0,16,0,0,,0.04981177,5.9,0,0,0,0,2,0,0
1193676,Eredivisie,27,24,1970,7,6,3.8824,6.04208243,6.9407407407407,43,20,4,0,24,11,0
1394147,Eredivisie,28,28,2284,6,5,3.7248,7.0733241,7.0357142857143,47,17,5,1,28,13,0
897603,Eredivisie,25,22,1951,3,1,1.4562,2.82922667,7.236,22,11,2,0,53,26,0
1214957,Eredivisie,18,11,1095,3,4,3.8412,1.24162544,6.9058823529412,30,12,2,0,28,10,0
978823,Eredivisie,4,1,97,0,0,0.0786,0.09241227,6.475,1,1,1,0,0,0,0
961685,Eredivisie,20,8,1014,3,0,1.9452,1.05811805,6.7777777777778,10,4,2,0,18,12,0
2193004,Eredivisie,1,0,13,0,0,,0.00825073,6.6,0,0,0,0,0,1,0
1064177,Eredivisie,25,23,2050,1,0,1.8717,0.69762171,6.928,20,8,10,0,48,23,0
127846,Eredivisie,19,18,1599,1,0,0.6561,2.06178367,6.6473684210526,17,3,0,0,17,15,0
842275,Eredivisie,21,19,1545,1,2,0.6753,1.72986177,6.7904761904762,4,2,6,1,19,17,0
798180,Eredivisie,6,6,444,1,2,0.293,1.2145758,7.1666666666667,5,1,0,0,10,3,0
138828,Eredivisie,6,2,177,0,0,0.0238,0.09940444,6.66,1,0,0,0,2,2,0
1012639,Eredivisie,20,12,1027,0,1,0.4561,2.39483694,6.69,4,1,1,0,38,8,0
70930,Eredivisie,3,0,56,0,0,,0.00638258,6.45,0,0,1,0,2,0,0
1177177,Eredivisie,25,9,1119,0,2,0.2156,1.43252701,6.7909090909091,4,0,1,0,37,13,0
123865,Eredivisie,3,3,186,0,0,,0.00818689,7.3,0,0,0,0,0,0,7
990798,Eredivisie,27,27,2430,0,0,,0.43959848,7.1074074074074,0,0,3,0,5,0,90
1066313,Eredivisie,1,0,84,0,0,,0.00077506,6.5,0,0,0,0,0,0,3
804901,Eredivisie,21,13,1231,5,7,8.8391,2.79214141,6.7428571428571,43,18,0,0,12,1,0
35193,Eredivisie,27,18,1677,8,0,9.4208,1.28516275,6.7296296296296,43,20,4,0,22,9,0
1634542,Eredivisie,5,0,71,0,0,0.3311,0.53998972,6.36,6,0,0,0,0,0,0
989882,Eredivisie,28,28,2324,3,1,1.3315,3.4889272,7.2178571428571,28,8,2,1,53,35,0
190435,Eredivisie,24,7,880,2,1,2.4951,2.80729772,6.8083333333333,23,12,1,0,12,9,0
1160026,Eredivisie,29,27,2232,9,3,9.4599,3.38725528,6.9034482758621,80,31,0,1,29,14,0
1200962,Eredivisie,26,24,1841,1,6,3.5763,6.57600345,6.992,56,17,2,0,17,4,0
1048430,Eredivisie,29,24,2041,8,3,5.8941,6.779241,6.9896551724138,57,24,5,0,38,8,0
906024,Eredivisie,10,4,370,0,0,0.541,0.95433244,6.61,9,2,2,0,12,1,0
945233,Eredivisie,29,24,1964,3,1,5.8202,2.46070809,6.8,46,14,5,0,40,29,0
578344,Eredivisie,26,3,561,0,2,1.1813,2.1226437,6.5833333333333,15,7,1,0,13,5,0
966546,Eredivisie,16,3,476,0,0,0.1344,0.54114045,6.6466666666667,4,2,0,0,8,4,0
1142678,Eredivisie,13,4,375,0,0,0.4092,0.67353738,6.72,9,3,1,0,12,7,0
1890313,Eredivisie,17,14,1341,1,1,0.5684,0.27826977,6.8647058823529,9,5,0,0,13,8,0
1387012,Eredivisie,30,30,2596,4,3,2.7847,4.62430358,6.9533333333333,36,11,3,0,63,34,0
946506,Eredivisie,29,29,2568,3,4,1.9047,4.59730303,7.3586206896552,32,9,5,1,91,17,0
1091923,Eredivisie,21,19,1680,0,1,0.3272,0.71327203,6.9238095238095,5,0,2,0,16,13,0
196082,Eredivisie,24,20,1682,0,0,1.5729,1.01441566,7.1181818181818,21,4,6,0,32,17,0
1470065,Eredivisie,1,0,17,0,0,,0.00255578,6.4,0,0,1,0,0,0,0
1091627,Eredivisie,13,8,808,1,0,0.3118,0.40151771,6.8923076923077,3,1,0,0,12,9,0
27691,Eredivisie,1,1,90,0,0,,8.467e-05,6.8,0,0,0,0,0,0,1
94835,Eredivisie,29,29,2610,0,0,,0.06980505,6.9448275862069,0,0,0,0,0,0,70
252215,Eredivisie,24,18,1577,7,3,5.9229,2.50399244,6.795652173913,46,15,5,0,9,2,0
1149146,Eredivisie,28,26,2339,15,10,9.464,8.1728066,7.8035714285714,73,36,2,0,24,10,0
795761,Eredivisie,19,10,948,3,3,3.637,0.9106758,6.5882352941176,23,10,1,0,4,4,0
100386,Eredivisie,15,10,862,4,2,3.6881,3.15528422,7.3,37,16,2,0,9,5,0
878599,Eredivisie,16,6,639,0,1,0.7336,0.95958614,6.5625,4,1,3,0,9,4,0
1403073,Eredivisie,8,2,189,0,0,1.3648,0.30980463,6.5,7,2,0,0,2,1,0
1403090,Eredivisie,18,9,764,1,4,2.3811,2.84559064,7.0066666666667,33,9,4,0,14,1,0
1155158,Eredivisie,26,14,1436,5,6,4.0795,3.62723108,6.9538461538462,44,19,3,0,23,2,0
1597274,Eredivisie,3,0,33,0,0,,0.00523258,6.6,0,0,0,0,1,0,0
1563462,Eredivisie,22,9,976,2,2,1.4734,0.60355741,6.89,13,5,0,0,39,16,0
97410,Eredivisie,27,20,1693,6,2,4.3242,1.48274365,6.9076923076923,24,11,1,0,43,11,0
1001945,Eredivisie,17,4,530,1,0,0.8942,1.6219734,6.8,13,4,2,0,20,16,0
1859920,Eredivisie,15,13,993,1,1,1.1818,1.21478162,6.9733333333333,10,6,0,0,19,7,0
996940,Eredivisie,21,18,1460,0,2,0.528,0.79812524,7.0714285714286,7,1,5,0,44,21,0
287643,Eredivisie,2,1,20,0,0,,0.06983098,7,0,0,0,0,0,0,0
804434,Eredivisie,7,2,211,0,0,0.0552,0.04819062,6.5428571428571,1,0,0,1,4,7,0
954836,Eredivisie,21,16,1527,0,0,0.1664,0.31681871,6.847619047619,3,0,1,0,11,34,0
790989,Eredivisie,15,14,1154,1,0,0.6971,0.6771812,7.0466666666667,7,3,1,0,13,12,0
1000228,Eredivisie,27,27,2400,4,1,1.6357,1.08639673,7.2222222222222,13,7,2,1,51,29,0
1120315,Eredivisie,22,15,1433,0,4,0.852,4.8121528,6.7090909090909,21,5,3,0,16,17,0
1586649,Eredivisie,8,6,560,1,0,0.2957,0.24655427,7.1,2,2,2,0,7,4,0
836673,Eredivisie,19,15,1356,1,0,0.6601,2.27735044,6.7368421052632,10,5,3,0,23,16,0
970860,Eredivisie,23,20,1784,0,0,1.0235,0.76723679,6.7739130434783,13,4,3,0,48,31,0
843250,Eredivisie,7,7,630,0,0,,0.01014407,7.1857142857143,0,0,0,0,1,0,22
927359,Eredivisie,19,19,1710,0,0,,0.03954628,7.2736842105263,0,0,1,0,0,2,62
966555,Eredivisie,25,22,1989,15,3,16.4267,3.12033436,7.04,81,41,3,0,21,5,0
905174,Eredivisie,20,5,646,2,0,2.0915,0.88628817,6.635,21,10,3,0,8,3,0
1153117,Eredivisie,15,8,744,4,1,6.4983,0.51307539,6.6928571428571,30,10,1,0,5,0,0
914392,Eredivisie,22,16,1351,10,1,8.2525,1.86712498,7.0809523809524,43,24,2,1,16,4,0
1087931,Eredivisie,29,19,1758,2,4,2.9079,4.04659937,6.8793103448276,30,9,0,0,22,9,0
1405756,Eredivisie,24,22,2021,3,3,2.4358,4.5627066,7.0416666666667,35,8,5,0,38,15,0
980671,Eredivisie,26,23,1991,10,5,10.7523,7.26732863,7.2153846153846,76,34,1,0,27,14,0
1148468,Eredivisie,23,17,1300,2,2,3.8628,2.37620868,6.8391304347826,38,13,0,0,39,1,0
1648756,Eredivisie,23,7,898,1,2,3.9972,1.66556654,6.6608695652174,29,12,3,0,15,5,0
1145989,Eredivisie,20,15,1106,1,0,0.881,2.80736398,6.99,19,8,1,0,25,6,0
922018,Eredivisie,26,22,1930,1,0,1.6747,1.78012338,6.8384615384615,27,6,5,0,70,22,0
1170900,Eredivisie,17,5,494,1,1,1.2481,0.86470962,6.6882352941176,8,3,1,0,8,5,0
1562510,Eredivisie,4,0,74,0,1,0.0402,0.30288654,6.7,1,1,0,0,2,0,0
116946,Eredivisie,9,7,595,0,0,0.0735,0.5898184,6.9444444444444,4,2,2,1,14,4,0
1590941,Eredivisie,10,8,691,0,2,0.2394,1.37459223,6.6,6,1,1,0,11,11,0
1590944,Eredivisie,1,1,70,0,0,,0.0137788,6.2,0,0,1,0,1,2,0
1638685,Eredivisie,18,7,718,0,2,0.8508,1.5680335,6.7882352941176,12,4,5,0,51,12,0
1028330,Eredivisie,6,1,135,0,0,,0.22022694,6.7,0,0,0,0,4,2,0
1499691,Eredivisie,1,0,8,0,0,0.058,0.00011001,6.8,1,1,0,0,0,1,0
1145982,Eredivisie,29,29,2477,1,0,1.326,0.97023895,7.0241379310345,5,3,9,0,34,35,0
1004278,Eredivisie,29,29,2495,2,1,1.738,0.8662388,6.9172413793103,11,2,5,0,37,26,0
1008111,Eredivisie,15,13,1158,2,2,1.2606,2.66665067,7.1066666666667,25,8,2,0,16,7,0
1386461,Eredivisie,16,9,933,0,0,0.2321,1.40389097,6.5933333333333,5,0,1,0,23,14,0
1119294,Eredivisie,6,2,201,0,0,0.0579,0.02182662,6.5,1,0,0,0,3,0,0
893559,Eredivisie,29,27,2306,3,5,3.1187,2.73015403,6.7448275862069,17,11,9,0,59,26,0
1213381,Eredivisie,6,5,495,1,0,0.3191,0.58860752,7.3333333333333,3,1,0,0,16,4,0
1145999,Eredivisie,19,19,1692,0,0,,0.05341429,6.8842105263158,0,0,1,0,0,0,54
40963,Eredivisie,11,10,918,0,1,,0.06856108,6.6727272727273,0,0,0,0,0,0,31
97401,Eredivisie,1,1,90,0,0,,0.0004591,6.6,0,0,0,0,0,0,2
149731,Eredivisie,18,8,793,1,3,1.8809,0.68609731,6.71875,20,8,1,0,7,4,0
1489193,Eredivisie,11,9,717,4,1,4.794,0.31191029,6.7181818181818,25,9,0,0,8,1,0
834597,Eredivisie,12,3,353,4,0,0.611,0.49073345,6.9363636363636,11,6,1,0,6,0,0
966429,Eredivisie,19,7,830,3,0,5.1011,0.77547041,6.5894736842105,22,5,1,0,5,4,0
1014225,Eredivisie,5,3,255,0,0,,0.37261643,7.06,0,0,1,0,9,4,0
1153261,Eredivisie,11,11,826,3,3,3.9451,1.69615746,7.2272727272727,28,13,0,0,9,3,0
1433802,Eredivisie,30,28,2466,8,4,4.8683,3.6820477,7.14,47,22,3,0,46,34,0
1014118,Eredivisie,24,15,1355,3,0,3.8585,2.30433722,6.6791666666667,45,15,2,1,23,16,0
855854,Eredivisie,23,20,1804,5,3,4.033,1.4816295,6.8521739130435,27,12,6,0,40,13,0
1105700,Eredivisie,22,17,1542,3,4,2.641,3.48795574,6.95,49,13,4,0,24,9,0
1402994,Eredivisie,6,0,93,0,0,0.1437,0.09917096,6.675,3,0,0,0,2,1,0
856648,Eredivisie,8,7,547,5,0,2.4747,0.80946323,7.4375,14,8,1,0,14,4,0
1000548,Eredivisie,30,30,2564,0,1,0.1623,1.04510356,6.91,7,1,4,0,86,45,0
934249,Eredivisie,16,4,424,1,0,0.9958,0.28619879,6.8384615384615,13,6,0,0,10,5,0
1142574,Eredivisie,6,0,107,0,0,,0.04450893,6.64,0,0,1,0,1,0,0
1957736,Eredivisie,2,0,39,0,0,0.0407,0.02273099,6.75,1,0,0,0,1,0,0
991679,Eredivisie,28,28,2518,2,10,1.9824,7.5521471,7.2857142857143,43,15,3,0,78,25,0
794990,Eredivisie,23,19,1645,0,1,0.6581,2.04775322,6.7380952380952,12,2,1,0,34,23,0
947842,Eredivisie,6,3,177,0,0,,0.07061939,6.56,0,0,1,0,3,1,0
996992,Eredivisie,23,20,1863,2,0,1.2842,0.55280711,6.9391304347826,12,5,3,0,27,26,0
152414,Eredivisie,25,22,1853,1,0,1.2531,1.09711,7.024,11,4,1,0,24,23,0
46900,Eredivisie,23,17,1700,0,0,1.323,0.28723067,6.7090909090909,9,1,3,0,19,22,0
837010,Eredivisie,14,11,932,0,1,0.3875,0.31787142,6.5714285714286,5,2,2,0,11,3,0
1467980,Eredivisie,1,0,1,0,0,,0.0010462,0,0,0,0,0,0,0,0
347726,Eredivisie,29,29,2565,0,0,,0.07256058,7.2172413793103,0,0,1,0,1,0,98
252027,Eredivisie,2,1,135,0,0,,0.0124692,7,0,0,0,0,0,0,4
825843,Eredivisie,26,20,1843,6,2,9.7238,1.5220448,6.3961538461538,59,22,1,0,12,4,0
1022376,Eredivisie,7,1,119,1,0,1.0664,0.02304258,6.6285714285714,6,2,0,0,0,1,0
1028070,Eredivisie,12,9,740,6,1,5.8145,1.21204535,6.8333333333333,30,14,1,0,6,3,0
1801311,Eredivisie,1,0,11,0,0,,0.00180401,6.5,0,0,0,0,0,0,0
1015627,Eredivisie,29,28,2346,12,3,8.4105,7.63423252,7.2379310344828,75,35,0,0,18,16,0
992018,Eredivisie,26,25,2117,5,3,5.5409,5.8948829,6.9538461538462,47,16,1,0,22,7,0
996986,Eredivisie,10,2,212,0,0,0.8296,0.36366582,6.3833333333333,9,1,0,0,2,0,0
1627623,Eredivisie,28,23,1961,0,2,1.1483,2.61697053,6.8357142857143,16,1,6,0,63,22,0
1586644,Eredivisie,14,1,285,1,0,1.3061,0.45617355,6.625,11,6,1,0,4,0,0
1014408,Eredivisie,29,23,2015,4,4,5.6999,3.94283115,6.7137931034483,69,27,5,0,34,11,0
794014,Eredivisie,26,20,1812,5,4,3.604,3.03953204,6.9961538461538,34,11,1,1,39,12,0
1133678,Eredivisie,1,1,53,0,1,0.3844,0.512948,7.4,3,0,0,0,1,0,0
138842,Eredivisie,30,30,2663,2,8,2.1883,5.28431757,7.15,14,4,4,0,45,34,0
1425327,Eredivisie,3,0,42,0,0,,0.02712677,6.6,0,0,0,0,1,0,0
1801303,Eredivisie,2,0,10,0,0,,,6.5,0,0,0,0,0,1,0
1129996,Eredivisie,18,3,479,0,0,0.1284,0.33794214,6.6111111111111,2,0,1,1,7,7,0
1064426,Eredivisie,30,29,2492,2,2,1.3572,3.64558422,6.8241379310345,19,5,4,0,53,43,0
1121247,Eredivisie,18,5,563,1,0,0.8067,0.10465005,6.6882352941176,2,1,1,0,10,7,0
1150061,Eredivisie,28,28,2459,0,4,1.4671,4.005431,6.775,17,4,6,0,58,18,0
1514878,Eredivisie,8,1,171,0,1,0.028,0.44425621,6.7,1,0,1,0,6,4,0
847072,Eredivisie,27,23,2007,1,0,0.3725,0.44334664,6.7333333333333,8,3,5,0,32,25,0
1132765,Eredivisie,26,25,2213,1,0,2.0144,0.502274,6.7923076923077,17,8,4,0,27,18,0
339339,Eredivisie,4,4,360,0,0,,0.00768902,6.925,0,0,0,0,0,0,11
1195719,Eredivisie,25,25,2250,0,0,,0.10604548,6.744,0,0,1,0,0,0,98
945955,Eredivisie,1,1,90,0,0,,0.00543455,5.6,0,0,0,0,0,0,1
318745,Eredivisie,16,0,311,3,0,3.2645,0.67963206,6.5625,20,6,1,0,0,0,0
1413536,Eredivisie,30,30,2618,8,4,15.6027,2.34113,6.7433333333333,92,33,4,0,41,6,0
907520,Eredivisie,25,12,1168,6,0,5.8718,0.51095795,6.58,40,18,2,0,10,2,0
940979,Eredivisie,4,0,41,0,0,0.1509,7.421e-05,6.4333333333333,1,1,0,0,0,0,0
2076787,Eredivisie,4,0,47,0,0,,0.00346426,6.425,0,0,1,0,0,0,0
1146623,Eredivisie,29,29,2384,4,7,6.1549,7.1124289,6.8379310344828,84,35,6,0,40,11,0
1441117,Eredivisie,25,12,1222,1,1,0.9891,1.82723378,6.748,10,3,3,1,29,12,0
1090328,Eredivisie,24,24,2090,5,5,5.6969,3.0236493,7.2333333333333,55,12,5,0,60,22,0
1400656,Eredivisie,7,2,218,0,0,1.0104,0.50685551,6.7,5,2,0,0,3,5,0
1424404,Eredivisie,30,28,2468,1,2,3.0286,3.7061772,6.8333333333333,33,16,3,0,39,9,0
163541,Eredivisie,15,0,192,1,0,0.806,1.21760267,6.7357142857143,9,4,0,0,2,0,0
1121402,Eredivisie,24,21,1701,2,0,1.7023,1.73327283,6.7333333333333,24,6,2,0,42,17,0
1878212,Eredivisie,30,22,1808,2,1,5.1819,4.1896214,6.81,52,23,2,0,43,11,0
1470010,Eredivisie,27,26,2364,2,1,1.3446,2.1137989,7.2,13,5,5,0,31,25,0
1121401,Eredivisie,30,30,2687,1,1,0.7682,1.06648444,6.95,10,1,3,0,32,27,0
827103,Eredivisie,25,24,1921,2,3,1.9971,3.19542177,7.0708333333333,16,7,2,1,35,25,0
76160,Eredivisie,29,29,2468,3,1,2.9018,2.69174397,6.7103448275862,19,6,5,0,30,24,0
1592993,Eredivisie,21,7,857,0,1,0.1641,1.17121487,6.5315789473684,3,0,3,0,25,5,0
1481249,Eredivisie,19,4,478,0,2,0.1317,0.83687529,6.5352941176471,2,0,0,0,22,4,0
809408,Eredivisie,25,25,2153,0,1,,0.17904798,6.988,0,0,2,0,2,0,61
339941,Eredivisie,7,5,547,0,0,,0.03176147,7.0142857142857,0,0,0,0,0,1,25
796943,Eredivisie,30,30,2694,11,3,10.0316,2.55665125,7.22,63,25,4,0,17,8,0
1050672,Eredivisie,7,0,146,1,1,0.6296,0.50988926,6.7714285714286,9,1,1,0,3,1,0
1137227,Eredivisie,27,8,948,4,2,6.3716,0.52709717,6.6074074074074,36,17,1,0,1,1,0
1002479,Eredivisie,21,20,1609,6,3,5.318,1.92595743,7.0285714285714,39,16,0,0,23,5,0
913584,Eredivisie,28,26,2300,5,2,2.5626,3.00381488,6.9571428571429,24,10,3,0,41,17,0
827662,Eredivisie,27,27,2201,3,2,5.2904,4.75350885,6.7888888888889,59,21,1,0,10,5,0
385708,Eredivisie,14,7,641,1,1,1.6602,0.9853094,6.6571428571429,10,5,2,0,6,2,0
99960,Eredivisie,15,9,774,0,0,1.0781,0.96129505,6.6230769230769,11,2,5,0,20,8,0
1101593,Eredivisie,3,0,39,0,0,,0.00375651,6.5666666666667,0,0,0,0,0,1,0
1046143,Eredivisie,21,13,1178,0,0,1.4029,2.46334882,6.86,16,5,4,0,24,20,0
1648751,Eredivisie,22,14,1238,0,1,1.8266,1.25019181,6.7380952380952,16,6,2,0,49,11,0
13028,Eredivisie,5,1,84,0,0,,0.01965337,6.5333333333333,0,0,0,0,4,0,0
795135,Eredivisie,23,17,1539,2,3,0.8034,1.28752085,6.795652173913,13,5,2,0,27,9,0
1648749,Eredivisie,1,0,33,0,0,0.0803,0.00532736,6.6,1,1,0,0,2,0,0
74577,Eredivisie,12,8,675,1,3,1.1502,1.02459903,6.95,9,3,1,0,18,6,0
966299,Eredivisie,28,24,2205,1,1,1.7885,0.8977642,6.9777777777778,25,6,5,1,56,29,0
916926,Eredivisie,24,17,1554,0,1,0.2087,0.72605299,6.6375,6,1,6,0,39,19,0
1648759,Eredivisie,29,29,2610,0,1,0.3754,0.84827225,6.948275862069,8,1,6,0,59,40,0
1960315,Eredivisie,11,10,760,0,0,0.2273,0.65953703,6.8272727272727,5,2,5,0,24,8,0
116947,Eredivisie,25,25,2112,1,0,1.0211,0.80539027,6.952,9,6,4,1,18,27,0
896210,Eredivisie,12,3,373,0,0,,0.23842265,6.43,0,0,0,0,9,9,0
1193084,Eredivisie,11,4,446,0,1,0.0617,0.60416493,6.6272727272727,1,1,0,0,20,6,0
1652148,Eredivisie,2,0,71,0,0,0.0396,0.0333615,6.7,1,0,0,0,1,0,0
610396,Eredivisie,30,30,2700,0,0,0.0298,0.23574866,7.52,1,0,1,0,0,0,126
841420,Eredivisie,22,18,1658,3,5,3.4871,3.29420472,6.65,28,12,2,0,11,1,0
973716,Eredivisie,20,13,1005,1,2,1.1181,1.15872274,6.49,16,4,2,0,18,7,0
907517,Eredivisie,10,4,389,3,0,2.3488,0.09192693,6.7333333333333,18,10,0,0,2,2,0
1022552,Eredivisie,11,2,301,0,1,1.1519,0.96874217,6.5909090909091,7,4,0,0,4,1,0
964766,Eredivisie,18,5,726,1,2,0.9896,1.16975554,6.4111111111111,15,7,2,1,17,3,0
2056009,Eredivisie,1,0,8,0,0,,,6.3,0,0,0,0,0,0,0
360006,Eredivisie,16,0,220,1,0,0.9016,0.29359446,6.5125,9,1,1,0,0,0,0
1029724,Eredivisie,24,20,1690,6,5,3.1468,3.80014587,7.2208333333333,30,20,1,0,13,8,0
1218004,Eredivisie,18,9,824,0,1,0.667,1.3392627,6.5,12,2,1,0,10,7,0
909960,Eredivisie,28,28,2258,11,2,8.6778,1.70180401,6.8857142857143,52,27,4,0,24,9,0
916947,Eredivisie,15,11,769,0,0,0.7709,1.21954202,6.5733333333333,12,3,1,0,10,3,0
891795,Eredivisie,30,29,2472,6,1,4.3259,1.48968798,7.1166666666667,36,18,1,0,40,51,0
2180363,Eredivisie,19,7,783,0,0,0.078,0.34988187,6.6578947368421,3,0,2,0,19,2,0
932555,Eredivisie,26,16,1437,1,2,0.5183,0.99051678,6.7384615384615,6,3,3,0,15,16,0
987647,Eredivisie,9,5,378,3,0,1.1345,0.17013569,6.8555555555556,12,5,1,0,4,1,0
1386182,Eredivisie,2,0,46,0,0,0.0159,0.00741571,6.4,1,0,0,0,1,0,0
1046722,Eredivisie,23,18,1566,1,1,0.8597,2.72031552,6.5521739130435,7,4,3,1,31,17,0
842536,Eredivisie,8,8,614,0,2,0.1712,0.32143036,6.8875,2,1,0,1,22,3,0
793742,Eredivisie,30,30,2655,1,3,1.8967,2.19894109,7.05,16,5,1,0,23,29,0
1133233,Eredivisie,24,13,1293,1,2,0.2113,2.12639957,6.7833333333333,9,3,4,0,33,15,0
1479476,Eredivisie,3,0,44,0,1,0.0311,0.42713419,6.8333333333333,1,1,0,0,2,1,0
133168,Eredivisie,9,9,799,2,0,1.2145,1.0595018,7.1555555555556,7,4,1,0,4,5,0
1001943,Eredivisie,14,10,826,1,0,0.1567,0.38400911,7.0642857142857,3,1,2,0,9,12,0
1119473,Eredivisie,11,6,617,0,0,0.3689,0.28575382,6.6909090909091,5,1,0,0,6,5,0
837072,Eredivisie,30,30,2700,0,0,,0.10854589,7.3666666666667,0,0,0,0,0,0,128
855847,Eredivisie,26,21,1682,10,0,8.1978,1.34259591,6.9807692307692,68,26,4,0,9,5,0
148615,Eredivisie,29,5,961,5,1,5.1947,0.36002149,6.6178571428571,32,11,1,0,7,0,0
2025659,Eredivisie,2,0,21,0,0,,0.00082464,6.45,0,0,0,0,0,0,0
929633,Eredivisie,25,21,1760,6,10,5.6069,5.89084421,7.176,61,29,4,0,11,9,0
277331,Eredivisie,3,0,18,0,1,,0.53021866,6.85,0,0,0,0,1,0,0
1048011,Eredivisie,20,17,1592,0,0,0.999,1.07606032,6.805,17,2,4,0,45,31,0
1010846,Eredivisie,9,1,271,1,0,0.281,0.10006148,6.7,4,3,2,0,14,2,0
591044,Eredivisie,30,24,1900,2,4,2.5234,4.20733559,6.8034482758621,24,11,1,0,33,9,0
352964,Eredivisie,6,0,53,0,0,,0.00845887,6.58,0,0,0,0,1,0,0
875673,Eredivisie,15,12,905,4,0,1.8562,0.6694569,6.6933333333333,15,5,1,0,21,11,0
1896133,Eredivisie,16,3,393,2,0,0.4469,0.64478846,6.8642857142857,9,2,0,0,17,1,0
946505,Eredivisie,24,17,1590,2,2,3.78,3.37790994,6.7958333333333,38,14,3,0,40,12,0
366942,Eredivisie,30,18,1484,3,2,3.9982,2.037107,6.7433333333333,45,15,2,0,16,5,0
1132766,Eredivisie,29,25,2176,3,1,1.8713,0.54166474,6.8586206896552,14,4,9,0,70,40,0
1386737,Eredivisie,2,0,18,0,0,0.0327,0.00526321,6.55,1,0,0,0,0,0,0
2207814,Eredivisie,1,0,12,0,0,,0.00111116,6.7,0,0,0,0,1,0,0
2025660,Eredivisie,1,0,2,0,0,0.0122,,0,1,1,0,0,0,0,0
1112604,Eredivisie,21,11,1176,2,1,2.2197,0.4189768,6.605,11,4,7,1,25,20,0
961678,Eredivisie,13,11,1050,0,2,0.3627,0.51746112,6.5461538461538,5,1,1,0,13,18,0
989586,Eredivisie,27,23,1932,0,0,0.188,0.16845656,6.5846153846154,4,2,6,0,41,31,0
78730,Eredivisie,26,24,1982,0,5,0.0457,2.35773494,6.5269230769231,3,0,3,0,44,13,0
961686,Eredivisie,11,5,541,0,0,0.1281,0.54484492,6.6444444444444,3,1,2,0,17,3,0
862479,Eredivisie,30,26,2330,1,0,1.2547,0.61299292,6.6933333333333,12,3,4,0,32,26,0
1048758,Eredivisie,23,22,1861,0,1,0.4342,1.03340343,6.4565217391304,12,3,4,0,40,44,0
146871,Eredivisie,21,21,1890,0,0,,0.20427532,7.0619047619048,0,0,3,0,2,0,86
128992,Eredivisie,9,9,810,0,0,,0.07543214,6.9444444444444,0,0,0,0,1,0,30
966655,Eredivisie,24,19,1657,5,1,3.8562,1.5417708,6.7875,17,8,4,0,24,19,0
847073,Eredivisie,30,30,2527,11,6,10.3393,3.636906,6.8233333333333,57,25,2,0,22,3,0
856736,Eredivisie,6,0,100,0,0,0.4453,0.0538603,6.3833333333333,2,1,1,0,1,0,0
1381819,Eredivisie,18,4,509,0,2,0.4878,1.13111834,6.5944444444444,11,1,1,1,8,2,0
1012931,Eredivisie,2,0,29,0,0,,0.01902864,6.6,0,0,0,0,0,0,0
815080,Eredivisie,18,16,1161,2,2,2.4294,1.78448908,6.7,19,3,0,1,39,11,0
235538,Eredivisie,13,12,1056,2,4,2.2772,3.90429023,7.3692307692308,29,10,1,0,19,4,0
2195123,Eredivisie,8,1,186,0,0,0.0219,0.03596258,6.4857142857143,1,0,3,0,4,4,0
333571,Eredivisie,25,25,2014,1,0,0.557,2.28680803,7.092,14,2,6,0,58,47,0
1050828,Eredivisie,19,11,1171,0,0,0.5604,1.7097273,6.6473684210526,10,4,2,0,34,12,0
876233,Eredivisie,30,30,2292,6,2,6.6615,3.3452339,6.7833333333333,47,23,3,0,37,25,0
846003,Eredivisie,9,3,314,2,1,1.8003,0.62605209,6.8666666666667,4,4,0,0,10,1,0
1509752,Eredivisie,18,4,675,0,1,0.3698,0.22448616,6.6294117647059,5,1,3,1,38,17,0
1885838,Eredivisie,10,0,105,0,0,0.2694,0.15558268,6.5,3,0,0,0,3,3,0
1142572,Eredivisie,22,17,1351,3,0,1.8809,0.35898103,6.6181818181818,14,7,3,1,38,12,0
1005693,Eredivisie,29,29,2592,1,0,1.2342,1.07014203,6.6275862068966,14,4,3,1,35,30,0
803021,Eredivisie,29,29,2541,1,3,0.7474,1.92535589,6.4137931034483,7,3,4,0,48,44,0
1049446,Eredivisie,24,15,1504,0,2,0.2218,1.72120051,6.5458333333333,5,0,2,0,48,20,0
927155,Eredivisie,28,26,2321,0,2,1.7438,1.19795433,6.8714285714286,8,1,5,0,26,31,0
961674,Eredivisie,10,4,381,0,0,,0.07417425,6.5714285714286,0,0,0,0,5,2,0
1172732,Eredivisie,3,0,22,0,0,,0.00028448,6.55,0,0,1,0,0,1,0
1638397,Eredivisie,1,0,11,0,0,,,6.3,0,0,0,0,0,0,0
1145525,Eredivisie,28,28,2520,0,0,,0.05701769,6.9357142857143,0,0,0,0,3,0,119
856636,Eredivisie,2,2,180,0,0,,0.0014003,6.75,0,0,0,0,0,0,5
313264,Eredivisie,20,18,1524,4,1,5.5678,0.77523353,6.685,38,12,0,0,4,1,0
1008697,Eredivisie,10,5,539,2,1,1.7652,0.6871372,6.79,16,9,2,0,5,0,0
1520752,Eredivisie,6,3,265,0,0,0.8319,0.40000209,6.8,13,5,0,0,5,1,0
2166694,Eredivisie,3,0,23,0,0,0.1291,0.00091665,6.45,1,0,0,0,1,0,0
1939251,Eredivisie,1,0,11,0,0,0.0899,0.00330534,6.4,1,1,0,0,0,0,0
1402736,Eredivisie,3,0,25,0,0,,0.00115902,6.5,0,0,0,0,2,0,0
544532,Eredivisie,8,7,588,0,1,0.4155,1.97365117,6.9625,11,3,0,0,2,1,0
1100399,Eredivisie,27,17,1527,1,2,1.3153,2.53620867,6.7074074074074,19,3,2,0,14,13,0
788971,Eredivisie,9,4,385,0,0,0.9381,0.54337069,6.8666666666667,11,1,0,0,7,2,0
1146002,Eredivisie,15,9,828,0,4,0.6354,0.611033,6.9066666666667,10,1,1,0,36,11,0
1095753,Eredivisie,20,17,1373,0,3,0.2086,1.13875333,7.08,4,2,2,0,60,29,0
1049063,Eredivisie,25,10,1141,1,1,1.4534,1.44463761,6.748,23,7,4,0,24,7,0
156676,Eredivisie,27,4,707,5,1,4.1583,1.02616382,6.6074074074074,19,9,0,0,5,2,0
252885,Eredivisie,28,23,1918,5,3,4.5628,2.94222276,6.7607142857143,33,13,4,0,18,3,0
2216656,Eredivisie,22,15,1281,4,3,2.0749,3.43853625,6.8727272727273,15,9,5,0,13,11,0
1511723,Eredivisie,22,19,1622,2,1,2.7568,0.66284759,6.7636363636364,12,5,4,0,58,29,0
1095406,Eredivisie,29,18,1476,4,1,1.8655,2.283915,6.7689655172414,18,10,1,0,21,5,0
1801349,Eredivisie,2,0,14,0,0,,8.464e-05,6.5,0,0,0,0,1,1,0
860161,Eredivisie,16,6,579,0,0,0.6412,0.22000781,6.625,3,1,1,0,9,14,0
1841361,Eredivisie,1,0,9,0,0,,0.00075973,6.5,0,0,0,0,0,0,0
1481354,Eredivisie,25,20,1811,0,0,0.5643,1.14635125,6.4625,11,2,1,0,50,7,0
106154,Eredivisie,28,28,2399,1,1,0.7753,0.50752865,6.7178571428571,9,2,3,1,23,32,0
1523582,Eredivisie,27,26,2325,0,1,0.6067,0.29539032,6.8923076923077,10,2,5,0,22,35,0
996982,Eredivisie,29,28,2476,1,1,0.7299,2.7071673,6.8448275862069,22,7,5,0,76,38,0
1011489,Eredivisie,3,1,74,0,0,0.1389,0.00549871,6.4,2,1,0,0,0,0,0
1922946,Eredivisie,2,1,91,0,0,,0.00519443,6.4,0,0,0,0,2,1,0
1423743,Eredivisie,15,11,931,0,0,0.1779,0.27257801,6.6357142857143,3,0,1,0,31,9,0
32386,Eredivisie,11,4,421,0,0,0.0724,0.16356116,6.6090909090909,1,0,0,0,12,0,0
1393970,Eredivisie,30,30,2700,0,0,0.0159,0.22744154,7.1866666666667,1,0,1,0,0,0,145
1211982,Eredivisie,16,3,493,2,1,1.9269,1.26546826,6.6625,15,5,1,0,5,0,0
1009285,Eredivisie,19,9,668,3,1,4.7829,0.42209706,6.5375,18,8,1,0,4,0,0
1893852,Eredivisie,22,10,1031,0,0,1.2717,0.23950619,6.4318181818182,19,3,1,0,7,3,0
1198088,Eredivisie,1,0,18,0,0,,0.0013804,6.3,0,0,0,0,0,0,0
150494,Eredivisie,26,4,633,1,2,1.4868,0.48459646,6.5434782608696,18,4,2,0,12,2,0
1126966,Eredivisie,30,27,2302,2,5,4.084,6.89662741,6.72,35,14,3,0,21,10,0
1384483,Eredivisie,27,26,2329,4,2,3.2335,3.37497735,7.0148148148148,47,12,2,0,43,28,0
1048487,Eredivisie,27,25,2018,8,1,7.2912,1.3725295,6.7555555555556,52,20,3,0,44,20,0
794362,Eredivisie,9,5,394,1,0,0.1895,1.2415077,6.6666666666667,5,3,1,0,3,0,0
1046142,Eredivisie,29,26,2164,3,2,3.9663,4.21183216,6.7620689655172,47,15,0,0,21,9,0
1126595,Eredivisie,17,17,1217,0,0,1.2063,0.37613308,6.7588235294118,7,1,1,0,24,16,0
966542,Eredivisie,2,2,133,0,0,0.0237,0.1339214,6.6,1,1,0,0,1,2,0
991039,Eredivisie,21,12,1184,0,1,0.2928,0.25188182,6.7222222222222,8,1,3,0,34,9,0
910053,Eredivisie,26,23,2026,3,0,3.2086,1.27084619,6.6423076923077,20,6,5,1,48,27,0
1145987,Eredivisie,20,10,1005,1,0,1.2086,0.54632508,6.75,12,5,1,0,21,13,0
1031721,Eredivisie,30,30,2694,0,1,1.6093,1.26160422,6.8766666666667,14,2,2,0,31,29,0
899644,Eredivisie,29,26,2274,2,0,0.8396,2.37684407,6.8137931034483,13,4,6,0,46,27,0
1133679,Eredivisie,10,5,542,0,0,0.1105,0.21288213,6.29,4,3,0,1,9,12,0
1048906,Eredivisie,29,24,2212,0,2,0.7648,0.64548968,6.7724137931034,10,4,4,0,25,46,0
946950,Eredivisie,12,5,509,0,1,0.5396,1.3151178,6.4916666666667,6,5,0,0,10,5,0
367118,Eredivisie,28,28,2460,0,1,,0.51419867,7.4392857142857,0,0,0,0,0,0,107
961616,Eredivisie,2,2,180,0,0,,0.00573579,7.15,0,0,0,0,1,0,10
1893851,Eredivisie,1,0,60,0,0,,0.0235194,6.4,0,0,0,0,0,0,3
1157777,Eredivisie,25,23,1965,7,1,2.9507,1.88589844,7.18,22,12,3,0,36,25,0
860158,Eredivisie,24,5,704,3,1,4.808,0.75755064,6.595652173913,26,14,3,0,9,3,0
1548834,Eredivisie,10,8,706,2,2,3.1672,1.60418851,6.86,17,5,1,0,10,5,0
1548838,Eredivisie,27,18,1488,3,0,4.8942,1.17433094,6.6222222222222,48,12,2,0,22,6,0
987077,Eredivisie,17,7,480,1,1,1.6559,0.71934991,6.55,16,8,0,0,4,0,0
1066319,Eredivisie,26,24,1938,7,4,7.9099,3.6712478,6.9692307692308,45,21,1,0,29,15,0
2007289,Eredivisie,9,0,144,0,0,0.9896,0.19747955,6.675,6,3,1,0,4,0,0
581080,Eredivisie,7,0,82,0,0,0.395,0.07569378,6.4142857142857,6,0,0,1,3,0,0
1638564,Eredivisie,12,12,920,0,1,0.4112,1.15045819,6.7916666666667,12,3,0,1,23,9,0
1084609,Eredivisie,20,18,1448,2,0,1.7387,1.3177787,6.8,22,10,2,0,26,11,0
1469336,Eredivisie,30,22,2016,1,2,2.2515,2.16851512,6.7866666666667,36,16,4,0,55,29,0
385300,Eredivisie,30,30,2619,4,6,3.0508,7.9890749,7.2033333333333,24,11,1,0,69,29,0
1150154,Eredivisie,26,25,2238,3,1,0.8804,1.56159302,6.9038461538462,8,4,0,0,26,25,0
995365,Eredivisie,20,4,486,0,0,0.5506,0.5230132,6.5529411764706,8,1,2,0,20,3,0
1469273,Eredivisie,6,0,106,0,0,0.1917,0.05035658,6.62,2,1,1,0,8,0,0
1403075,Eredivisie,9,7,529,0,0,0.0295,0.92648348,6.6555555555556,1,0,0,0,20,6,0
73557,Eredivisie,11,0,207,0,0,,0.01063318,6.56,0,0,0,0,2,4,0
302690,Eredivisie,26,25,2276,3,2,2.748,2.52705228,6.95,26,6,0,0,34,24,0
1068610,Eredivisie,21,14,1297,0,0,0.11,0.42062794,6.665,3,0,4,0,20,6,0
1594488,Eredivisie,15,1,280,0,2,0.155,0.90359109,6.5769230769231,2,1,2,0,9,5,0
1418395,Eredivisie,24,22,1806,0,1,1.2083,0.55963985,6.4708333333333,10,1,3,0,38,28,0
1047396,Eredivisie,29,29,2609,0,3,0.7504,1.89039749,6.6275862068966,17,2,5,0,36,27,0
955148,Eredivisie,4,0,70,0,0,0.052,0.207671,6.75,1,0,0,0,2,0,0
268701,Eredivisie,29,29,2599,0,0,,0.18524958,7.4896551724138,0,0,1,0,1,0,129
916942,Eredivisie,2,1,101,0,0,,0.0081287,7.7,0,0,0,0,0,0,10
27035,Eredivisie,13,6,663,1,0,2.1894,0.52075331,6.4538461538462,18,6,1,0,6,2,0
1175856,Eredivisie,8,4,329,0,1,0.2321,0.42517552,6.425,7,2,0,0,2,0,0
1149130,Eredivisie,6,0,160,0,0,0.0959,0.1909817,6.8,4,0,1,0,0,1,0
990814,Eredivisie,22,16,1414,2,4,4.3396,2.13767323,6.7318181818182,40,13,4,0,14,11,0
1461935,Eredivisie,12,6,556,3,0,2.7854,0.35321933,6.65,34,10,0,0,2,2,0
2197943,Eredivisie,12,1,220,1,0,0.3421,0.07629214,6.5083333333333,4,2,1,0,3,0,0
1388442,Eredivisie,6,0,40,0,0,0.0296,0.00104616,6.55,1,0,0,0,1,0,0
927440,Eredivisie,29,28,2464,1,1,2.3486,1.68970626,6.5689655172414,29,6,3,0,53,25,0
1088895,Eredivisie,26,18,1702,5,1,3.4686,3.21462134,6.8538461538462,40,14,4,0,34,9,0
1149147,Eredivisie,25,15,1356,2,2,1.9491,2.94986947,6.7,28,10,0,0,23,8,0
1135884,Eredivisie,26,23,1740,1,5,1.8324,4.53916569,6.8576923076923,22,5,2,1,44,7,0
1096511,Eredivisie,28,28,2396,0,1,0.5799,1.87887114,6.8535714285714,10,1,2,1,52,29,0
1083398,Eredivisie,19,6,659,2,2,1.183,2.23521228,6.7473684210526,19,5,2,0,7,2,0
226762,Eredivisie,9,7,582,0,0,0.451,0.17871423,6.7,7,4,0,1,5,9,0
336811,Eredivisie,28,12,1134,1,0,1.7188,2.40956328,6.6038461538462,20,7,4,0,17,16,0
58994,Eredivisie,16,14,1250,0,0,0.3906,1.21153752,6.50625,8,0,2,0,20,15,0
918420,Eredivisie,14,14,1135,1,0,0.562,0.85033646,7.2071428571429,10,6,2,1,30,11,0
1515525,Eredivisie,25,17,1595,0,0,0.989,1.72957858,6.648,15,2,5,0,35,21,0
571964,Eredivisie,12,4,519,0,0,0.6363,0.03044734,6.5636363636364,8,1,2,0,3,4,0
858242,Eredivisie,29,29,2551,3,3,2.2256,3.4337595,6.7931034482759,28,11,3,0,45,21,0
1012927,Eredivisie,23,22,1807,0,1,1.89,0.41899273,6.6782608695652,17,6,8,1,45,23,0
1130306,Eredivisie,5,1,106,0,0,0.2426,0.06204722,6.74,1,1,0,0,1,1,0
912651,Eredivisie,20,13,1116,1,0,0.6379,0.92442951,6.58,5,2,1,0,19,9,0
939460,Eredivisie,29,29,2610,0,0,,0.05817825,7.2068965517241,0,0,2,0,0,0,95
42876,Eredivisie,1,1,90,0,0,,0.00494646,5.9,0,0,0,0,0,0,2
998999,Eredivisie,26,13,1374,5,3,6.3585,0.95355961,6.7692307692308,40,12,0,0,9,4,0
1123613,Eredivisie,11,5,515,2,0,0.3245,0.28984561,6.7181818181818,6,4,0,0,13,0,0
1118181,Eredivisie,22,12,1147,2,0,3.9769,0.69330234,6.6142857142857,35,10,5,0,10,2,0
2186070,Eredivisie,1,0,8,0,0,,0.182571,6.8,0,0,0,0,0,0,0
954317,Eredivisie,17,9,815,2,1,3.3129,1.17627487,6.7882352941176,14,5,3,0,21,3,0
794269,Eredivisie,1,0,32,0,0,,0.312617,6.7,0,0,0,0,0,0,0
788284,Eredivisie,26,24,2132,1,6,2.7259,6.66455479,6.8115384615385,34,11,5,0,33,8,0
1066450,Eredivisie,21,14,1275,1,4,0.2915,1.82880329,6.9714285714286,11,4,3,0,37,13,0
996988,Eredivisie,21,16,1291,1,3,0.8681,2.05974285,6.6047619047619,19,7,1,0,9,4,0
980742,Eredivisie,10,7,648,0,1,0.3293,1.61470359,6.41,7,2,0,0,15,7,0
1189738,Eredivisie,13,10,881,1,1,1.3904,0.23432466,7.0153846153846,11,4,2,0,36,5,0
1213453,Eredivisie,24,9,948,1,0,1.6153,0.60063758,6.475,11,4,2,0,8,7,0
930295,Eredivisie,23,18,1490,0,1,0.6257,0.40661524,6.6227272727273,7,0,5,0,34,28,0
1144148,Eredivisie,6,5,332,0,0,0.0478,0.04414917,6.2833333333333,1,0,1,0,8,5,0
132674,Eredivisie,20,7,737,1,2,2.0548,1.85636886,6.505,16,8,2,1,4,2,0
146401,Eredivisie,24,10,998,1,0,0.9891,0.9276325,6.5625,16,3,3,0,30,7,0
1130308,Eredivisie,22,12,1196,0,0,0.3899,0.77992718,6.6181818181818,3,3,5,0,36,17,0
974530,Eredivisie,17,10,970,0,2,0.0687,0.92044334,6.4705882352941,2,0,1,0,29,12,0
918484,Eredivisie,29,29,2543,2,0,1.9508,2.42330299,6.3620689655172,24,7,7,0,42,26,0
974203,Eredivisie,22,22,1976,2,0,2.6431,0.51438068,6.7045454545455,16,3,4,0,24,24,0
1014566,Eredivisie,4,2,257,0,0,0.4753,0.02835463,6.375,5,2,0,0,5,3,0
318575,Eredivisie,29,29,2573,3,0,1.3528,0.3220206,6.6689655172414,13,5,6,0,32,27,0
127554,Eredivisie,20,14,1244,1,0,0.6433,0.98887126,6.5736842105263,7,1,2,0,26,12,0
984880,Eredivisie,18,9,815,0,0,0.1131,0.84791551,6.3833333333333,4,0,3,0,26,11,0
1862924,Eredivisie,1,0,8,0,0,,8.97e-06,6.7,0,0,0,0,0,0,0
2622,Eredivisie,14,14,1260,0,0,,0.15094274,7.0285714285714,0,0,0,0,1,0,63
856743,Eredivisie,8,8,720,0,0,,0.10602146,7.175,0,0,0,0,0,0,37
1189737,Eredivisie,12,12,1080,0,0,,0.05459905,6.975,0,0,0,0,0,0,44
1503836,Liga Portugal,20,19,1414,13,1,11.9222,0.89544686,6.895,56,33,3,0,2,3,0
40878,Liga Portugal,5,2,262,1,0,1.256,0.68637889,6.68,6,3,1,0,3,2,0
1639250,Liga Portugal,25,8,1018,8,1,4.9787,2.29029181,6.925,39,16,5,1,21,4,0
882664,Liga Portugal,27,27,2026,3,4,3.3288,3.31283247,6.9333333333333,24,7,2,0,34,12,0
1407720,Liga Portugal,25,8,883,2,1,2.476,0.96527111,6.524,18,8,2,0,8,1,0
894396,Liga Portugal,8,1,221,1,1,1.3238,0.15669075,6.475,6,3,1,0,1,0,0
992567,Liga Portugal,27,16,1461,5,2,4.61,1.24773148,6.8777777777778,48,18,5,0,19,8,0
802149,Liga Portugal,1,0,18,0,0,,0.00224964,6.3,0,0,0,0,0,0,0
1410240,Liga Portugal,24,12,984,1,1,2.0059,3.49874706,6.8304347826087,29,6,1,0,19,6,0
191188,Liga Portugal,9,0,208,3,0,0.6183,0.0691615,7.0777777777778,8,3,1,0,6,0,0
1548929,Liga Portugal,12,9,610,3,2,3.1334,1.10553304,7.0583333333333,16,8,2,0,13,1,0
1066560,Liga Portugal,27,25,2117,2,0,2.7645,2.96688537,6.9888888888889,23,9,8,0,26,24,0
1010505,Liga Portugal,27,18,1436,3,7,4.3314,3.32983416,6.8518518518519,42,13,6,0,36,13,0
1406639,Liga Portugal,30,29,2582,6,6,5.9882,2.48923143,6.9333333333333,38,11,2,0,43,26,0
804472,Liga Portugal,20,10,1185,2,1,1.6037,1.09718149,7.05,11,3,6,0,21,13,0
1006995,Liga Portugal,9,6,462,1,0,1.3252,0.33036587,6.5888888888889,8,3,2,1,7,7,0
33541,Liga Portugal,6,4,396,0,0,0.1287,0.109739,7,2,2,0,0,2,3,0
976037,Liga Portugal,23,23,1998,0,1,1.2522,0.79324624,7.2652173913043,13,3,2,0,40,33,0
286085,Liga Portugal,29,28,2420,1,0,0.7961,1.14148722,7.3620689655172,10,3,8,0,15,41,0
913401,Liga Portugal,5,4,364,1,0,0.3772,0.04548368,7.4,2,1,0,0,6,6,0
987510,Liga Portugal,16,10,950,1,1,1.1604,0.98560319,6.96875,5,1,2,0,17,10,0
1160957,Liga Portugal,25,21,1891,1,7,1.2336,3.22516635,6.96,19,5,7,0,51,27,0
1146484,Liga Portugal,5,0,89,0,0,,0.00845169,6.74,0,0,0,0,1,4,0
1142585,Liga Portugal,18,12,1054,1,1,0.0612,0.67077714,6.9722222222222,4,2,2,1,40,11,0
985138,Liga Portugal,19,14,1160,2,2,0.6882,1.50447297,6.8,11,3,5,0,20,16,0
843115,Liga Portugal,30,30,2655,0,0,,0.11094821,7.0266666666667,0,0,2,0,0,0,54
116372,Liga Portugal,1,0,45,0,0,,0.00016394,6.9,0,0,0,0,0,0,1
795236,Liga Portugal,30,28,2472,21,4,20.2808,2.79649203,6.9733333333333,87,44,3,0,18,1,0
1100952,Liga Portugal,24,17,1455,6,4,5.0755,6.92648642,7.2291666666667,39,13,2,0,25,3,0
1103333,Liga Portugal,22,7,725,4,1,3.7109,0.62154397,6.6285714285714,24,15,1,0,8,3,0
2163561,Liga Portugal,6,0,64,2,0,0.424,0.21998485,6.8166666666667,6,4,0,0,0,0,0
97012,Liga Portugal,2,0,21,0,0,0.1023,0.00552596,6.65,2,0,0,0,1,0,0
998870,Liga Portugal,5,0,29,0,0,0.1634,0.00109591,6.45,2,1,0,0,0,0,0
1184329,Liga Portugal,3,1,112,0,0,0.2909,0.18636647,6.6666666666667,6,0,0,0,4,0,0
1015292,Liga Portugal,24,23,2010,2,3,4.9863,1.51375095,6.9333333333333,51,10,7,0,43,16,0
1201395,Liga Portugal,25,14,1304,3,4,2.3931,3.35137228,6.992,39,13,7,1,17,7,0
252577,Liga Portugal,12,8,698,3,0,3.5143,1.27353386,6.975,20,9,0,0,10,1,0
1087316,Liga Portugal,25,21,1773,1,0,0.6626,1.03830948,7.1333333333333,14,5,7,0,44,33,0
1123925,Liga Portugal,22,17,1421,4,1,2.7141,3.75687099,7.0681818181818,35,12,2,0,13,5,0
823631,Liga Portugal,14,7,651,0,3,2.3577,3.83278425,7.0857142857143,29,8,1,0,7,5,0
228364,Liga Portugal,24,22,1944,3,3,2.3613,3.64155786,7.1166666666667,26,7,1,0,47,20,0
906800,Liga Portugal,27,15,1488,2,4,1.9992,1.34612301,6.7074074074074,19,8,1,0,28,13,0
1158353,Liga Portugal,8,0,78,1,0,0.4589,0.04440373,6.7166666666667,2,2,0,0,1,0,0
1085740,Liga Portugal,7,1,127,0,0,0.2813,0.01801396,6.52,2,0,0,0,2,3,0
1410195,Liga Portugal,1,0,1,0,0,,,0,0,0,0,0,0,0,0
1215905,Liga Portugal,2,0,2,0,0,,0.00132793,0,0,0,0,0,0,0,0
1146008,Liga Portugal,2,0,25,0,0,,0.00288962,6.7,0,0,0,0,0,0,0
74915,Liga Portugal,27,27,2370,2,0,1.2119,0.70773868,7.4740740740741,23,5,7,0,43,36,0
1006069,Liga Portugal,22,17,1596,1,0,1.1458,0.80443671,7.1954545454545,12,4,5,0,25,20,0
1102791,Liga Portugal,20,19,1677,1,3,1.0022,2.79767082,6.81,14,2,2,2,30,14,0
983542,Liga Portugal,21,17,1504,1,1,1.1805,1.0413027,7.135,14,4,4,0,30,18,0
850976,Liga Portugal,6,4,340,1,0,0.9081,0.7901792,6.8,5,1,1,0,8,6,0
993101,Liga Portugal,29,28,2502,1,1,0.6015,4.22662371,7.0620689655172,17,6,3,0,78,17,0
1117723,Liga Portugal,23,18,1680,6,5,4.5274,5.76179429,7.1913043478261,49,16,4,0,26,11,0
1961117,Liga Portugal,2,1,94,0,0,0.0802,0.02925336,7.5,2,0,0,0,1,1,0
966616,Liga Portugal,28,28,2520,0,0,,0.02389199,6.9,0,0,2,0,0,0,62
983550,Liga Portugal,2,2,180,0,0,,0.00103057,7.5,0,0,1,0,0,0,10
914213,Liga Portugal,27,27,2306,24,4,19.8066,2.96758944,7.2925925925926,114,53,6,0,16,2,0
903679,Liga Portugal,13,3,464,3,0,1.951,0.41294562,6.7769230769231,10,6,0,0,9,0,0
1464415,Liga Portugal,5,1,122,1,1,1.363,0.53997412,7.05,5,3,0,0,2,0,0
1937022,Liga Portugal,3,0,23,0,0,,0.00918795,6.55,0,0,0,0,0,0,0
1403165,Liga Portugal,15,5,706,1,4,1.494,2.31964279,6.8866666666667,13,5,0,0,13,4,0
830431,Liga Portugal,29,28,2471,6,11,6.2588,7.1959479,7.1896551724138,66,22,1,0,31,10,0
1001140,Liga Portugal,24,21,1673,6,2,2.2437,3.01475761,7.1625,40,21,1,0,19,8,0
895764,Liga Portugal,22,20,1612,13,6,8.0592,4.5197481,7.2136363636364,70,31,5,0,11,5,0
859917,Liga Portugal,26,25,2235,2,4,2.0075,2.49927648,7.2461538461538,26,5,8,0,55,21,0
1464248,Liga Portugal,8,6,477,0,0,1.1496,1.44264653,6.925,9,1,0,0,3,2,0
929193,Liga Portugal,24,21,1839,4,3,4.877,2.36730192,6.7875,33,13,9,1,42,26,0
886402,Liga Portugal,14,4,498,0,1,0.6848,0.62179856,6.8769230769231,9,2,0,0,9,10,0
926560,Liga Portugal,26,18,1471,1,3,0.5848,1.86778235,6.95,13,3,3,0,43,15,0
1410209,Liga Portugal,18,9,768,0,1,0.8107,0.64857974,6.5294117647059,9,2,3,0,15,3,0
1002343,Liga Portugal,5,0,95,0,0,0.2947,0.45504775,6.56,3,1,0,0,3,0,0
861979,Liga Portugal,9,2,247,5,0,0.874,0.22846384,7.2777777777778,10,6,0,0,5,1,0
352882,Liga Portugal,2,1,39,0,1,,0.0987437,6.85,0,0,0,0,0,0,0
1939199,Liga Portugal,1,0,13,0,0,,0.00016797,6.5,0,0,1,0,0,0,0
1001196,Liga Portugal,26,26,2244,1,3,0.6873,2.12107149,7.5538461538462,10,2,4,1,45,23,0
1394342,Liga Portugal,14,13,1109,0,0,0.8163,0.45433936,7.0692307692308,10,1,4,0,10,12,0
1126512,Liga Portugal,14,9,913,0,1,0.3398,0.52485562,7.0857142857143,7,1,2,0,10,4,0
1166952,Liga Portugal,19,8,1053,0,3,1.0175,2.42119693,6.8736842105263,8,4,4,0,27,7,0
989841,Liga Portugal,12,9,826,1,2,0.2257,0.57789896,7.3727272727273,4,1,1,0,29,10,0
1167818,Liga Portugal,23,21,1614,1,0,0.8537,1.44599485,6.7347826086957,9,3,6,0,31,14,0
878496,Liga Portugal,13,10,800,2,1,2.0374,1.01717092,6.9384615384615,14,5,3,0,19,10,0
1117102,Liga Portugal,1,0,14,0,0,,,6.3,0,0,1,0,0,0,0
253809,Liga Portugal,27,27,2430,0,0,,0.00768117,7.1,0,0,4,0,0,0,63
930666,Liga Portugal,2,2,180,0,0,,0.00083876,6.9,0,0,0,0,0,0,3
1031567,Liga Portugal,28,23,1937,7,4,8.2715,2.34282301,6.8642857142857,39,19,4,0,22,6,0
314380,Liga Portugal,26,23,1991,14,4,10.2526,4.7504929,7.3115384615385,55,31,3,1,29,10,0
1014048,Liga Portugal,11,6,596,2,0,3.3078,0.34242326,6.4363636363636,15,5,0,0,2,2,0
914772,Liga Portugal,24,11,993,6,1,4.9138,0.21244462,6.5958333333333,17,12,2,0,8,2,0
1649069,Liga Portugal,4,0,61,0,0,0.0565,0.00753275,6.625,2,0,1,0,0,0,0
1120039,Liga Portugal,24,17,1477,0,0,0.4443,0.88129322,6.7208333333333,11,3,4,0,22,16,0
1485309,Liga Portugal,18,4,592,0,0,0.4561,0.50245396,6.5941176470588,7,1,3,0,18,1,0
966575,Liga Portugal,24,20,1807,15,4,11.7394,4.5866719,7.4083333333333,65,26,6,0,19,5,0
1142613,Liga Portugal,6,1,157,0,0,0.0791,0.26090002,6.92,2,1,0,0,4,2,0
6562,Liga Portugal,27,23,1873,1,1,2.441,2.83275835,7.0074074074074,21,8,4,0,41,18,0
1396015,Liga Portugal,17,8,805,1,0,1.1647,1.70853922,6.6823529411765,10,1,0,0,8,5,0
186719,Liga Portugal,19,12,1103,1,1,0.6955,1.01481742,6.9473684210526,8,2,3,0,20,17,0
1134430,Liga Portugal,25,11,1152,0,2,2.2977,2.12565348,6.548,25,8,2,1,27,8,0
1006865,Liga Portugal,24,17,1510,0,4,0.375,3.53721331,6.8695652173913,3,1,1,0,19,15,0
1184326,Liga Portugal,20,8,866,1,2,0.3396,1.52721036,6.8736842105263,8,3,2,0,18,9,0
1439201,Liga Portugal,3,0,31,0,0,,0.01405401,6.6,0,0,0,0,0,0,0
868235,Liga Portugal,11,11,938,0,0,1.6183,0.45965332,6.9909090909091,11,1,2,0,10,7,0
959592,Liga Portugal,6,6,452,0,0,0.0992,0.19469697,6.9,1,1,0,0,8,5,0
997173,Liga Portugal,23,21,1838,0,0,0.0282,0.49806439,6.695652173913,1,0,3,0,34,18,0
965263,Liga Portugal,24,22,2031,2,0,2.4372,1.29872179,7,17,4,6,1,23,20,0
887754,Liga Portugal,12,11,835,2,1,1.2077,0.31307617,7.1583333333333,10,3,4,0,7,5,0
877918,Liga Portugal,29,24,2209,1,3,0.9721,3.01621123,6.7965517241379,15,8,1,0,38,23,0
106751,Liga Portugal,13,6,582,0,0,0.0816,0.05253826,6.7416666666667,1,0,2,0,6,15,0
1900357,Liga Portugal,1,0,10,0,0,,0.00154618,6.7,0,0,0,0,0,1,0
963744,Liga Portugal,29,29,2610,0,0,,0.01590146,6.9275862068966,0,0,2,0,0,0,63
1195796,Liga Portugal,11,0,183,0,0,0.6369,0.25981324,6.5363636363636,7,5,1,0,4,1,0
1463265,Liga Portugal,22,4,591,3,1,1.9587,1.03599702,6.72,18,9,0,0,15,6,0
2194737,Liga Portugal,18,3,386,1,0,2.0768,0.24862959,6.4882352941176,12,7,1,0,1,0,0
1049526,Liga Portugal,29,20,1746,1,2,5.176,1.64528114,6.551724137931,41,18,3,0,10,1,0
1563665,Liga Portugal,28,28,2357,4,2,4.3342,3.89209717,6.9321428571429,40,13,6,0,38,12,0
984626,Liga Portugal,1,0,16,0,0,0.0062,0.0380052,6.6,1,0,0,0,1,0,0
1105595,Liga Portugal,29,29,2442,5,4,7.6567,4.64690949,6.9,56,18,7,0,36,14,0
583838,Liga Portugal,29,26,2181,4,7,3.6172,7.0944822,7.1620689655172,43,12,8,0,58,15,0
1120040,Liga Portugal,20,6,693,2,3,1.3283,1.62317935,6.7578947368421,10,2,2,0,21,3,0
1511656,Liga Portugal,26,26,2116,3,1,2.485,3.00961046,6.8615384615385,32,7,7,1,68,24,0
1006067,Liga Portugal,8,1,144,0,0,0.5342,0.3815712,6.475,1,0,0,0,1,1,0
352874,Liga Portugal,1,0,13,0,0,,0.198412,7.1,0,0,0,0,0,0,0
836676,Liga Portugal,28,27,2402,0,0,0.9367,2.19229647,6.9785714285714,28,4,7,0,50,19,0
1982641,Liga Portugal,2,0,35,0,0,,0.0196944,6.6,0,0,1,0,0,0,0
1493216,Liga Portugal,14,3,361,0,0,0.0367,0.09070747,6.7285714285714,2,0,3,0,13,7,0
1002443,Liga Portugal,10,4,491,0,0,0.0089,0.25195058,6.74,1,0,1,0,17,12,0
977676,Liga Portugal,20,16,1431,1,0,0.993,0.1907304,6.8388888888889,6,2,2,1,22,30,0
1102988,Liga Portugal,17,14,1179,0,0,0.2004,0.81631259,6.8058823529412,8,1,6,0,23,6,0
1595506,Liga Portugal,20,17,1582,1,1,1.3616,0.23760499,7.035,11,3,4,0,21,30,0
876255,Liga Portugal,27,27,2430,4,0,2.4023,0.65662117,7.0851851851852,18,7,7,0,36,26,0
991924,Liga Portugal,26,26,2301,3,2,0.7274,3.28630863,7.0884615384615,10,5,4,0,56,21,0
190137,Liga Portugal,20,16,1348,1,2,0.4014,2.126474,6.89,5,2,4,0,19,13,0
886204,Liga Portugal,30,30,2700,0,0,,0.01373275,7.1766666666667,0,0,4,0,0,0,91
352448,Liga Portugal,5,2,189,2,1,1.1881,0.03067542,6.96,7,4,0,0,1,2,0
1146305,Liga Portugal,28,13,1323,6,2,7.1473,0.42347034,6.7392857142857,46,21,2,0,7,0,0
1404790,Liga Portugal,13,3,301,2,0,0.9236,0.03677245,6.5846153846154,5,3,0,0,5,1,0
1032547,Liga Portugal,22,10,932,1,3,1.3709,1.83584468,6.7,16,3,3,0,18,4,0
611880,Liga Portugal,28,26,2243,9,4,9.3975,3.5649378,6.8678571428571,59,27,3,0,26,8,0
1097527,Liga Portugal,29,29,2410,3,8,3.7497,4.179545,7.0448275862069,69,20,3,1,48,23,0
989837,Liga Portugal,27,26,2079,0,0,0.4411,1.19941518,6.8555555555556,4,1,8,0,50,28,0
1084746,Liga Portugal,29,27,2314,6,3,3.9338,2.40085377,6.9620689655172,59,19,5,0,34,7,0
1537180,Liga Portugal,4,1,94,0,0,,0.01631001,6.575,0,0,2,0,3,0,0
1445615,Liga Portugal,11,6,521,0,0,1.064,0.17595078,6.6,18,6,0,0,9,0,0
1410239,Liga Portugal,1,0,2,0,0,,0.00163621,0,0,0,0,0,0,0,0
1138915,Liga Portugal,26,7,977,0,0,0.215,0.38549138,6.7,4,0,5,0,28,24,0
1799336,Liga Portugal,17,10,867,2,1,1.705,1.56601905,6.7470588235294,22,7,2,0,17,5,0
1083277,Liga Portugal,23,4,580,1,1,0.5313,0.55403134,6.4521739130435,9,1,2,1,4,4,0
2154588,Liga Portugal,4,0,46,0,0,0.0582,0.01747076,6.5666666666667,1,1,2,0,1,1,0
949449,Liga Portugal,13,4,378,0,0,0.4739,0.17040112,6.5272727272727,8,2,0,0,3,1,0
831781,Liga Portugal,27,27,2398,0,0,0.5527,1.98040908,6.7444444444444,15,6,5,0,36,24,0
800348,Liga Portugal,27,27,2385,1,1,1.5492,0.86970971,6.7814814814815,15,2,4,0,31,18,0
1087355,Liga Portugal,22,8,861,0,1,0.0976,0.4411411,6.5904761904762,5,0,2,1,27,12,0
905452,Liga Portugal,1,0,26,0,0,,0.00452538,6.9,0,0,0,0,1,0,0
1114164,Liga Portugal,24,24,2072,0,0,0.9607,0.54507712,6.7041666666667,10,2,6,0,22,16,0
1001662,Liga Portugal,28,25,2123,0,0,0.4417,1.6416253,6.8357142857143,16,1,6,0,45,34,0
1142261,Liga Portugal,18,9,995,1,0,0.394,0.38776693,6.84375,8,2,1,0,9,4,0
1004444,Liga Portugal,2,0,38,0,0,,0.0033477,6.6,0,0,0,0,1,0,0
981586,Liga Portugal,8,8,720,0,0,,0.01562339,6.55,0,0,0,0,0,1,15
862060,Liga Portugal,6,5,480,0,0,,0.04006585,6.9666666666667,0,0,1,0,0,0,19
1063255,Liga Portugal,22,7,916,2,1,4.0673,0.86027201,6.6227272727273,38,10,2,0,7,2,0
42898,Liga Portugal,25,16,1305,3,0,3.5867,0.34886931,6.544,31,11,3,1,5,1,0
1617764,Liga Portugal,1,0,8,0,0,,0.00505118,6.4,0,0,0,0,2,0,0
1563640,Liga Portugal,26,16,1338,5,2,3.7702,1.00805401,6.7,24,10,2,0,12,3,0
1002367,Liga Portugal,26,24,1976,1,0,0.5723,0.61250721,6.8807692307692,7,2,6,0,44,30,0
1035280,Liga Portugal,25,11,1109,1,0,0.7787,2.09233772,6.788,22,9,0,1,16,7,0
1468082,Liga Portugal,19,14,1173,5,1,4.4891,0.97107069,6.6894736842105,42,13,2,0,17,14,0
1130363,Liga Portugal,14,3,392,0,0,0.3844,0.89855856,6.4923076923077,10,3,3,1,5,0,0
1166097,Liga Portugal,18,6,719,2,0,0.6763,0.87018019,6.8166666666667,16,4,2,0,8,10,0
785808,Liga Portugal,25,20,1702,6,3,5.2092,2.30650218,6.74,37,14,3,0,40,9,0
1153328,Liga Portugal,26,19,1694,2,4,2.0687,2.56370197,6.75,31,11,2,0,13,2,0
1434543,Liga Portugal,20,10,1060,1,1,1.3048,1.19758687,6.875,23,8,4,0,26,14,0
1161004,Liga Portugal,19,13,1117,0,4,0.7197,1.45958085,6.8578947368421,6,1,2,0,41,10,0
2140143,Liga Portugal,12,9,632,1,0,1.581,0.29404609,6.7545454545455,9,4,0,0,14,2,0
2217380,Liga Portugal,1,0,12,0,0,,0.00261644,6.5,0,0,0,0,0,0,0
1488511,Liga Portugal,18,12,1199,0,1,0.2544,1.77791985,6.6111111111111,10,1,2,0,26,20,0
1133568,Liga Portugal,27,27,2261,1,1,1.5588,1.29818191,6.7,27,5,7,0,49,23,0
1131047,Liga Portugal,20,18,1428,0,0,0.0417,1.37491218,6.71,2,0,5,0,26,17,0
844409,Liga Portugal,14,3,466,0,0,0.4989,0.56132045,6.5846153846154,6,1,1,0,9,3,0
846416,Liga Portugal,25,24,2099,1,2,0.9052,0.99469494,6.984,11,2,5,0,33,31,0
1066233,Liga Portugal,13,10,1000,1,0,0.6751,0.16472145,6.4083333333333,9,1,1,0,5,9,0
1148442,Liga Portugal,10,10,900,1,0,0.7658,0.10714474,6.68,11,4,3,0,23,9,0
1168093,Liga Portugal,15,15,1350,1,0,1.3822,0.30949239,6.9666666666667,13,4,1,0,11,26,0
1175004,Liga Portugal,15,15,1350,0,0,,0.01364795,6.96,0,0,1,0,1,0,44
155985,Liga Portugal,15,15,1350,0,0,,0.01214618,6.8133333333333,0,0,2,0,0,0,48
930246,Liga Portugal,29,26,2286,19,1,12.0983,1.59636205,6.9827586206897,70,32,1,0,12,5,0
826210,Liga Portugal,25,18,1517,3,5,1.5438,3.17095717,6.968,24,11,2,0,11,4,0
929894,Liga Portugal,23,13,1125,4,0,5.5209,0.3864177,6.5173913043478,25,10,1,0,6,4,0
548044,Liga Portugal,28,28,2393,6,11,4.3081,5.36423465,7.15,48,19,8,0,39,14,0
1084291,Liga Portugal,2,0,11,0,0,,0.00042624,6.5,0,0,0,0,0,0,0
1120679,Liga Portugal,19,11,1063,2,2,3.5535,0.79033652,6.6368421052632,34,13,3,0,10,2,0
77725,Liga Portugal,21,3,545,0,5,0.0362,1.339525,6.647619047619,1,0,0,0,2,1,0
1001313,Liga Portugal,15,8,633,2,0,0.7727,0.50008731,6.7357142857143,7,2,4,0,20,18,0
920684,Liga Portugal,28,28,2437,1,7,0.8576,5.2118017,7.2071428571429,29,6,8,0,53,32,0
858705,Liga Portugal,7,3,259,1,0,0.1206,0.25626513,6.6428571428571,2,1,0,0,6,3,0
877920,Liga Portugal,18,16,1262,0,1,0.3494,0.70284146,6.6611111111111,7,2,2,0,22,25,0
357734,Liga Portugal,22,12,1312,2,0,0.6373,0.10117761,6.8238095238095,7,3,2,0,27,29,0
1049465,Liga Portugal,19,19,1659,1,0,1.1656,0.12568014,6.6789473684211,9,4,5,0,25,22,0
994532,Liga Portugal,19,11,1025,0,0,0.23,0.25587489,6.7315789473684,7,1,7,0,27,12,0
986726,Liga Portugal,22,21,1641,2,3,2.5457,1.39057765,6.7318181818182,16,6,9,0,31,12,0
943525,Liga Portugal,29,29,2610,2,0,1.4054,1.10083897,6.7620689655172,12,2,3,0,36,38,0
834247,Liga Portugal,22,20,1527,0,2,0.3845,0.41747002,6.4181818181818,12,3,3,0,16,10,0
1087354,Liga Portugal,11,5,435,0,0,0.2897,0.50971943,6.4363636363636,6,1,1,0,11,6,0
1158555,Liga Portugal,1,0,17,0,0,,0.00220014,6.7,0,0,0,0,1,0,0
1511977,Liga Portugal,23,12,1150,0,1,1.2559,0.68459082,6.4695652173913,9,0,4,0,23,12,0
93796,Liga Portugal,29,29,2610,0,0,,0.22101415,6.7551724137931,0,0,3,0,1,0,78
1115751,Liga Portugal,17,8,897,2,0,2.4244,0.21263701,6.5470588235294,18,5,0,0,4,2,0
1188685,Liga Portugal,16,5,563,1,1,3.1118,0.40132005,6.55625,12,5,4,0,2,0,0
1411034,Liga Portugal,7,0,98,0,0,,0.02626316,6.36,0,0,0,0,1,1,0
905455,Liga Portugal,28,28,2367,3,5,2.1135,4.1143046,6.9392857142857,34,13,7,0,24,4,0
1166006,Liga Portugal,28,25,2153,1,0,0.5771,0.76414292,6.6678571428571,14,4,6,0,25,17,0
1001848,Liga Portugal,10,3,401,0,1,0.2008,0.54116123,6.46,7,3,3,0,6,4,0
1471229,Liga Portugal,25,10,1058,0,2,0.8591,0.6886077,6.512,9,0,2,0,16,6,0
1082948,Liga Portugal,26,20,1681,0,3,0.3275,1.86155292,6.6961538461538,6,1,0,0,22,6,0
910033,Liga Portugal,17,9,759,0,0,0.4834,0.66960238,6.5625,9,2,1,0,12,10,0
2030567,Liga Portugal,14,6,653,1,0,1.1558,0.15889992,6.5857142857143,3,2,3,0,10,10,0
1142254,Liga Portugal,22,13,1136,3,2,1.3128,1.37823477,6.7142857142857,8,4,4,0,19,5,0
1489200,Liga Portugal,5,2,199,0,0,,0.03574157,7.02,0,0,1,0,6,3,0
1411154,Liga Portugal,4,3,301,0,0,,0.08189695,6.575,0,0,1,0,2,4,0
1142578,Liga Portugal,24,22,1987,4,3,2.0668,2.76932552,6.9333333333333,33,9,2,0,49,22,0
1130513,Liga Portugal,2,1,101,0,0,,0.01717712,6.85,0,0,0,0,2,1,0
1160980,Liga Portugal,23,23,2013,1,6,0.8107,2.52646186,6.7826086956522,15,6,8,0,53,21,0
1395583,Liga Portugal,23,20,1683,1,0,0.6226,1.25842759,6.6782608695652,9,2,5,0,40,19,0
1153099,Liga Portugal,24,17,1588,0,0,0.2576,0.061407,6.6666666666667,4,2,3,0,17,19,0
931485,Liga Portugal,26,26,2324,3,0,0.7336,0.10949478,6.8153846153846,5,3,9,1,36,23,0
1175474,Liga Portugal,14,9,790,0,0,,0.81729909,6.4571428571429,0,0,1,1,12,6,0
1819304,Liga Portugal,7,0,104,0,0,,0.11337418,6.7571428571429,0,0,0,0,2,2,0
788197,Liga Portugal,20,20,1800,0,0,,0.01919973,7.165,0,0,2,0,0,1,69
345843,Liga Portugal,9,9,810,0,0,,0.02240451,6.8777777777778,0,0,2,0,1,0,26
1185196,Liga Portugal,2,0,17,0,0,0.0199,0.00085679,6.55,1,0,0,0,0,0,0
1145658,Liga Portugal,2,0,46,0,0,0.0187,0.00073298,6.45,1,0,0,0,0,0,0
913728,Liga Portugal,27,20,1602,7,2,7.5979,1.3632338,6.5740740740741,45,17,5,0,22,10,0
1510444,Liga Portugal,19,10,886,1,0,2.4675,0.89173132,6.4315789473684,17,7,2,1,14,1,0
1116649,Liga Portugal,18,1,357,0,0,0.201,0.32109477,6.4888888888889,6,1,1,0,11,3,0
1000680,Liga Portugal,27,5,763,1,1,1.456,0.48605555,6.552,14,7,4,0,13,3,0
1105857,Liga Portugal,29,25,2211,2,2,0.6874,1.71618228,6.8379310344828,21,4,2,1,46,24,0
1191120,Liga Portugal,27,22,1855,5,3,3.6425,1.17407418,6.6481481481481,30,9,4,1,11,7,0
955133,Liga Portugal,30,29,2425,6,3,2.2957,3.28966944,6.8166666666667,44,19,2,0,26,24,0
973517,Liga Portugal,28,24,2043,8,2,5.0428,1.12638527,6.6392857142857,38,16,1,1,27,9,0
1211005,Liga Portugal,5,0,38,0,0,,0.00279672,6.3333333333333,0,0,0,0,2,0,0
1893864,Liga Portugal,8,0,151,0,0,0.0203,0.09371688,6.6,1,0,2,0,3,1,0
1126965,Liga Portugal,22,18,1547,1,1,0.5127,0.50260137,6.8181818181818,9,3,6,0,44,24,0
996932,Liga Portugal,24,9,848,1,1,1.6896,1.36514562,6.6208333333333,18,6,4,0,22,6,0
1014259,Liga Portugal,14,8,770,0,0,0.0307,0.50194151,6.8071428571429,2,0,3,0,17,10,0
1393731,Liga Portugal,7,5,499,0,0,0.0412,0.07219548,6.6428571428571,1,0,3,0,18,11,0
982610,Liga Portugal,16,7,832,0,0,0.2952,0.46824213,6.52,9,2,0,0,21,6,0
943713,Liga Portugal,12,12,1002,0,0,0.1836,0.14529734,6.9416666666667,5,1,5,0,11,10,0
1095652,Liga Portugal,6,3,272,0,0,,0.18848885,6.68,0,0,1,0,6,6,0
1520738,Liga Portugal,3,0,39,0,0,,0.12832854,6.2333333333333,0,0,0,0,0,0,0
339879,Liga Portugal,13,12,1018,0,1,0.5208,0.42509521,6.4923076923077,6,1,2,0,5,6,0
902050,Liga Portugal,17,13,1158,1,0,0.7609,0.06673419,6.4823529411765,5,2,3,0,9,11,0
964609,Liga Portugal,27,26,2275,2,3,1.2545,1.16430252,6.5222222222222,15,4,3,3,29,30,0
1083250,Liga Portugal,9,8,715,0,0,0.0985,0.33362192,6.7555555555556,3,0,3,1,7,6,0
863637,Liga Portugal,25,23,2102,2,3,1.5293,2.54443318,6.648,13,3,9,0,24,23,0
789933,Liga Portugal,12,12,1080,0,0,,0.00691266,6.8,0,0,5,0,0,0,32
1165190,Liga Portugal,1,1,90,0,0,,0.00034336,6.1,0,0,0,0,0,0,1
973352,Liga Portugal,9,9,810,0,0,,0.00793687,6.5888888888889,0,0,0,0,3,0,25
1105790,Liga Portugal,23,20,1549,5,2,4.4533,3.23577278,6.9913043478261,34,14,2,0,19,12,0
1015826,Liga Portugal,17,15,1236,2,3,2.8847,3.26336669,7.1058823529412,23,5,4,0,22,8,0
1100957,Liga Portugal,29,18,1500,8,2,7.2579,0.41177256,6.6793103448276,36,20,3,0,7,0,0
1459763,Liga Portugal,4,0,43,0,0,0.0666,9.3e-07,6.4,1,0,0,0,1,0,0
1405454,Liga Portugal,23,10,896,1,0,1.5531,0.58319068,6.6391304347826,14,6,0,0,11,2,0
344023,Liga Portugal,25,12,1108,5,2,4.7351,1.0123441,6.568,20,13,1,1,9,1,0
1190120,Liga Portugal,12,0,275,1,0,0.8418,0.74392728,6.7416666666667,7,3,1,0,3,0,0
834881,Liga Portugal,2,0,30,0,0,,0.07250752,6.55,0,0,0,0,0,0,0
1168617,Liga Portugal,9,0,136,0,0,0.3925,0.01577939,6.5,4,2,0,0,2,0,0
794928,Liga Portugal,26,25,2015,2,5,4.1743,3.55815936,7.0807692307692,32,12,5,0,44,12,0
904849,Liga Portugal,29,27,2466,1,3,2.1566,3.18634911,6.7413793103448,18,9,6,0,24,25,0
1158067,Liga Portugal,19,17,1523,0,0,1.0564,0.74811736,6.7052631578947,7,1,3,0,35,18,0
992024,Liga Portugal,10,8,660,1,0,0.3127,0.21979967,6.69,8,2,3,0,17,7,0
1031485,Liga Portugal,17,16,1176,0,1,0.2396,0.29963623,6.4882352941176,11,3,3,1,23,11,0
2033832,Liga Portugal,24,1,501,1,1,1.2191,0.64298001,6.6782608695652,14,3,3,0,19,8,0
1063375,Liga Portugal,13,3,432,0,0,0.0413,0.91155464,6.7909090909091,2,1,1,0,14,6,0
1119693,Liga Portugal,5,3,312,0,1,0.0369,0.03297426,6.64,1,0,1,0,6,2,0
1915110,Liga Portugal,17,13,1140,0,2,0.3958,0.95658241,6.73125,9,1,3,0,29,14,0
2456624,Liga Portugal,2,0,10,0,0,,0.01224263,6.6,0,0,0,0,0,0,0
1167068,Liga Portugal,28,28,2476,1,0,1.5145,0.72651856,7.0178571428571,15,3,5,1,70,41,0
1405973,Liga Portugal,27,27,2351,0,0,0.9519,0.34101602,6.5148148148148,6,2,3,1,44,27,0
1476213,Liga Portugal,11,6,671,0,0,0.2283,0.04676337,6.6090909090909,2,0,1,0,13,4,0
1120043,Liga Portugal,16,13,1095,1,2,0.3116,1.4899932,6.63125,7,2,2,0,18,10,0
125625,Liga Portugal,26,25,2236,0,0,0.3632,0.69983486,6.5269230769231,2,0,1,0,26,18,0
1506777,Liga Portugal,9,4,400,0,0,0.0803,0.02648244,6.7875,2,0,1,0,3,1,0
1631412,Liga Portugal,3,0,35,0,0,0.0232,0.09174117,6.35,1,0,0,0,1,1,0
1139990,Liga Portugal,25,25,2250,0,0,,0.02317552,6.844,0,0,4,0,0,0,71
1018555,Liga Portugal,5,5,450,0,0,,0.00300048,7.46,0,0,1,0,0,0,21
826024,Liga Portugal,26,20,1530,2,3,2.7869,1.70653929,6.6038461538462,24,9,1,0,27,14,0
860683,Liga Portugal,10,1,179,0,0,0.1818,0.0240825,6.4666666666667,4,0,0,0,4,0,0
1094384,Liga Portugal,9,4,433,0,0,1.2176,0.0650139,6.5,10,5,2,0,0,1,0
1499082,Liga Portugal,9,8,717,6,0,3.7094,0.4613603,7.3777777777778,15,10,1,0,11,4,0
1214878,Liga Portugal,5,1,92,0,0,0.0086,0.01477464,6.475,1,0,2,0,2,0,0
1485103,Liga Portugal,1,0,11,0,0,,0.00248784,6.8,0,0,0,0,1,0,0
1393242,Liga Portugal,23,11,1064,1,1,0.2879,0.20714828,6.7391304347826,8,2,3,1,32,28,0
1020203,Liga Portugal,19,17,1377,1,0,0.6213,1.27269553,6.8263157894737,14,5,4,0,15,14,0
1196014,Liga Portugal,18,2,389,0,0,0.1903,0.67588498,6.475,5,0,1,0,10,2,0
1105850,Liga Portugal,9,1,239,0,0,0.3856,0.19747313,6.7222222222222,4,1,1,0,5,3,0
1485731,Liga Portugal,1,0,11,0,0,0.02,0.00319975,6.3,1,0,0,0,0,0,0
848521,Liga Portugal,28,27,2294,1,2,2.329,2.1775789,6.9571428571429,44,18,3,1,76,51,0
930273,Liga Portugal,28,19,1627,1,1,1.2108,0.89728479,6.6464285714286,23,6,2,0,23,9,0
1176881,Liga Portugal,13,10,934,0,2,2.3904,2.04928297,6.6461538461538,20,7,1,0,10,6,0
946909,Liga Portugal,23,6,800,0,1,0.0418,0.244859,6.6095238095238,3,1,2,0,26,8,0
309296,Liga Portugal,8,0,92,0,0,,0.07341787,6.5857142857143,0,0,1,0,0,1,0
2034540,Liga Portugal,10,10,900,0,0,0.071,0.10738495,6.76,1,0,3,0,9,10,0
892483,Liga Portugal,10,7,573,0,0,0.0298,0.28198539,6.65,2,1,2,0,9,11,0
1005992,Liga Portugal,27,25,2153,1,2,1.8739,0.72260623,6.6777777777778,19,3,8,0,38,23,0
1064359,Liga Portugal,23,21,1872,0,1,0.0837,0.62278594,6.5173913043478,3,0,4,0,33,23,0
1120038,Liga Portugal,2,0,19,0,0,,0.00120487,6.45,0,0,0,0,1,0,0
1173124,Liga Portugal,15,5,523,0,0,0.0996,0.18460528,6.6461538461538,3,2,2,0,9,8,0
1467139,Liga Portugal,21,16,1315,0,0,0.1015,0.60039091,6.615,3,1,5,0,19,5,0
72020,Liga Portugal,22,21,1935,1,0,0.3552,0.30164154,6.8090909090909,5,1,4,0,25,26,0
1478890,Liga Portugal,6,3,219,0,0,,0.0090861,6.5,0,0,1,0,2,3,0
938292,Liga Portugal,18,18,1620,0,0,,0.01894983,7.0888888888889,0,0,6,0,0,0,72
905406,Liga Portugal,3,3,270,0,0,,0.00254763,6.3,0,0,0,0,0,0,9
1005270,Liga Portugal,9,9,810,0,0,,0.01155349,6.8222222222222,0,0,1,0,0,0,25
138890,Liga Portugal,9,3,328,2,0,1.1433,0.10114974,6.7,11,5,3,0,4,0,0
1046794,Liga Portugal,25,22,1893,4,0,5.4226,1.30613188,6.76,59,18,3,0,21,1,0
1066681,Liga Portugal,11,0,180,1,0,1.447,0.07578514,6.4454545454545,7,3,1,0,1,1,0
1459634,Liga Portugal,9,6,513,1,1,0.5287,0.07607052,6.6555555555556,10,3,0,0,7,1,0
1001753,Liga Portugal,25,17,1491,6,1,4.3316,1.11586672,6.856,47,15,8,0,24,7,0
1799251,Liga Portugal,26,10,1078,0,1,1.7706,1.55143458,6.6884615384615,24,7,2,0,3,7,0
1511976,Liga Portugal,7,0,80,0,1,0.2308,0.07511333,6.74,2,1,0,0,3,0,0
892083,Liga Portugal,19,5,653,1,0,0.2401,0.4445444,6.6388888888889,4,2,4,0,7,7,0
973924,Liga Portugal,5,0,69,0,0,,0.01321824,6.54,0,0,0,0,3,0,0
851277,Liga Portugal,30,23,1966,0,0,1.2203,0.98024824,6.7433333333333,20,2,4,0,66,31,0
1019184,Liga Portugal,29,28,2310,4,2,4.785,2.88092372,6.8689655172414,38,10,8,0,49,15,0
1162051,Liga Portugal,12,11,818,1,1,0.553,1.82054825,6.8583333333333,9,3,1,0,16,8,0
991358,Liga Portugal,26,25,2062,0,0,0.7249,1.58699441,6.6576923076923,19,4,4,1,46,17,0
989385,Liga Portugal,14,5,483,0,1,0.4162,0.3179595,6.5357142857143,5,1,1,0,9,2,0
2155276,Liga Portugal,21,5,696,0,1,0.2081,0.21341299,6.7,7,2,6,0,24,4,0
1105841,Liga Portugal,12,7,751,1,0,0.5633,0.31468037,6.9636363636364,10,5,2,0,9,8,0
1108505,Liga Portugal,18,14,1121,1,0,0.1883,0.49583543,6.6444444444444,5,2,4,1,32,17,0
1131145,Liga Portugal,29,29,2573,1,0,1.0067,0.87010651,6.8275862068966,15,2,6,1,34,32,0
883908,Liga Portugal,10,8,778,0,1,0.696,0.40340515,6.73,4,1,0,0,11,7,0
254815,Liga Portugal,20,18,1551,1,0,0.5957,0.2085631,6.8368421052632,7,3,5,0,32,33,0
1459627,Liga Portugal,13,12,1031,0,0,0.2083,0.18118078,6.6692307692308,6,0,5,0,20,14,0
838502,Liga Portugal,1,0,15,0,0,,1.672e-05,6.7,0,0,0,0,0,0,0
822526,Liga Portugal,30,30,2700,0,1,0.149,0.05483173,6.9133333333333,1,0,0,0,0,0,72
1002819,Liga Portugal,10,9,727,1,0,0.9058,0.59415811,6.73,9,4,1,0,17,4,0
987597,Liga Portugal,29,29,2532,15,0,14.5667,1.0029242,6.9724137931034,89,38,5,0,10,3,0
253837,Liga Portugal,17,1,271,0,1,0.6862,0.06269614,6.5153846153846,7,4,1,0,6,2,0
1579664,Liga Portugal,20,8,752,0,0,0.8687,1.27582298,6.5529411764706,14,6,2,1,6,3,0
1410338,Liga Portugal,6,0,69,0,0,,0.00370565,6.48,0,0,1,0,1,0,0
822510,Liga Portugal,27,27,2295,0,4,0.955,3.75267766,6.9333333333333,24,5,6,0,65,24,0
786269,Liga Portugal,23,8,823,1,0,1.5272,1.67450346,6.6086956521739,15,5,3,0,10,4,0
1011997,Liga Portugal,25,16,1423,1,1,1.1411,0.49831849,6.5,22,7,5,1,44,11,0
912781,Liga Portugal,29,29,2466,4,2,4.5357,2.98835055,6.9586206896552,57,23,5,0,44,9,0
1172052,Liga Portugal,14,5,522,0,0,0.5329,0.37840518,6.5846153846154,13,7,3,0,13,9,0
1020610,Liga Portugal,28,27,2222,0,1,1.3572,0.7748478,6.8071428571429,17,2,6,1,43,44,0
851030,Liga Portugal,14,2,407,0,0,0.1214,0.99313378,6.6357142857143,3,0,2,0,6,3,0
902051,Liga Portugal,14,11,810,1,0,0.7987,0.35202557,6.5785714285714,13,2,1,0,5,5,0
1393991,Liga Portugal,17,4,403,0,0,0.0775,0.22143271,6.54,3,1,1,0,17,5,0
1806732,Liga Portugal,4,1,113,0,0,,0.01950756,5.7,0,0,1,1,3,0,0
167857,Liga Portugal,10,1,134,0,2,0.0274,0.09237587,6.74,1,0,1,0,3,0,0
1116982,Liga Portugal,17,15,1377,1,2,0.922,2.1231423,6.7823529411765,3,1,2,0,26,12,0
822509,Liga Portugal,27,26,2359,3,2,1.7391,0.69177978,6.837037037037,21,6,12,0,23,26,0
1112474,Liga Portugal,27,27,2403,4,1,2.9255,0.45809489,6.9703703703704,32,9,6,1,56,40,0
926869,Liga Portugal,5,3,224,0,0,0.0457,0.02082041,6.34,1,1,2,1,3,5,0
878283,Liga Portugal,14,8,755,0,0,0.1243,0.94149679,6.6714285714286,2,0,5,0,11,9,0
1394244,Liga Portugal,8,5,479,0,0,0.0091,0.02551704,6.6625,1,0,2,0,7,4,0
344181,Liga Portugal,23,22,1956,1,5,1.3659,1.84895046,6.6086956521739,15,5,2,0,32,16,0
44684,Liga Portugal,17,14,1255,0,0,0.2092,0.68520486,6.6866666666667,6,1,2,0,35,22,0
1167067,Liga Portugal,24,24,2160,0,0,,0.0485388,6.9875,0,0,4,0,0,0,77
832672,Liga Portugal,6,6,540,0,0,,0.00722465,6.8,0,0,1,0,0,0,18
948250,Liga Portugal,4,0,89,0,0,,0.42906622,6.625,0,0,0,0,0,1,0
845802,Liga Portugal,23,15,1461,5,0,3.2233,0.74909108,6.9826086956522,51,20,5,0,31,7,0
943595,Liga Portugal,7,2,244,1,0,1.0718,0.05861698,6.5857142857143,6,3,1,0,0,0,0
910316,Liga Portugal,29,16,1359,2,2,3.742,1.68347278,6.6793103448276,30,7,4,0,18,11,0
1158547,Liga Portugal,10,3,296,0,0,0.2117,0.0263699,6.44,3,3,0,0,4,1,0
801339,Liga Portugal,26,9,976,4,1,5.1632,0.75437545,6.7423076923077,38,15,3,0,8,3,0
1164070,Liga Portugal,20,7,748,0,2,0.3301,0.51781522,6.745,10,2,1,0,8,9,0
1163947,Liga Portugal,1,0,12,0,0,,,6.3,0,0,0,0,0,0,0
1090543,Liga Portugal,27,26,2223,5,5,3.7971,4.62248358,7.1111111111111,37,11,0,1,34,11,0
2368703,Liga Portugal,12,7,697,1,0,0.4953,0.48445424,6.6666666666667,4,2,4,0,12,6,0
1006110,Liga Portugal,2,0,17,0,0,,0.00286468,6.55,0,0,0,0,0,0,0
2058164,Liga Portugal,21,8,839,0,1,0.2988,0.74807305,6.7095238095238,6,0,5,0,14,21,0
2037671,Liga Portugal,14,8,568,0,0,0.1713,0.04715074,6.5357142857143,2,0,2,0,6,18,0
1090646,Liga Portugal,25,24,2077,3,2,1.2761,0.87073773,6.708,14,6,7,1,40,11,0
1210450,Liga Portugal,8,2,229,0,0,0.2002,0.15536998,6.5142857142857,4,1,0,0,6,0,0
989449,Liga Portugal,9,9,725,0,0,0.4514,0.2034258,6.7555555555556,5,0,2,0,15,10,0
1864305,Liga Portugal,4,0,73,0,0,0.6379,0.01476965,6.35,3,1,1,0,0,0,0
987490,Liga Portugal,7,7,555,0,0,,0.7962031,6.7714285714286,0,0,0,0,8,6,0
851283,Liga Portugal,22,15,1307,0,2,0.0334,1.66300786,6.6045454545455,1,1,5,0,22,15,0
1002565,Liga Portugal,28,27,2415,0,0,0.0299,0.39376846,6.8857142857143,2,0,4,1,34,28,0
1017590,Liga Portugal,25,24,2052,0,0,0.6467,0.37611857,6.956,9,1,6,0,43,27,0
857766,Liga Portugal,1,0,8,0,0,,0.00014922,6.7,0,0,0,0,0,0,0
1410927,Liga Portugal,8,6,592,0,0,0.0913,0.4270403,6.7375,4,1,1,0,25,4,0
2115909,Liga Portugal,19,14,1090,0,1,0.14,0.31473036,6.5421052631579,3,1,4,0,30,32,0
1050457,Liga Portugal,3,0,39,0,0,,0.00187024,6.45,0,0,1,0,1,0,0
82598,Liga Portugal,30,30,2700,0,0,,0.03907587,6.8766666666667,0,0,3,0,0,0,89
1155358,Liga Portugal,19,7,725,0,0,1.4693,0.36920176,6.4473684210526,17,5,2,0,3,1,0
980407,Liga Portugal,10,6,484,1,1,0.2858,0.21120954,6.5555555555556,5,2,0,0,8,1,0
157023,Liga Portugal,28,21,1698,5,0,6.5875,0.78405995,6.5857142857143,26,10,5,0,20,3,0
826054,Liga Portugal,29,29,2479,3,8,5.5257,4.42870737,7.0793103448276,43,15,2,0,31,12,0
1067284,Liga Portugal,18,7,663,0,0,0.7186,0.61987225,6.6235294117647,13,4,1,0,10,3,0
1190517,Liga Portugal,15,7,626,2,0,1.1014,0.88850637,6.6466666666667,6,2,1,0,11,3,0
1012448,Liga Portugal,10,1,209,1,0,1.0519,0.00766409,6.3555555555556,6,3,1,1,1,2,0
158597,Liga Portugal,23,16,1406,0,0,0.1896,0.32672483,6.6695652173913,6,0,5,0,32,14,0
1087321,Liga Portugal,9,2,298,1,0,0.0935,0.07594187,6.7666666666667,1,1,1,0,8,2,0
1110159,Liga Portugal,5,0,103,0,0,,0.00700595,6.34,0,0,1,0,2,0,0
892170,Liga Portugal,11,7,581,0,1,0.1702,0.16019055,6.6545454545455,3,0,1,0,11,3,0
983537,Liga Portugal,21,16,1329,2,1,0.8101,1.04168661,6.78,8,4,3,0,21,16,0
849719,Liga Portugal,28,28,2409,3,4,2.5443,1.6635957,6.7964285714286,38,15,6,0,47,23,0
1131015,Liga Portugal,18,6,712,1,0,0.1158,0.81460979,6.6294117647059,2,1,4,0,22,15,0
1464186,Liga Portugal,8,1,203,0,0,0.0455,0.03254186,6.6375,1,0,0,0,9,3,0
27622,Liga Portugal,17,16,1437,1,0,0.7964,0.27372874,6.6764705882353,9,3,3,0,9,13,0
963990,Liga Portugal,6,6,497,1,0,0.2762,0.01954207,6.4666666666667,7,1,0,0,5,7,0
1015932,Liga Portugal,21,20,1815,2,0,1.0269,0.30556592,6.6142857142857,13,4,12,0,32,30,0
851276,Liga Portugal,18,16,1305,0,2,0.1456,2.33799361,6.8222222222222,6,0,1,0,21,6,0
1835218,Liga Portugal,10,9,812,0,0,0.04,0.05901572,6.4,1,0,5,0,13,9,0
1151667,Liga Portugal,20,17,1480,0,0,0.3025,0.17903272,6.3473684210526,5,1,3,0,18,22,0
125039,Liga Portugal,23,18,1754,0,0,0.0608,0.46469082,6.504347826087,1,1,6,0,21,12,0
1091103,Liga Portugal,5,3,301,0,0,0.1417,0.1352059,6.72,4,1,1,0,4,3,0
821628,Liga Portugal,24,24,2081,0,0,,0.21750458,6.8041666666667,0,0,3,1,1,0,67
9668,Liga Portugal,4,3,316,0,0,,0.00247421,6.875,0,0,0,0,0,0,9
788786,Liga Portugal,21,14,1237,1,0,3.7453,0.30420564,6.45,28,9,2,0,5,3,0
917006,Liga Portugal,6,1,137,0,0,0.0203,0.02236293,6.5,1,0,0,0,1,1,0
1136902,Liga Portugal,13,8,771,0,1,0.4888,0.88440509,6.7461538461538,11,3,1,0,13,3,0
950339,Liga Portugal,6,5,475,0,0,0.4716,0.41825286,6.4666666666667,7,2,2,0,6,1,0
1397915,Liga Portugal,14,5,430,0,0,0.4405,0.3871413,6.5076923076923,6,0,1,0,2,3,0
1146013,Liga Portugal,21,9,1018,0,0,2.495,0.95987619,6.552380952381,21,7,2,0,5,5,0
822684,Liga Portugal,23,15,1433,1,0,0.3228,0.26374288,6.5739130434783,4,2,6,0,29,8,0
190147,Liga Portugal,11,9,635,2,2,0.4453,0.95725691,6.9545454545455,15,6,2,0,13,0,0
988882,Liga Portugal,22,17,1297,1,1,1.5924,1.30450162,6.5772727272727,14,4,3,0,30,15,0
1482435,Liga Portugal,24,17,1535,0,0,0.5181,0.64528269,6.7333333333333,11,1,3,0,33,14,0
879917,Liga Portugal,29,26,2147,6,1,8.4059,3.01237131,6.8,60,25,5,0,38,20,0
1133070,Liga Portugal,23,13,1171,1,0,2.0885,0.90751165,6.6478260869565,14,5,5,0,31,12,0
861283,Liga Portugal,14,12,998,0,1,0.2674,0.51491707,6.7,4,2,5,0,18,19,0
343909,Liga Portugal,16,5,459,0,0,0.036,0.1617173,6.6733333333333,1,0,1,1,15,5,0
1100596,Liga Portugal,5,1,134,0,0,0.6033,0.02031013,6.55,4,2,0,0,5,0,0
1187281,Liga Portugal,24,24,2109,0,1,1.9744,1.41869252,6.7083333333333,12,3,8,2,59,22,0
1068519,Liga Portugal,7,6,546,1,0,1.0529,0.10594584,6.9571428571429,4,1,1,0,15,3,0
945121,Liga Portugal,15,11,1042,1,0,0.2766,0.78239683,6.6933333333333,7,5,4,0,39,13,0
1035696,Liga Portugal,4,2,227,0,0,0.0602,0.03533913,6.425,3,0,2,0,4,1,0
988964,Liga Portugal,27,27,2355,0,0,0.3938,1.03855727,6.6592592592593,3,1,5,0,32,33,0
865335,Liga Portugal,22,21,1783,2,0,1.667,1.03406637,6.7863636363636,5,2,4,0,64,23,0
1111880,Liga Portugal,20,17,1465,2,2,0.4158,1.11860734,6.555,12,4,4,0,16,27,0
584158,Liga Portugal,11,6,615,0,0,0.1118,0.09229984,6.82,2,0,3,0,13,20,0
1394935,Liga Portugal,29,29,2610,0,0,0.1494,0.10117238,7.0448275862069,1,0,1,0,3,0,99
1185986,Liga Portugal,24,14,1242,2,0,3.0673,1.32423016,6.5833333333333,39,11,0,0,14,14,0
126076,Liga Portugal,26,24,1967,4,1,2.9384,1.08357692,6.8461538461538,32,10,5,0,8,5,0
1003071,Liga Portugal,23,9,966,3,0,2.8513,0.63520783,6.6772727272727,24,9,0,0,17,2,0
44685,Liga Portugal,20,1,381,4,1,4.3817,0.12894244,6.6894736842105,20,10,2,0,4,3,0
1900362,Liga Portugal,20,5,633,1,2,1.3949,0.9641008,6.62,12,6,2,0,24,9,0
1046440,Liga Portugal,12,12,962,0,0,0.1759,0.19931939,6.7,10,2,1,0,21,15,0
1067648,Liga Portugal,23,18,1632,2,2,2.4002,1.56973245,6.6565217391304,37,9,3,0,46,10,0
1133063,Liga Portugal,30,24,2097,1,2,2.0426,2.12823017,6.5172413793103,44,11,1,0,16,13,0
796139,Liga Portugal,4,3,194,0,0,0.0408,0.14498064,6.55,2,1,1,0,1,0,0
1018546,Liga Portugal,12,2,434,0,0,0.0578,0.01976264,6.675,2,0,3,0,17,2,0
1006114,Liga Portugal,18,13,1162,0,0,0.3508,0.62391439,6.75,6,3,4,0,37,8,0
966219,Liga Portugal,20,14,1013,1,0,0.7247,0.60804323,6.6421052631579,11,3,0,0,29,2,0
344199,Liga Portugal,9,9,782,0,0,0.1138,1.01812952,6.0444444444444,3,2,3,1,8,8,0
1067320,Liga Portugal,22,22,1805,0,0,0.1661,0.18348347,6.3090909090909,4,1,6,1,18,30,0
988778,Liga Portugal,22,13,1174,0,1,0.0978,0.61707779,6.5681818181818,6,1,6,0,29,16,0
129617,Liga Portugal,16,12,1018,0,0,0.4039,0.19726718,6.9133333333333,12,1,2,0,23,12,0
1176165,Liga Portugal,14,12,1076,0,0,0.0217,0.27861,6.5571428571429,1,0,1,2,26,10,0
324345,Liga Portugal,26,17,1540,0,0,0.3643,1.19099768,6.5115384615385,11,0,2,0,40,22,0
584116,Liga Portugal,14,9,894,0,0,0.289,0.4212893,6.3714285714286,4,0,3,0,12,8,0
929688,Liga Portugal,10,10,830,0,0,0.1122,0.13609636,6.53,4,0,2,0,21,11,0
964173,Liga Portugal,5,3,318,0,0,,0.04913236,6.64,0,0,0,0,9,2,0
1106840,Liga Portugal,13,13,1170,0,1,0.0484,0.0576421,7.2846153846154,1,0,0,0,1,0,47
981817,Liga Portugal,11,11,990,0,0,,0.01995976,6.5090909090909,0,0,2,0,0,0,28
822471,Super Lig,19,16,1449,12,4,12.8432,1.58007148,7.0526315789474,76,34,6,0,13,7,0
233114,Super Lig,28,11,1224,14,0,10.3959,1.16854415,6.8714285714286,57,25,1,0,0,1,0
875136,Super Lig,9,6,531,0,2,0.8401,1.66568742,6.9222222222222,13,4,1,0,4,2,0
45853,Super Lig,20,13,1211,2,3,2.1464,2.10654611,7.045,11,2,1,0,21,12,0
293519,Super Lig,24,23,2001,7,5,5.8974,6.09723215,7.2125,44,13,1,1,30,11,0
913593,Super Lig,27,21,1840,5,4,2.4798,6.48445388,7.1814814814815,35,13,1,0,28,16,0
904096,Super Lig,27,24,2095,7,10,7.3217,4.52779431,7.0555555555556,52,22,6,0,19,3,0
307284,Super Lig,24,17,1466,1,0,2.4088,0.87187514,6.9333333333333,20,7,6,0,27,27,0
1092769,Super Lig,7,1,164,0,0,0.9364,0.31712883,6.65,8,1,0,0,0,2,0
857738,Super Lig,25,20,1586,6,9,5.5859,5.06006646,7.1958333333333,33,10,0,0,19,10,0
754794,Super Lig,27,25,1999,2,4,0.9905,1.52622839,7.0666666666667,21,7,4,0,47,17,0
906049,Super Lig,9,0,86,0,1,0.3298,0.32546338,6.5,6,1,0,0,3,1,0
2119726,Super Lig,2,0,40,1,0,0.8549,0.01603231,7.1,1,1,0,0,2,0,0
1417051,Super Lig,1,0,1,0,0,0.0929,0.0201447,0,1,0,0,0,1,0,0
980418,Super Lig,9,5,476,1,0,0.2633,0.1402659,6.7444444444444,3,2,0,0,18,2,0
566102,Super Lig,27,26,2154,1,0,1.1966,0.82557887,7.1333333333333,14,3,5,1,46,21,0
978285,Super Lig,16,10,837,2,1,0.8389,0.90954882,6.9533333333333,10,2,2,0,17,14,0
355088,Super Lig,26,23,2082,1,3,2.695,2.8287269,7,32,11,4,1,41,24,0
897291,Super Lig,21,12,1059,0,1,0.3381,1.17750352,6.7571428571429,6,0,1,0,20,8,0
178963,Super Lig,27,27,2292,0,1,1.8215,1.54097476,7.1592592592593,20,3,4,1,37,26,0
981483,Super Lig,22,15,1409,3,0,1.2148,2.08686086,6.9227272727273,11,4,3,0,28,11,0
138152,Super Lig,17,1,324,0,0,0.2782,0.0941453,6.80625,4,0,1,0,9,4,0
997155,Super Lig,2,0,24,0,0,,0.0008143,6.75,0,0,0,0,1,1,0
1464636,Super Lig,7,0,131,0,0,0.0581,0.00513989,6.6,1,0,0,0,3,1,0
754330,Super Lig,27,27,2430,0,0,,0.1101913,7.1555555555556,0,0,3,0,0,0,75
103457,Super Lig,7,7,630,0,0,,0.00636665,7.1,0,0,2,0,0,0,13
903324,Super Lig,25,20,1623,6,5,5.3776,4.05724689,6.988,34,18,3,0,20,9,0
1102788,Super Lig,24,15,1394,9,3,5.5261,2.10591132,7.0625,31,17,3,0,25,20,0
1514916,Super Lig,10,6,547,2,0,2.317,0.2373684,6.56,11,9,0,0,2,0,0
234148,Super Lig,10,9,784,2,0,0.2869,0.74094909,7.16,7,2,2,0,30,15,0
361004,Super Lig,24,22,1876,11,12,6.0889,4.43821765,7.3416666666667,66,25,2,0,14,10,0
329245,Super Lig,27,21,1729,16,4,13.6313,1.71858776,7.1296296296296,100,39,2,0,8,9,0
243623,Super Lig,27,12,1211,0,2,2.0428,2.32518392,7,35,10,2,0,37,17,0
847151,Super Lig,11,10,767,0,1,0.7075,0.30081602,6.84,10,5,4,0,28,17,0
852404,Super Lig,13,13,1163,1,1,0.7345,1.4196855,7.4461538461538,12,2,3,0,14,12,0
999396,Super Lig,18,4,513,0,1,0.5332,2.1504862,6.7333333333333,9,4,1,0,10,2,0
952600,Super Lig,26,17,1540,1,1,1.4049,1.40704831,6.9,24,5,5,0,68,18,0
979473,Super Lig,28,21,1783,5,4,6.5752,3.4363922,6.8428571428571,49,13,3,0,18,1,0
187205,Super Lig,23,23,2025,2,0,1.1404,0.39593241,7.1652173913043,17,4,6,0,39,16,0
252821,Super Lig,22,22,1674,1,2,0.3002,1.27888735,6.9272727272727,12,2,7,0,44,25,0
758608,Super Lig,8,7,592,0,1,0.1614,0.23674807,7.125,2,0,0,0,15,4,0
1009738,Super Lig,22,15,1363,2,2,1.5761,1.61912318,6.9909090909091,19,5,3,0,34,9,0
1048324,Super Lig,27,26,2311,0,0,1.3702,0.67441353,6.8814814814815,13,3,8,1,31,24,0
836683,Super Lig,21,10,1122,1,1,1.1012,1.26129819,6.655,10,2,3,0,38,16,0
1085938,Super Lig,17,11,1019,0,3,0.3499,1.71066469,6.8529411764706,11,1,1,0,24,15,0
1133200,Super Lig,12,5,582,0,0,0.5076,0.21630917,6.9454545454545,8,0,2,0,16,10,0
254491,Super Lig,23,23,2070,0,0,,0.06363647,6.9521739130435,0,0,6,0,0,0,53
39573,Super Lig,9,9,810,0,0,,0.00792481,6.5222222222222,0,0,1,0,0,0,16
913985,Super Lig,2,2,180,0,0,,0.00363952,7.45,0,0,1,0,0,0,9
295123,Super Lig,26,25,2239,22,2,16.0285,1.39651313,7.2423076923077,76,41,5,0,5,1,0
1106681,Super Lig,29,24,2006,12,0,7.7303,1.36602605,6.8758620689655,57,28,1,0,24,11,0
284767,Super Lig,28,20,1849,8,2,6.4232,2.08449041,6.962962962963,49,18,2,0,4,2,0
1888002,Super Lig,21,21,1817,2,4,1.0386,2.28076605,7.1571428571429,22,6,8,0,46,19,0
924670,Super Lig,24,19,1668,10,3,7.3359,4.13869708,7.1458333333333,68,25,3,0,17,8,0
251907,Super Lig,21,12,1144,1,2,0.6076,1.48241216,6.9,11,4,3,0,23,13,0
1046446,Super Lig,13,3,334,0,0,0.149,0.18494667,6.6416666666667,4,1,0,1,6,3,0
353282,Super Lig,27,23,2027,3,6,3.853,6.52794287,7.2481481481481,69,16,1,0,28,9,0
109779,Super Lig,9,2,188,0,0,0.3478,0.35072309,6.6666666666667,8,2,0,0,2,0,0
139455,Super Lig,12,4,405,0,2,0.9613,0.31816678,6.52,7,1,1,0,3,2,0
97967,Super Lig,22,10,898,1,0,0.3309,0.74112397,6.6882352941176,6,3,1,1,10,8,0
1133715,Super Lig,11,6,499,0,1,0.0074,0.1897694,6.6090909090909,1,0,1,0,11,10,0
1106446,Super Lig,25,25,2150,0,3,0.7903,1.41926259,6.908,11,1,4,0,56,27,0
1974312,Super Lig,1,0,1,0,0,,2.642e-05,0,0,0,0,0,0,0,0
76265,Super Lig,22,20,1757,1,1,0.8841,1.22784696,7.1571428571429,6,2,3,0,15,18,0
981395,Super Lig,24,24,2115,0,2,1.0471,0.64224875,7.2333333333333,9,3,1,0,47,32,0
1481134,Super Lig,13,12,1040,3,1,1.5048,0.47128338,7.3833333333333,12,5,0,0,27,21,0
899069,Super Lig,27,25,2197,0,4,1.4218,2.21096026,6.9518518518519,36,7,5,0,39,15,0
1513625,Super Lig,28,25,2184,0,6,0.3478,3.25869094,6.8814814814815,9,3,3,1,54,20,0
1499364,Super Lig,6,0,36,0,0,,0.01836889,6.75,0,0,0,0,3,2,0
787498,Super Lig,26,26,2340,0,1,,0.06755691,7.1153846153846,0,0,3,0,0,0,71
982615,Super Lig,18,16,1366,5,4,6.1202,1.43752019,6.8055555555556,36,19,4,1,17,4,0
1010634,Super Lig,10,10,890,6,1,2.9421,0.58332465,7.24,25,12,1,0,2,3,0
758876,Super Lig,25,12,1063,5,3,5.6628,2.97513873,6.84,38,17,2,0,11,7,0
1524303,Super Lig,14,1,291,1,0,1.2656,0.0383234,6.5692307692308,5,3,2,0,6,3,0
1011895,Super Lig,15,4,441,3,0,2.0278,1.31083404,6.8,24,8,1,0,7,5,0
907461,Super Lig,26,26,2205,7,7,5.8989,7.4180097,7.5653846153846,77,28,5,2,29,8,0
787885,Super Lig,22,21,1844,2,0,2.1124,1.08488884,6.8772727272727,26,7,4,0,57,36,0
1124357,Super Lig,27,20,1804,4,1,5.3526,3.09132128,6.9111111111111,61,21,2,0,21,15,0
996820,Super Lig,10,8,628,1,1,1.4095,0.26487992,6.5,14,1,0,1,8,6,0
800411,Super Lig,24,7,926,1,3,1.8098,2.3234672,6.7833333333333,21,5,1,0,17,3,0
280631,Super Lig,26,24,1851,4,8,7.1395,3.81481707,6.7846153846154,59,24,1,0,15,10,0
135695,Super Lig,17,4,472,0,0,0.4938,0.14607495,6.6733333333333,5,1,3,0,18,8,0
966811,Super Lig,13,5,545,0,1,0.2515,0.91048152,6.8230769230769,7,1,2,0,14,6,0
2273226,Super Lig,4,2,164,0,0,0.174,0.03309635,6.5333333333333,4,1,0,0,2,1,0
839493,Super Lig,10,9,777,1,1,0.8185,0.70366668,6.7,11,3,4,0,11,5,0
1013842,Super Lig,9,9,810,1,1,0.3443,0.57858378,7.1111111111111,8,3,3,0,17,11,0
892735,Super Lig,16,14,1300,1,0,0.9003,0.14819655,6.775,8,2,4,0,18,21,0
895009,Super Lig,19,18,1567,1,0,0.6957,1.07906288,7,13,5,8,0,45,28,0
910086,Super Lig,22,21,1895,0,0,0.8257,0.93089479,6.7227272727273,10,1,3,0,42,21,0
792142,Super Lig,14,11,1034,0,0,0.2306,0.19780855,7.0230769230769,4,3,4,0,24,19,0
43394,Super Lig,2,1,81,0,0,,0.0057644,6.45,0,0,1,0,1,4,0
1418644,Super Lig,5,3,274,0,0,0.1014,0.11997445,6.4,1,1,0,0,8,2,0
595396,Super Lig,20,17,1575,0,0,0.2245,1.60803353,6.5789473684211,8,1,5,0,42,22,0
913656,Super Lig,22,22,1980,0,0,,0.01885209,6.8863636363636,0,0,4,0,0,0,61
791355,Super Lig,30,30,2584,18,4,13.0711,2.91610602,7.1433333333333,87,43,0,0,23,3,0
1382235,Super Lig,16,2,408,6,1,3.0827,0.2634148,6.99375,13,8,2,0,5,3,0
187437,Super Lig,20,14,1053,8,0,5.975,0.6196341,6.81,26,13,3,1,2,2,0
209374,Super Lig,24,8,850,3,1,3.4637,1.11158745,6.6913043478261,26,6,3,0,13,7,0
916182,Super Lig,24,7,827,4,1,1.6848,3.22586413,6.9217391304348,22,9,0,0,4,6,0
1118429,Super Lig,18,13,1015,2,2,3.8115,2.75358655,6.8777777777778,28,11,4,0,28,7,0
827522,Super Lig,20,16,1285,1,3,1.9056,2.50322749,6.92,24,5,2,0,14,13,0
1019026,Super Lig,13,4,536,0,1,0.3846,1.28834469,6.8538461538462,7,4,2,0,10,6,0
280447,Super Lig,25,22,1938,0,3,2.7831,2.56426481,6.856,35,7,4,0,32,8,0
896364,Super Lig,18,15,1241,0,5,1.9245,5.59160748,7.1277777777778,31,13,1,0,10,4,0
972410,Super Lig,17,10,967,0,5,2.445,1.65485031,6.8058823529412,12,3,3,0,14,7,0
876857,Super Lig,17,10,924,0,0,0.4616,0.42190704,6.975,7,1,2,0,13,13,0
876782,Super Lig,26,23,1875,1,0,0.8474,0.59381377,6.7769230769231,9,2,3,0,28,21,0
893009,Super Lig,15,3,304,0,1,0.2406,0.770521,6.7,4,1,1,0,9,3,0
1008884,Super Lig,15,6,788,0,2,0.2641,1.2921585,6.7133333333333,7,3,4,0,25,8,0
920514,Super Lig,29,28,2515,0,1,1.2509,0.89855993,6.8551724137931,16,2,8,0,20,32,0
858977,Super Lig,22,22,1824,0,4,0.5108,1.61445989,6.95,13,2,3,0,30,24,0
983059,Super Lig,14,9,695,0,0,0.0364,0.29426373,6.5692307692308,1,0,2,2,35,12,0
142494,Super Lig,16,9,919,0,1,0.244,1.37319592,6.69375,6,1,1,0,20,9,0
839982,Super Lig,23,23,2070,0,1,0.7318,0.51071792,7.004347826087,10,2,4,0,32,21,0
889430,Super Lig,13,8,856,0,0,0.2047,0.11652588,6.7076923076923,4,0,4,1,10,17,0
1562294,Super Lig,4,1,126,0,0,,0.00368458,6.775,0,0,0,0,2,3,0
103912,Super Lig,22,18,1536,2,0,1.2459,1.17915983,6.7227272727273,10,4,4,0,18,8,0
827418,Super Lig,29,29,2610,0,1,,0.59695402,7.3310344827586,0,0,0,0,2,0,92
1009928,Super Lig,28,26,2230,9,4,7.689,5.19357742,6.9142857142857,48,25,3,1,23,7,0
1462989,Super Lig,29,27,2224,6,3,7.7604,2.4068345,6.5965517241379,64,22,7,0,24,2,0
1631434,Super Lig,10,2,193,0,0,0.071,0.6759261,6.5375,1,0,1,0,2,2,0
1464661,Super Lig,12,3,368,1,0,2.0406,1.33900491,6.5166666666667,22,9,3,0,1,0,0
1103597,Super Lig,29,21,1985,2,2,3.1621,1.5947563,6.8344827586207,25,5,8,0,49,40,0
935556,Super Lig,9,4,406,0,1,0.7817,0.58924009,6.7,11,2,1,0,18,5,0
1094487,Super Lig,30,30,2646,0,4,0.6354,3.44959244,6.7366666666667,20,5,1,0,51,14,0
1484438,Super Lig,28,26,2243,3,0,1.0755,0.7704753,6.7821428571429,22,6,8,0,52,32,0
1063395,Super Lig,27,23,2078,3,1,2.1008,1.87405441,6.9307692307692,17,4,5,0,46,41,0
865516,Super Lig,9,4,371,1,0,0.6637,0.36715685,6.7,7,3,1,0,10,6,0
800458,Super Lig,25,14,1083,3,3,2.1276,2.71327042,6.7708333333333,27,7,3,0,13,5,0
1105505,Super Lig,7,0,107,0,0,0.0391,0.09038919,6.4833333333333,1,1,0,0,0,1,0
43605,Super Lig,9,0,78,0,0,0.0415,0.02137655,6.475,1,1,0,1,3,0,0
903999,Super Lig,13,7,560,0,1,0.161,0.39689516,6.7272727272727,4,0,1,0,7,6,0
1122632,Super Lig,26,26,2289,3,0,2.1618,0.71959093,6.7423076923077,15,5,8,1,16,27,0
922725,Super Lig,29,29,2610,0,1,2.7207,0.28358072,6.8068965517241,38,8,8,0,28,23,0
1101279,Super Lig,24,13,1204,1,0,0.4821,0.38077877,6.7736842105263,11,3,0,0,14,24,0
987088,Super Lig,24,17,1628,0,2,1.0727,0.44731891,6.8454545454545,8,2,2,0,30,29,0
995383,Super Lig,6,0,47,0,0,,0.01050503,6.675,0,0,0,0,2,0,0
1003161,Super Lig,9,4,351,0,0,0.0402,0.01418754,6.6375,1,1,2,0,5,3,0
798375,Super Lig,30,30,2700,0,0,,0.22005332,7.0433333333333,0,0,2,0,0,1,80
868268,Super Lig,21,14,1253,5,1,5.037,1.07919605,6.6714285714286,27,10,2,1,13,0,0
943593,Super Lig,30,18,1695,6,0,7.0441,1.25787652,6.6266666666667,42,15,3,0,5,3,0
929631,Super Lig,11,5,533,0,1,1.5648,1.16933636,6.7636363636364,21,3,0,0,14,3,0
2216420,Super Lig,1,0,8,0,0,,0.0006982,6.4,0,0,0,0,0,0,0
2237105,Super Lig,3,1,83,0,0,0.0199,0.06030272,6.35,1,0,1,0,1,1,0
352676,Super Lig,22,18,1485,1,1,3.3139,1.35642617,6.8714285714286,40,10,3,0,10,10,0
837012,Super Lig,27,25,2248,8,2,5.791,2.34722065,6.8962962962963,51,21,1,0,53,18,0
855672,Super Lig,6,1,156,1,1,0.3015,0.6074232,6.9333333333333,6,3,1,0,4,1,0
920391,Super Lig,28,21,2019,1,1,0.8425,3.61830088,6.9740740740741,12,3,6,0,29,13,0
954060,Super Lig,10,7,583,1,0,1.0375,0.68384342,6.67,15,4,3,0,13,2,0
1514452,Super Lig,6,5,368,1,0,0.6444,0.3442663,6.65,8,2,0,0,5,4,0
202032,Super Lig,16,14,1195,1,5,2.0842,2.4700564,6.8125,22,6,6,0,28,3,0
806972,Super Lig,20,14,1154,0,1,0.577,1.93114584,6.77,18,2,2,0,43,18,0
945548,Super Lig,27,18,1466,0,3,2.2641,2.31814064,6.6615384615385,17,7,7,0,25,11,0
1133258,Super Lig,24,8,983,0,1,0.3004,0.5648785,6.5625,7,1,3,1,15,9,0
803023,Super Lig,28,28,2520,2,1,1.7772,1.38601714,7.0642857142857,18,3,5,0,39,24,0
187231,Super Lig,23,23,1972,0,1,0.259,1.01198204,6.7130434782609,5,0,1,0,27,18,0
886843,Super Lig,16,9,983,1,0,0.7176,0.32204983,6.7133333333333,2,1,2,0,20,13,0
858266,Super Lig,27,24,2085,1,4,0.8066,3.01442468,6.7962962962963,17,5,5,0,37,18,0
140735,Super Lig,25,24,1947,0,1,0.3388,2.80091861,6.784,11,3,3,0,37,22,0
1063325,Super Lig,18,7,624,0,0,0.0563,0.15347885,6.6785714285714,3,1,4,0,24,13,0
2430541,Super Lig,3,1,104,0,0,0.095,0.26307659,6.7,2,1,0,0,3,3,0
867727,Super Lig,14,6,662,0,0,0.1605,0.98116185,6.6714285714286,6,3,2,0,14,3,0
594618,Super Lig,5,5,450,0,0,,0.00520677,6.54,0,0,0,0,0,0,6
190179,Super Lig,28,28,2520,0,0,,0.02312462,6.825,0,0,3,0,2,0,61
943278,Super Lig,8,0,99,0,0,0.4577,0.01061834,6.4571428571429,4,1,0,0,0,0,0
238394,Super Lig,28,22,1957,6,4,11.5021,0.32630439,6.575,42,13,2,0,6,3,0
930775,Super Lig,17,7,810,1,0,1.3273,1.05883515,6.6411764705882,16,2,4,0,7,4,0
1144096,Super Lig,9,4,417,1,2,1.1486,0.57213384,6.8666666666667,9,7,0,0,4,5,0
1480663,Super Lig,16,6,555,1,2,0.8171,1.14726099,6.6428571428571,15,5,1,0,13,2,0
925242,Super Lig,19,12,1110,5,3,2.1011,1.41083602,6.8052631578947,32,13,3,0,7,3,0
1110708,Super Lig,18,13,1017,2,2,1.5004,1.39585461,6.8444444444444,29,5,4,0,8,2,0
284395,Super Lig,28,28,2333,6,8,4.6563,4.65573728,7.0071428571429,50,14,4,1,38,18,0
1008173,Super Lig,24,21,1768,1,1,0.9075,1.37209429,6.8416666666667,20,5,3,0,37,16,0
190197,Super Lig,25,12,1062,0,0,0.4105,0.36225987,6.6521739130435,10,3,4,0,20,16,0
1134586,Super Lig,20,7,787,0,0,0.4297,0.56592459,6.6333333333333,11,2,1,0,19,6,0
856988,Super Lig,27,21,1713,1,0,2.2525,0.3442313,6.5769230769231,20,2,6,1,47,24,0
991742,Super Lig,23,5,721,1,0,1.437,0.93167132,6.6565217391304,13,6,3,0,14,2,0
1016393,Super Lig,26,17,1593,2,0,1.6049,2.21663154,6.7730769230769,23,7,1,0,43,15,0
1121174,Super Lig,7,5,427,0,0,0.1318,0.29237612,6.6333333333333,4,1,4,0,3,12,0
863600,Super Lig,27,27,2400,3,1,1.749,0.81323359,7.0444444444444,17,7,9,1,52,60,0
904759,Super Lig,17,15,1282,1,0,0.5231,0.4078047,6.8529411764706,6,2,5,0,34,20,0
889382,Super Lig,21,15,1438,2,0,1.4882,0.2217017,6.6631578947368,4,2,3,0,27,7,0
1091815,Super Lig,11,8,764,0,0,0.1774,0.04054889,6.5545454545455,3,0,2,0,11,16,0
1394729,Super Lig,25,19,1773,1,0,0.5662,2.2650758,6.7708333333333,8,4,4,0,33,21,0
281233,Super Lig,28,28,2375,0,1,0.7824,2.30650444,6.7178571428571,14,2,5,0,37,28,0
1822943,Super Lig,1,0,11,0,0,,4.19e-06,6.1,0,0,0,0,0,1,0
877977,Super Lig,23,23,2070,0,1,,0.0317769,6.8695652173913,0,0,2,0,1,1,75
1066726,Super Lig,7,7,630,0,0,,0.01255297,6.7428571428571,0,0,3,0,0,0,22
927649,Super Lig,27,23,2062,6,3,7.4785,1.41330287,6.8666666666667,66,24,4,0,30,19,0
804405,Super Lig,11,7,660,5,0,4.2376,0.32475665,6.7181818181818,16,12,4,0,5,1,0
980612,Super Lig,13,0,223,1,1,0.2176,0.3019881,6.7416666666667,5,3,1,0,6,0,0
992912,Super Lig,19,11,1053,0,1,0.7322,0.8356784,6.7555555555556,12,4,3,0,15,10,0
355024,Super Lig,29,21,1903,5,3,5.3701,4.60605182,6.8758620689655,52,18,2,1,24,11,0
1004346,Super Lig,28,23,1814,0,1,2.3075,1.69487567,6.6321428571429,40,13,1,0,22,6,0
357746,Super Lig,5,1,132,2,0,1.103,0.31370594,7.275,2,2,0,0,5,1,0
1019710,Super Lig,17,10,908,0,1,0.3929,0.82472648,6.6823529411765,10,3,4,0,30,8,0
988637,Super Lig,8,1,168,0,0,0.3644,0.54726035,6.6166666666667,6,2,0,0,2,0,0
252207,Super Lig,23,16,1361,1,2,1.236,4.84583818,6.9391304347826,20,7,9,0,22,8,0
1015939,Super Lig,15,6,676,1,0,1.3949,1.06956694,6.75,15,5,0,0,19,4,0
327053,Super Lig,7,2,161,0,0,0.1356,0.29277051,6.5333333333333,2,0,0,0,1,0,0
921358,Super Lig,26,13,1210,0,3,0.929,1.6542014,6.6423076923077,8,1,4,0,16,8,0
310068,Super Lig,18,11,1009,0,0,1.0518,0.39744962,6.7647058823529,11,3,3,0,21,17,0
998462,Super Lig,27,25,2113,1,1,0.9289,2.27280652,6.8851851851852,22,5,2,0,55,15,0
859546,Super Lig,1,0,1,0,0,,0.0009492,0,0,0,0,0,0,0,0
2166295,Super Lig,2,0,9,0,0,,0.00894809,6.7,0,0,0,0,0,0,0
1108094,Super Lig,7,5,516,0,0,0.0922,0.10521555,7.1,3,0,2,1,6,5,0
227196,Super Lig,12,8,723,0,0,0.0972,0.07657641,6.55,2,0,4,0,9,5,0
929739,Super Lig,6,1,225,0,0,,0.00808466,6.75,0,0,0,0,5,3,0
605548,Super Lig,27,26,2343,1,4,1.0979,3.37781861,6.8148148148148,27,7,3,0,35,17,0
224112,Super Lig,22,21,1860,0,1,0.3908,2.68169707,6.6454545454545,12,1,3,0,33,24,0
787949,Super Lig,22,22,1918,2,2,1.6803,1.18167782,7.0227272727273,10,2,8,0,25,36,0
1138095,Super Lig,21,8,902,0,0,0.7456,0.5501701,6.647619047619,5,0,3,0,40,9,0
904303,Super Lig,23,21,1814,0,1,1.2284,0.65506124,6.8217391304348,15,2,9,0,39,35,0
172331,Super Lig,8,2,298,0,0,,0.0384398,6.375,0,0,1,0,2,5,0
796555,Super Lig,9,3,347,0,0,,0.0467198,6.8,0,0,0,0,6,4,0
1981253,Super Lig,3,2,157,0,0,0.0393,0.02185107,6.4333333333333,1,0,0,0,3,3,0
1195772,Super Lig,9,9,810,0,1,,0.01432216,6.8777777777778,0,0,3,0,0,0,25
807289,Super Lig,21,21,1890,0,0,,0.04817866,6.852380952381,0,0,3,0,0,2,49
309306,Super Lig,18,15,1337,7,0,5.3739,0.77711204,6.8888888888889,25,12,2,0,12,2,0
123917,Super Lig,24,14,1296,6,1,5.8966,0.66816461,6.7380952380952,34,10,3,0,5,0,0
793227,Super Lig,27,19,1815,4,0,4.0681,0.97532861,6.6259259259259,44,16,0,0,8,4,0
918408,Super Lig,22,7,715,0,1,0.6188,1.16074625,6.5238095238095,14,4,2,1,9,6,0
815131,Super Lig,1,0,1,0,0,,,0,0,0,0,0,0,0,0
1129463,Super Lig,4,0,33,0,0,,0.0014482,6.4666666666667,0,0,1,0,0,0,0
2492573,Super Lig,1,0,20,0,0,,0.0748912,6.3,0,0,0,0,0,0,0
189135,Super Lig,24,18,1494,0,2,1.7636,1.82078784,6.6583333333333,22,10,6,0,31,19,0
933115,Super Lig,27,22,2057,0,0,0.5372,1.32918352,6.7703703703704,17,2,8,1,42,23,0
1149138,Super Lig,21,11,968,0,0,0.2732,1.24664089,6.652380952381,8,1,3,0,18,11,0
1156644,Super Lig,5,2,227,0,0,0.0296,0.01384941,6.58,1,0,0,0,4,4,0
1082953,Super Lig,24,21,1793,1,2,0.6147,1.71862583,6.8416666666667,20,2,3,0,36,15,0
876345,Super Lig,23,11,951,0,3,2.1235,1.74055989,6.6409090909091,18,4,2,0,15,6,0
255957,Super Lig,26,22,1960,5,2,4.3776,2.06867035,6.6576923076923,43,18,5,0,31,15,0
837742,Super Lig,18,11,969,1,1,1.6989,0.8094053,6.45,10,2,3,0,16,10,0
789102,Super Lig,12,3,280,0,0,0.1869,0.05834891,6.3111111111111,4,0,0,1,6,4,0
286087,Super Lig,1,1,22,0,0,,0.00041079,6.5,0,0,0,0,0,0,0
983510,Super Lig,21,18,1657,0,0,0.4412,0.57342899,6.8619047619048,5,0,6,0,26,25,0
974582,Super Lig,23,23,1959,1,1,0.8801,0.76357006,7.0391304347826,14,5,2,0,30,30,0
143344,Super Lig,19,17,1457,0,1,0.5187,1.38561763,6.7947368421053,8,3,5,0,22,20,0
869199,Super Lig,28,24,2327,0,0,0.149,0.34519914,6.7,4,0,2,0,44,21,0
603902,Super Lig,24,21,1910,0,2,0.1462,1.6543529,7,10,2,8,0,58,39,0
957582,Super Lig,10,4,417,0,0,0.1875,0.41491722,6.7,1,0,2,0,11,4,0
800971,Super Lig,18,18,1575,0,0,,0.03492772,6.7777777777778,0,0,3,0,0,0,32
60317,Super Lig,10,9,855,0,0,,0.02074682,6.97,0,0,1,0,0,1,21
1102775,Super Lig,3,3,270,0,0,,0.00540488,7.4333333333333,0,0,0,0,0,0,9
909318,Super Lig,24,23,1947,13,3,11.7595,1.17523212,6.9333333333333,58,27,1,0,9,1,0
841199,Super Lig,20,13,1151,0,1,1.949,1.32941723,6.515,31,8,3,0,25,8,0
883355,Super Lig,24,17,1518,2,2,2.5427,2.63956877,6.8409090909091,39,14,6,0,20,5,0
2161813,Super Lig,1,0,34,0,0,0.0315,0.00043802,6.9,1,0,0,0,1,2,0
2405904,Super Lig,1,0,12,0,0,,2.713e-05,6.1,0,0,1,0,0,0,0
984602,Super Lig,26,25,2211,6,1,3.9803,2.06223674,6.9653846153846,35,15,5,0,28,3,0
180511,Super Lig,28,27,2247,5,7,5.2862,5.85868897,7.1607142857143,38,11,6,0,23,12,0
797602,Super Lig,20,11,1115,2,1,2.7598,1.04931308,6.7,30,8,2,0,18,5,0
958167,Super Lig,22,17,1435,3,6,4.1395,2.93816219,6.9714285714286,49,19,5,1,16,9,0
1130113,Super Lig,17,5,613,1,0,1.1102,0.10200967,6.4235294117647,13,5,6,0,9,9,0
1528256,Super Lig,12,5,542,0,1,0.6847,0.75410086,6.6,8,3,0,0,9,5,0
1632791,Super Lig,6,0,95,0,0,0.0196,0.00693136,6.475,1,0,0,0,4,1,0
828872,Super Lig,24,18,1505,1,1,0.1979,0.24262921,6.7125,4,2,8,0,56,34,0
859783,Super Lig,19,13,1147,0,0,0.039,0.90354925,6.7052631578947,2,0,4,0,19,15,0
858004,Super Lig,25,22,2037,0,1,0.0213,0.37890857,6.604,1,1,4,0,24,19,0
851909,Super Lig,19,16,1336,0,0,0.7332,0.06520564,6.6111111111111,7,1,4,0,20,32,0
843180,Super Lig,22,20,1648,0,1,0.1313,2.70631668,6.8409090909091,6,1,2,0,40,21,0
555422,Super Lig,19,16,1475,1,1,1.2843,0.39958643,6.7947368421053,8,2,2,1,23,12,0
234232,Super Lig,23,21,1863,2,2,0.6554,1.35062588,6.8173913043478,24,7,7,1,63,37,0
169425,Super Lig,11,10,875,0,0,0.2316,0.37115554,6.7727272727273,4,1,4,1,31,34,0
904228,Super Lig,21,19,1499,1,0,0.8847,0.42979393,6.5714285714286,10,4,8,0,25,26,0
940367,Super Lig,1,1,35,0,0,,0.00024271,6,0,0,0,0,0,1,0
934201,Super Lig,12,12,1054,0,2,,0.01297361,6.6083333333333,0,0,2,1,0,0,38
930907,Super Lig,17,17,1530,0,0,,0.03835341,6.7235294117647,0,0,3,0,0,0,60
862078,Super Lig,18,5,531,0,0,0.5087,0.47279413,6.4764705882353,10,6,0,0,5,4,0
756344,Super Lig,23,16,1354,3,2,2.0131,2.33866948,6.8826086956522,36,11,4,0,19,5,0
345035,Super Lig,20,5,648,2,0,3.7378,0.53684915,6.58,26,8,3,0,11,1,0
791314,Super Lig,29,26,2156,4,6,3.3564,1.46641251,6.6655172413793,39,14,2,0,10,5,0
826162,Super Lig,24,11,907,7,0,3.626,0.47655254,6.7217391304348,25,11,2,0,2,6,0
996405,Super Lig,26,9,1007,5,1,2.6194,0.95934359,6.8166666666667,30,12,2,0,7,5,0
1002146,Super Lig,18,13,1196,1,1,0.8173,1.3715274,6.8722222222222,19,2,3,1,23,2,0
354860,Super Lig,25,21,1852,5,7,2.1287,3.34620584,7.14,18,10,4,0,19,7,0
847013,Super Lig,29,29,2418,1,0,1.2915,1.92199494,6.7413793103448,23,4,6,0,30,28,0
1400494,Super Lig,25,23,1982,1,0,1.7787,1.47042764,6.872,35,15,3,0,35,23,0
1084884,Super Lig,11,10,908,1,1,1.534,1.03878919,6.6181818181818,7,4,1,0,14,9,0
60510,Super Lig,17,5,526,0,0,,0.4053313,6.5882352941176,0,0,3,0,8,2,0
802150,Super Lig,23,15,1348,1,1,0.6933,1.80409501,6.8565217391304,18,4,2,0,22,19,0
826836,Super Lig,9,0,136,0,0,0.0954,0.02979928,6.625,2,0,0,0,6,3,0
897168,Super Lig,18,5,597,0,1,0.428,0.25345734,6.7,6,1,1,0,18,11,0
1215071,Super Lig,28,28,2489,1,2,1.3027,1.92422494,6.9464285714286,20,2,7,0,31,28,0
385296,Super Lig,27,27,2404,0,1,0.2347,0.57994515,6.9259259259259,8,2,10,0,34,41,0
1133301,Super Lig,29,29,2555,1,1,0.8822,0.79786164,6.8862068965517,17,3,6,0,23,21,0
804703,Super Lig,4,2,217,0,0,0.031,0.02402642,6.8,1,0,1,0,5,1,0
827922,Super Lig,16,7,708,0,0,0.435,0.35985766,6.69375,5,2,3,0,8,15,0
1388550,Super Lig,2,1,56,0,0,,0.04604579,6.6,0,0,0,0,0,0,0
1195735,Super Lig,1,0,1,0,0,,,0,0,0,0,0,0,0,0
34142,Super Lig,10,10,900,0,0,,0.00519034,6.86,0,0,3,0,0,0,21
105974,Super Lig,20,20,1800,0,0,,0.01019009,7.05,0,0,2,0,2,0,58
72127,Super Lig,15,4,457,1,1,0.643,0.41012991,6.6285714285714,8,1,3,0,1,1,0
928295,Super Lig,10,10,816,6,1,4.2276,0.64564854,6.95,23,11,0,0,8,3,0
988632,Super Lig,7,3,266,1,0,0.7946,0.28191115,6.8142857142857,6,1,2,0,10,1,0
880778,Super Lig,24,16,1547,5,0,4.958,0.61946845,6.5166666666667,38,14,3,1,15,4,0
1000187,Super Lig,8,3,285,0,0,0.1547,0.20562189,6.6,5,2,2,0,3,4,0
910091,Super Lig,22,5,730,0,0,1.04,1.0674163,6.5047619047619,25,2,4,0,20,6,0
828953,Super Lig,20,6,640,1,1,0.9923,1.06075483,6.6,12,2,0,0,7,2,0
226986,Super Lig,20,14,1303,2,3,1.9098,3.89125105,7.03,23,7,5,0,27,10,0
142619,Super Lig,23,21,1845,1,0,1.3252,3.00479271,7.0428571428571,23,7,4,2,61,24,0
1130115,Super Lig,9,4,395,0,0,0.3746,0.25448956,6.5666666666667,5,2,1,0,12,4,0
919225,Super Lig,25,24,2121,2,5,1.8481,3.14109803,6.756,21,4,5,1,16,22,0
254979,Super Lig,7,7,554,2,0,1.9277,0.83246598,7.1142857142857,18,6,2,0,18,4,0
796374,Super Lig,23,17,1638,1,2,1.5736,2.56380855,6.6739130434783,14,7,1,0,20,7,0
932856,Super Lig,28,28,2453,0,1,0.6503,0.68119723,6.7964285714286,20,2,7,0,69,33,0
110956,Super Lig,21,12,1073,0,1,0.73,1.44082048,6.6380952380952,14,3,5,2,8,9,0
880207,Super Lig,11,10,900,0,1,0.0925,0.04081045,6.7363636363636,1,0,4,0,9,8,0
2018238,Super Lig,17,15,1312,1,0,0.3042,0.08810372,6.86875,3,1,1,0,25,20,0
885683,Super Lig,27,24,2217,0,0,0.4404,0.30424298,6.7777777777778,6,1,5,0,29,21,0
931743,Super Lig,24,23,2016,0,1,0.1076,1.78284356,6.4708333333333,4,1,1,0,19,22,0
155998,Super Lig,25,24,2122,3,1,2.4086,1.53727825,6.788,26,8,6,0,46,22,0
190191,Super Lig,5,1,65,0,0,,0.0970337,6.675,0,0,0,0,0,1,0
124728,Super Lig,6,6,500,0,0,,0.35463549,6.8333333333333,0,0,3,0,17,5,0
1498789,Super Lig,2,0,22,0,0,,0.00026542,6.4,0,0,0,0,0,0,0
236746,Super Lig,30,30,2700,1,0,0.0084,0.10470292,6.86,1,1,3,0,1,1,78
966663,Super Lig,21,14,1453,4,0,1.9715,0.72601066,6.6666666666667,28,9,8,0,45,12,0
149796,Super Lig,25,19,1496,4,1,1.5182,1.54743808,6.8565217391304,31,17,1,0,15,8,0
797732,Super Lig,18,8,851,2,1,2.2501,0.42749415,6.71875,17,5,0,0,5,0,0
2266453,Super Lig,2,1,90,2,0,0.3333,0.00795904,7.75,3,3,1,0,2,0,0
1839258,Super Lig,1,0,1,0,0,,3.196e-05,0,0,0,0,0,0,1,0
826155,Super Lig,22,15,1132,0,1,1.2513,0.70177933,6.5681818181818,13,9,2,0,24,6,0
848385,Super Lig,21,14,1322,1,1,0.7746,0.45695841,6.7761904761905,16,5,2,0,33,8,0
186949,Super Lig,21,18,1480,1,5,0.4719,3.04462163,6.9428571428571,15,5,7,0,15,5,0
220155,Super Lig,27,25,2023,6,3,5.2849,2.31921496,6.7814814814815,33,12,3,1,32,17,0
1021269,Super Lig,27,18,1841,0,0,0.2986,0.48708648,6.7740740740741,6,2,4,0,46,28,0
2031279,Super Lig,4,3,182,0,0,,0.03300894,6.65,0,0,0,0,4,2,0
796114,Super Lig,17,6,648,0,2,2.249,0.5116101,6.50625,20,4,3,1,10,2,0
847782,Super Lig,24,22,1857,2,0,1.9199,0.31157946,6.6333333333333,20,8,8,0,29,20,0
233856,Super Lig,25,17,1576,1,1,0.9176,0.14502777,6.7583333333333,9,4,5,0,31,14,0
295495,Super Lig,14,13,1109,2,0,0.2232,0.11331176,6.7785714285714,6,3,3,0,8,5,0
285997,Super Lig,30,29,2607,0,0,0.3349,1.19144702,6.55,8,1,3,0,53,18,0
967214,Super Lig,29,22,2100,0,3,0.2674,1.68535802,6.751724137931,6,1,4,0,58,25,0
913994,Super Lig,17,13,1166,0,0,0.172,0.09414954,6.6882352941176,4,1,0,0,14,26,0
98276,Super Lig,21,21,1850,1,1,0.7712,0.4988539,6.8047619047619,9,3,4,0,36,22,0
142541,Super Lig,5,3,202,0,1,0.0234,0.18666035,6.66,1,0,3,0,3,6,0
1148625,Super Lig,20,5,590,0,3,0.5547,0.97696725,6.55625,4,0,1,0,6,6,0
790783,Super Lig,7,3,255,0,0,0.4747,0.00841529,6.7166666666667,1,1,1,0,2,3,0
217110,Super Lig,18,18,1620,0,0,,0.0151455,7.1111111111111,0,0,4,0,1,0,73
827515,Super Lig,12,12,1080,0,0,,0.0612335,6.5166666666667,0,0,0,0,0,0,32
822710,Super Lig,24,19,1560,6,0,4.2025,0.84392065,6.5791666666667,35,14,3,2,21,6,0
139228,Super Lig,24,19,1712,4,2,5.861,0.27630672,6.5833333333333,46,13,6,0,6,5,0
809220,Super Lig,17,3,326,0,0,1.2528,0.11529673,6.4076923076923,3,2,1,0,2,4,0
1127335,Super Lig,14,1,317,0,0,0.1189,0.9171048,6.6076923076923,1,1,0,0,6,3,0
2311147,Super Lig,3,0,29,0,0,0.2314,,6.5,1,0,0,0,1,0,0
1172372,Super Lig,12,7,734,0,1,0.8076,0.50007246,6.5083333333333,13,1,3,0,7,3,0
965015,Super Lig,24,23,1951,3,2,2.5761,0.95306667,6.7125,29,15,5,1,39,11,0
839110,Super Lig,1,1,42,0,0,,0.00520662,7,0,0,0,0,3,1,0
904845,Super Lig,25,24,2168,0,1,0.4591,0.28671724,6.9,15,2,1,0,37,21,0
997007,Super Lig,28,25,1926,0,5,2.1284,4.24952303,6.6964285714286,23,3,2,0,30,15,0
979109,Super Lig,14,3,340,1,0,0.948,0.12081029,6.5363636363636,4,1,0,0,6,1,0
1099267,Super Lig,2,2,147,0,0,,0.00321606,6.4,0,0,0,0,4,3,0
900809,Super Lig,28,17,1627,4,2,2.7188,2.83192157,6.7428571428571,42,13,2,0,16,11,0
1063942,Super Lig,21,19,1409,4,2,1.6723,1.33498783,6.9380952380952,23,8,5,0,15,9,0
980608,Super Lig,23,2,485,0,1,0.4414,0.79477776,6.7285714285714,6,2,3,0,14,9,0
807291,Super Lig,27,27,2430,0,1,0.5707,1.99763386,6.5407407407407,14,4,11,0,52,22,0
257497,Super Lig,29,29,2547,2,0,2.0184,0.32285401,6.9344827586207,17,4,4,0,38,34,0
863277,Super Lig,28,27,2439,2,0,1.4819,0.28053041,6.6714285714286,11,6,3,2,45,32,0
355582,Super Lig,30,28,2482,2,0,1.3032,0.86752837,6.7466666666667,21,5,4,0,38,43,0
320905,Super Lig,21,13,1280,0,0,0.0205,1.14303571,6.5105263157895,1,0,1,0,23,10,0
883275,Super Lig,13,4,431,0,0,0.1436,0.68919299,6.5230769230769,6,1,1,0,17,5,0
904112,Super Lig,4,2,147,0,0,0.0853,0.00814779,6.4333333333333,1,0,0,0,0,1,0
845792,Super Lig,19,19,1710,0,0,,0.03925479,7.2210526315789,0,0,0,0,1,0,69
997705,Super Lig,7,7,630,0,0,,0.02215877,7.0857142857143,0,0,1,0,0,0,24
869839,Super Lig,28,19,1760,4,0,5.1441,1.32824305,6.6785714285714,30,16,4,0,7,4,0
957798,Super Lig,14,8,720,4,0,3.3501,0.19296344,6.6923076923077,17,6,4,0,16,8,0
2460449,Super Lig,3,0,26,0,0,,8.009e-05,6.6,0,0,0,0,2,0,0
1064080,Super Lig,22,14,1215,1,1,0.7837,1.12836248,6.6318181818182,11,3,5,0,19,3,0
954090,Super Lig,11,6,553,0,1,0.34,1.02993444,6.6454545454545,7,0,0,0,8,3,0
343527,Super Lig,21,10,991,3,0,3.1364,1.90452258,6.8,25,9,3,0,32,8,0
335317,Super Lig,3,0,63,0,0,0.0432,0.04596531,6.6666666666667,1,1,0,0,1,1,0
896596,Super Lig,12,9,696,0,0,0.7912,0.7908173,6.75,12,1,2,0,21,7,0
2169898,Super Lig,2,0,13,0,0,,0.00029301,6.6,0,0,0,0,0,0,0
1215110,Super Lig,14,13,1178,0,0,0.2892,0.49315671,6.9142857142857,4,1,1,0,30,20,0
171911,Super Lig,18,9,829,0,0,0.1803,0.28550788,6.6647058823529,5,3,6,0,21,9,0
2266454,Super Lig,3,0,22,0,0,,1.107e-05,6.55,0,0,0,0,1,0,0
1622183,Super Lig,12,3,341,1,0,0.6777,0.05386654,6.6818181818182,7,2,2,0,5,3,0
988906,Super Lig,18,15,1285,0,1,0.3061,0.97834121,6.8111111111111,7,2,1,0,30,9,0
580750,Super Lig,10,9,757,0,2,0.0928,0.02534044,6.37,2,1,3,0,10,8,0
998209,Super Lig,13,12,1057,0,0,0.4999,0.06154318,6.8,7,0,2,0,9,12,0
609746,Super Lig,19,16,1478,0,2,0.3446,0.78618984,6.5736842105263,9,0,2,0,28,25,0
1102676,Super Lig,11,3,360,0,1,0.073,0.40995674,6.5,3,0,0,1,2,6,0
1084164,Super Lig,16,12,1051,1,0,0.433,0.73552363,6.79375,12,4,2,0,29,16,0
999646,Super Lig,5,4,358,0,0,0.0117,0.10518835,6.52,1,1,1,1,5,8,0
1138102,Super Lig,8,7,548,0,0,0.2341,0.10624151,6.4625,4,0,0,2,6,12,0
1618417,Super Lig,2,1,68,0,0,,0.00191677,7.1,0,0,0,0,3,1,0
358524,Super Lig,19,19,1710,0,0,,0.05327414,7.1,0,0,0,0,0,0,61
1210422,Super Lig,10,10,900,0,0,,0.03438714,7.22,0,0,3,0,0,0,36
814599,Super Lig,9,6,548,0,0,0.9958,1.24927299,6.4333333333333,9,3,1,0,2,1,0
928418,Super Lig,24,19,1710,8,0,8.5112,0.50443676,6.8208333333333,49,18,2,0,6,1,0
985412,Super Lig,17,4,597,2,0,2.5092,0.26694263,6.4941176470588,26,8,1,0,8,2,0
1088715,Super Lig,13,1,164,2,2,0.6569,0.03401057,6.725,7,3,1,0,4,0,0
976993,Super Lig,7,1,163,0,1,0.0275,0.1742235,6.5,1,1,1,0,1,2,0
354558,Super Lig,27,25,2189,4,2,2.5528,2.64919059,6.9518518518519,40,18,2,1,17,21,0
836686,Super Lig,10,0,253,0,1,0.0139,0.67172312,6.5888888888889,1,1,0,0,13,5,0
1136727,Super Lig,1,0,10,0,0,,0.00136564,6.6,0,0,0,0,1,1,0
802850,Super Lig,18,16,1254,0,0,0.1074,0.47144577,6.8235294117647,6,0,6,0,21,13,0
859748,Super Lig,22,12,1050,0,1,1.4775,0.56265565,6.5,9,5,2,0,23,9,0
344009,Super Lig,28,28,2494,2,4,4.9523,6.7185392,6.7428571428571,62,19,6,0,34,6,0
857376,Super Lig,23,15,1405,0,4,1.3227,3.52868409,6.8363636363636,21,3,2,1,18,6,0
955978,Super Lig,8,5,416,0,0,1.1038,0.41622936,6.5,13,7,3,0,6,2,0
796133,Super Lig,21,13,1043,0,0,0.302,0.73230324,6.4666666666667,7,0,4,1,20,17,0
795001,Super Lig,7,1,156,0,0,0.0585,0.2820798,6.6428571428571,2,1,3,0,3,1,0
226992,Super Lig,23,19,1605,1,0,1.3086,0.99752412,6.7565217391304,18,9,7,0,61,26,0
781408,Super Lig,27,24,2038,0,2,0.4834,1.33845378,6.5037037037037,12,1,7,0,32,23,0
1035954,Super Lig,1,0,18,0,0,,0.0577645,6.9,0,0,0,0,3,0,0
1011955,Super Lig,8,0,138,0,0,0.02,0.06843744,6.5571428571429,1,0,1,0,4,0,0
359332,Super Lig,3,3,270,0,0,,0.00978685,7.3,0,0,1,0,7,10,0
1142702,Super Lig,5,2,191,0,0,0.0162,0.03502034,6.56,1,1,0,0,5,0,0
97404,Super Lig,28,28,2497,1,0,1.5268,0.63528689,6.675,22,2,3,0,27,18,0
296438,Super Lig,9,7,673,0,0,0.7208,1.05825755,6.4555555555556,3,0,1,0,5,9,0
325155,Super Lig,26,17,1701,0,0,0.7638,0.54646007,6.8538461538462,6,1,2,0,34,23,0
122922,Super Lig,20,19,1542,0,0,,0.52912477,6.645,0,0,4,0,27,23,0
1982283,Super Lig,4,1,93,0,0,,0.00520949,6.275,0,0,0,0,4,5,0
900798,Super Lig,8,5,384,0,0,,0.08282134,6.475,0,0,3,0,6,6,0
1550760,Super Lig,1,1,90,0,0,,0.00039151,6.3,0,0,0,0,0,0,2
825850,Super Lig,24,24,2160,0,0,,0.06084546,7.0458333333333,0,0,5,0,1,0,89
213542,Super Lig,4,4,360,0,0,,0.00680473,6.7,0,0,1,0,0,0,13
605580,Super Lig,7,6,462,1,3,1.4902,1.3271098,6.9571428571429,16,10,0,0,0,7,0
1134447,Super Lig,25,13,1349,1,3,2.7341,1.17630101,6.4833333333333,28,9,2,0,18,3,0
2430477,Super Lig,11,1,229,1,0,0.6406,0.06738024,6.5818181818182,9,3,0,0,5,0,0
2430490,Super Lig,4,0,44,0,0,0.0285,0.01442131,6.35,1,1,0,0,0,0,0
2018983,Super Lig,10,2,292,0,0,0.1405,0.16671555,6.36,6,1,1,0,7,1,0
941378,Super Lig,9,3,302,0,0,0.4274,0.05998259,6.3222222222222,12,3,0,0,10,4,0
997165,Super Lig,17,8,859,1,0,0.4184,0.64215143,6.9,13,5,2,0,17,6,0
295159,Super Lig,19,19,1505,1,0,0.9162,0.37803088,6.6368421052632,8,2,5,1,29,11,0
849301,Super Lig,29,24,2003,8,1,6.5631,1.69986888,6.8724137931034,37,13,2,0,38,6,0
229800,Super Lig,19,18,1377,1,3,3.0853,2.54112868,6.6526315789474,26,9,1,0,21,18,0
806964,Super Lig,29,22,2047,0,1,1.5499,1.27913579,6.6068965517241,24,3,1,0,21,13,0
291237,Super Lig,17,11,1017,1,3,0.7535,1.61692046,6.6941176470588,6,2,4,0,6,10,0
1534046,Super Lig,25,12,1108,1,2,2.0536,1.16343272,6.5666666666667,25,10,4,0,16,11,0
317677,Super Lig,8,3,324,0,0,0.3902,0.13868254,6.45,4,2,1,0,3,4,0
1082393,Super Lig,1,0,8,0,0,,1.272e-05,6.4,0,0,0,0,0,0,0
221566,Super Lig,10,10,900,0,1,0.367,0.08002686,6.89,4,0,1,0,12,12,0
126680,Super Lig,8,8,669,1,0,0.3514,0.65786145,6.8375,5,1,1,0,5,14,0
97000,Super Lig,22,20,1818,0,0,0.0552,1.19772164,6.4333333333333,2,0,3,0,46,20,0
233252,Super Lig,10,10,785,0,0,0.1291,0.29651075,6.51,2,1,1,0,8,14,0
962620,Super Lig,21,12,1078,0,2,0.1927,0.81095974,6.74,5,1,1,0,22,20,0
1198959,Super Lig,12,10,978,1,0,0.5152,0.05880359,6.6083333333333,5,1,4,0,13,14,0
1640309,Super Lig,1,0,8,0,0,,0.00138392,6.4,0,0,0,0,0,0,0
2044133,Super Lig,9,6,595,0,0,0.0963,0.09632905,6.3333333333333,3,1,1,0,6,14,0
807093,Super Lig,4,2,227,0,0,,0.0114075,6.5333333333333,0,0,1,0,5,0,0
283847,Super Lig,30,30,2700,0,0,,0.03454295,7.1433333333333,0,0,3,0,5,1,107
